Work Order Number,Primary Resident,Created At,Amount,Resident Requested
15554-1,"Richardson, Julie L.",2016-08-03 00:00:00,0.0,Yes
15695-1,"Walker, Carol M.",2016-08-07 00:00:00,0.0,Yes
15696-1,"Walker, Carol M.",2016-08-07 00:00:00,0.0,Yes
15697-1,"Walker, Carol M.",2016-08-07 00:00:00,0.0,Yes
15844-1,Business Tenant 1,2016-08-11 00:00:00,0.0,No
15899-1,"Turner, Kelly N.",2016-08-12 00:00:00,0.0,Yes
16172-1,"Turner, Kelly N.",2016-08-22 00:00:00,0.0,Yes
16459-1,"Diaz, Walter P.",2016-08-31 00:00:00,0.0,Yes
16737-1,Business Tenant 6,2016-09-11 00:00:00,0.0,No
16738-1,Business Tenant 3,2016-09-11 00:00:00,0.0,No
17165-1,"Diaz, Walter P.",2016-09-28 00:00:00,0.0,Yes
17390-1,"Turner, Kelly N.",2016-10-06 00:00:00,0.0,Yes
17391-1,"Jackson, Sharon Q.",2016-10-06 00:00:00,0.0,Yes
17393-1,"Gonzalez, Sarah R.",2016-10-07 00:00:00,0.0,Yes
17409-1,"Edwards, Samuel S.",2016-10-07 00:00:00,0.0,Yes
17544-1,"Jackson, Sharon Q.",2016-10-12 00:00:00,0.0,Yes
17759-1,"Mendoza, Stephanie T.",2016-10-19 00:00:00,0.0,Yes
17915-1,"Cox, Susan U.",2016-10-24 00:00:00,0.0,Yes
18183-1,"Hughes, Emily F.",2016-11-01 00:00:00,0.0,Yes
18370-1,"Jones, Jonathan V.",2016-11-06 00:00:00,0.0,Yes
18448-1,"Robinson, Angela W.",2016-11-09 00:00:00,0.0,Yes
18706-1,"Cox, Susan U.",2016-11-18 00:00:00,0.0,Yes
18875-1,"Cox, Susan U.",2016-11-26 00:00:00,0.0,Yes
19124-1,"Mendoza, Stephanie T.",2016-12-04 00:00:00,0.0,Yes
19184-1,"Martin, Karen Y.",2016-12-06 00:00:00,0.0,Yes
19198-1,Business Tenant 7,2016-12-06 00:00:00,0.0,Yes
19447-1,"Hughes, Emily F.",2016-12-14 00:00:00,0.0,Yes
19477-1,"Richardson, Julie L.",2016-12-15 00:00:00,0.0,Yes
19601-1,"Cox, Susan U.",2016-12-18 00:00:00,0.0,Yes
19963-1,"Salinas Cortes, Katherine R.",2017-01-04 00:00:00,0.0,No
19972-1,Business Tenant 1,2017-01-04 00:00:00,0.0,No
19973-1,Business Tenant 8,2017-01-04 00:00:00,0.0,No
19994-1,Business Tenant 7,2017-01-05 00:00:00,0.0,No
19995-1,"Parker, Linda A.",2017-01-05 00:00:00,0.0,No
20092-1,"Allen, Rebecca B.",2017-01-07 00:00:00,0.0,No
20130-1,"Cox, Susan U.",2017-01-09 00:00:00,0.0,Yes
20154-1,"Thomas, William C.",2017-01-10 00:00:00,0.0,No
20155-1,Business Tenant 7,2017-01-10 00:00:00,0.0,No
20188-1,"Torres, Anna D.",2017-01-11 00:00:00,0.0,No
20204-1,"Kim, Christine E.",2017-01-11 00:00:00,0.0,No
20205-1,"Kim, Christine E.",2017-01-11 00:00:00,0.0,No
20207-1,"Ruiz, Janet F.",2017-01-11 00:00:00,0.0,Yes
20234-1,Business Tenant 3,2017-01-12 00:00:00,0.0,No
20248-1,"Turner, Kelly N.",2017-01-13 00:00:00,0.0,No
20289-1,Business Tenant 7,2017-01-15 00:00:00,0.0,No
20290-1,"Bennett, Jennifer G.",2017-01-15 00:00:00,0.0,No
20298-1,"Richardson, Julie L.",2017-01-16 00:00:00,0.0,Yes
20331-1,"Jones, Jonathan V.",2017-01-16 00:00:00,0.0,Yes
20609-1,"Edwards, Samuel S.",2017-01-27 00:00:00,0.0,Yes
20610-1,"King, Alexander H.",2017-01-27 00:00:00,0.0,Yes
20972-1,"Cox, Susan U.",2017-02-09 00:00:00,0.0,Yes
21123-1,"Robinson, Angela W.",2017-02-15 00:00:00,0.0,Yes
21362-1,"Richardson, Julie L.",2017-02-25 00:00:00,0.0,Yes
21457-1,"Cox, Susan U.",2017-03-01 00:00:00,0.0,Yes
21530-1,"Hughes, Emily F.",2017-03-03 00:00:00,0.0,Yes
21812-1,"Cox, Susan U.",2017-03-14 00:00:00,0.0,Yes
21934-1,"King, Alexander H.",2017-03-20 00:00:00,0.0,Yes
22267-1,"Robinson, Angela W.",2017-04-02 00:00:00,0.0,Yes
22268-1,"Davis, Joshua K.",2017-04-02 00:00:00,0.0,Yes
22269-1,"Davis, Joshua K.",2017-04-02 00:00:00,0.0,Yes
22292-1,"Davis, Joshua K.",2017-04-03 00:00:00,0.0,Yes
22350-1,"Davis, Joshua K.",2017-04-04 00:00:00,0.0,Yes
22431-1,"Robinson, Angela W.",2017-04-06 00:00:00,0.0,Yes
22749-1,Business Tenant 1,2017-04-18 00:00:00,0.0,Yes
22903-1,Business Tenant 1,2017-04-24 00:00:00,0.0,Yes
23170-1,"Cox, Susan U.",2017-05-02 00:00:00,0.0,Yes
23332-1,Business Tenant 1,2017-05-08 00:00:00,0.0,Yes
23419-1,"Richardson, Julie L.",2017-05-10 00:00:00,0.0,Yes
23421-1,"Turner, Kelly N.",2017-05-10 00:00:00,0.0,Yes
23726-1,Business Tenant 1,2017-05-22 00:00:00,0.0,Yes
23848-1,"Watson, Peter J.",2017-05-24 00:00:00,0.0,Yes
23850-1,"Rivera, Kimberly K.",2017-05-24 00:00:00,0.0,Yes
24242-1,"Richardson, Julie L.",2017-06-06 00:00:00,0.0,Yes
24251-1,"Watson, Peter J.",2017-06-06 00:00:00,0.0,Yes
24252-1,"Chavez, Samantha L.",2017-06-07 00:00:00,0.0,Yes
24991-1,"Hill, Jose M.",2017-06-30 00:00:00,0.0,No
26918-1,"Bailey, Dennis N.",2017-08-28 00:00:00,0.0,Yes
27965-1,"Bailey, Dennis N.",2017-10-06 00:00:00,0.0,Yes
28596-1,"Bailey, Dennis N.",2017-11-01 00:00:00,0.0,Yes
28995-1,"Bailey, Dennis N.",2017-11-15 00:00:00,0.0,Yes
29075-1,"Rivera, Kimberly K.",2017-11-20 00:00:00,0.0,Yes
29454-1,"Davis, Debra P.",2017-12-11 00:00:00,0.0,Yes
30616-1,"Bailey, Dennis N.",2018-01-27 00:00:00,0.0,Yes
30689-1,"Ramirez, Henry H.",2018-01-30 00:00:00,0.0,No
32562-1,"James, Gary Q.",2018-04-14 00:00:00,0.0,Yes
32658-1,"Phillips, David R.",2018-04-19 00:00:00,0.0,Yes
33309-1,Business Tenant 3,2018-05-14 00:00:00,0.0,No
34117-1,"Lee, Paul S.",2018-06-10 00:00:00,0.0,Yes
34424-1,"Campbell, Raymond C.",2018-06-21 00:00:00,0.0,No
34480-1,"Perez, Jeffrey T.",2018-06-24 00:00:00,0.0,Yes
35927-1,"Cox, Susan U.",2018-07-31 00:00:00,0.0,Yes
36209-1,"Martinez, Gregory A.",2018-08-07 00:00:00,0.0,Yes
36353-1,Business Tenant 5,2018-08-10 00:00:00,0.0,Yes
40211-1,"Garcia, Stephen U.",2018-11-27 00:00:00,0.0,Yes
40297-1,"Kelly, Rachel W.",2018-11-29 00:00:00,0.0,Yes
40306-1,"Kelly, Rachel W.",2018-11-29 00:00:00,0.0,Yes
43197-1,"Hughes, Emily F.",2019-02-22 00:00:00,0.0,No
43321-1,"Anderson, Ashley B.",2019-02-26 00:00:00,0.0,No
43673-1,"Roberts, Jack Q.",2019-03-08 00:00:00,0.0,Yes
43933-1,"Hernandez, Victoria J.",2019-03-17 00:00:00,0.0,Yes
44823-1,"Martinez, Gregory A.",2019-04-12 00:00:00,0.0,Yes
45302-1,"Wilson, Donna P.",2019-04-23 00:00:00,0.0,Yes
46455-1,"Wright, Tyler N.",2019-05-18 00:00:00,0.0,Yes
46473-1,"Baker, Eric V.",2019-05-19 00:00:00,0.0,Yes
46475-1,"Wright, Tyler N.",2019-05-19 00:00:00,0.0,Yes
46482-1,Business Tenant 9,2019-05-19 00:00:00,0.0,Yes
46615-1,Business Tenant 9,2019-05-22 00:00:00,0.0,Yes
46616-1,"Hernandez, Victoria J.",2019-05-22 00:00:00,0.0,Yes
46648-1,Business Tenant 9,2019-05-22 00:00:00,0.0,Yes
46649-1,Business Tenant 9,2019-05-22 00:00:00,0.0,Yes
47029-1,"Brown, Helen G.",2019-05-29 00:00:00,0.0,Yes
47080-1,"Hernandez, Victoria J.",2019-05-30 00:00:00,0.0,Yes
47902-1,"Kelly, Rachel W.",2019-06-17 00:00:00,0.0,Yes
47922-1,"Moore, Charles S.",2019-06-18 00:00:00,0.0,Yes
48472-1,"Wright, Tyler N.",2019-06-29 00:00:00,0.0,Yes
48693-1,Business Tenant 10,2019-07-03 00:00:00,0.0,Yes
48709-1,Business Tenant 10,2019-07-03 00:00:00,0.0,Yes
49068-1,Business Tenant 11,2019-07-10 00:00:00,0.0,Yes
49536-1,"Ramos, Heather J.",2019-07-19 00:00:00,0.0,Yes
49575-1,"Clark, Evelyn E.",2019-07-20 00:00:00,0.0,Yes
50108-1,"Chavez, Charles J.",2019-07-30 00:00:00,0.0,Yes
50159-1,"Cox, Susan U.",2019-08-01 00:00:00,0.0,Yes
50299-1,Business Tenant 2,2019-08-03 00:00:00,0.0,Yes
50725-1,"Evans, Christina D.",2019-08-12 00:00:00,0.0,Yes
50832-1,"Wilson, Donna P.",2019-08-14 00:00:00,0.0,Yes
51294-1,Business Tenant 9,2019-08-22 00:00:00,0.0,Yes
51476-1,"Ruiz, Amanda D.",2019-08-26 00:00:00,0.0,No
51772-1,"Chavez, Charles J.",2019-09-02 00:00:00,0.0,Yes
51790-1,"Garcia, Ronald S.",2019-09-02 00:00:00,0.0,Yes
51953-1,"Wilson, Donna P.",2019-09-05 00:00:00,0.0,Yes
52249-1,Business Tenant 10,2019-09-11 00:00:00,0.0,Yes
52312-1,"Nelson, Diane T.",2019-09-12 00:00:00,0.0,Yes
52528-1,"Hernandez, Victoria J.",2019-09-17 00:00:00,0.0,Yes
61922-1,"Mitchell, Kevin H.",2019-09-28 00:00:00,0.0,Yes
63017-1,"James, Rachel N.",2019-10-23 00:00:00,0.0,Yes
63807-1,"Mitchell, Kevin H.",2019-11-09 00:00:00,0.0,Yes
63822-1,"Gutierrez, Thomas K.",2019-11-10 00:00:00,0.0,Yes
64094-1,"Watson, Sandra G.",2019-11-17 00:00:00,0.0,Yes
64492-1,"James, Rachel N.",2019-11-30 00:00:00,0.0,Yes
65393-1,"Kelly, Rachel W.",2019-12-26 00:00:00,0.0,Yes
66191-1,Business Tenant 12,2020-01-18 00:00:00,0.0,Yes
66472-1,"Morales, Carolyn W.",2020-01-27 00:00:00,0.0,Yes
67042-1,"Garcia, Ronald S.",2020-02-11 00:00:00,0.0,Yes
67150-1,"Morris, Judith B.",2020-02-14 00:00:00,0.0,Yes
67635-1,Business Tenant 13,2020-02-26 00:00:00,0.0,No
67793-1,"Kelly, Rachel W.",2020-03-01 00:00:00,0.0,Yes
67867-1,"Campbell, Raymond C.",2020-03-02 00:00:00,0.0,Yes
68347-1,"Gray, Emma T.",2020-03-15 00:00:00,0.0,Yes
68706-1,"Williams, Daniel V.",2020-03-26 00:00:00,0.0,Yes
68833-1,Business Tenant 14,2020-03-31 00:00:00,0.0,No
68838-1,Business Tenant 15,2020-03-31 00:00:00,0.0,No
68839-1,Business Tenant 10,2020-03-31 00:00:00,0.0,No
68840-1,Business Tenant 16,2020-03-31 00:00:00,0.0,No
68894-1,Business Tenant 12,2020-04-01 00:00:00,0.0,No
68895-1,"Chavez, Charles J.",2020-04-01 00:00:00,0.0,No
69156-1,"Lewis, Shirley R.",2020-04-10 00:00:00,0.0,Yes
69175-1,"Howard, Betty Y.",2020-04-10 00:00:00,0.0,Yes
69236-1,"Lewis, Shirley R.",2020-04-13 00:00:00,0.0,Yes
69662-1,"Ramos, Heather J.",2020-04-29 00:00:00,0.0,No
69672-1,"Morales, Carolyn W.",2020-04-29 00:00:00,0.0,Yes
69980-1,"Campbell, Raymond C.",2020-05-07 00:00:00,0.0,Yes
70277-1,"Cooper, Jason D.",2020-05-17 00:00:00,0.0,Yes
70298-1,"Cooper, Jason D.",2020-05-18 00:00:00,0.0,Yes
70359-1,"Davis, Scott P.",2020-05-18 00:00:00,0.0,Yes
70656-1,"Cooper, Jason D.",2020-05-24 00:00:00,0.0,Yes
70657-1,"Cooper, Jason D.",2020-05-24 00:00:00,0.0,Yes
70658-1,"Carter, Frank H.",2020-05-24 00:00:00,0.0,Yes
70999-1,"Mitchell, Kevin H.",2020-05-30 00:00:00,0.0,Yes
71181-1,"White, Deborah E.",2020-06-03 00:00:00,0.0,Yes
71223-1,"Thompson, Jeffrey H.",2020-06-04 00:00:00,0.0,Yes
71521-1,"Johnson, Timothy G.",2020-06-10 00:00:00,0.0,Yes
71736-1,"Young, James W.",2020-06-16 00:00:00,0.0,Yes
72003-1,"James, Rachel N.",2020-06-24 00:00:00,0.0,Yes
72122-1,"Williams, Daniel V.",2020-06-27 00:00:00,0.0,Yes
73959-1,"Richardson, Donald L.",2020-08-06 00:00:00,0.0,Yes
73984-1,"Lewis, John P.",2020-08-07 00:00:00,0.0,Yes
74390-1,"Harris, Melissa F.",2020-08-17 00:00:00,0.0,Yes
76802-1,"Cooper, Jason D.",2020-10-09 00:00:00,0.0,Yes
81849-1,"Davis, Scott P.",2021-02-22 00:00:00,0.0,Yes
83322-1,"Garcia, Julie U.",2021-04-03 00:00:00,0.0,Yes
84150-1,"Kim, Nancy A.",2021-04-27 00:00:00,0.0,Yes
84412-1,"Roberts, Sandra Q.",2021-05-03 00:00:00,0.0,Yes
86477-1,"Mitchell, Kevin H.",2021-06-25 00:00:00,0.0,Yes
86646-1,"Morris, Judith B.",2021-06-28 00:00:00,0.0,Yes
86679-1,"Torres, Laura D.",2021-06-29 00:00:00,0.0,Yes
86706-1,"Morris, Judith B.",2021-06-29 00:00:00,0.0,Yes
86839-1,"Anderson, Stephanie D.",2021-07-02 00:00:00,0.0,Yes
86886-1,"Howard, Betty Y.",2021-07-03 00:00:00,0.0,Yes
86981-1,"Morris, Judith B.",2021-07-06 00:00:00,0.0,Yes
87279-1,"Morris, Judith B.",2021-07-13 00:00:00,0.0,Yes
87290-1,"Garcia, Julie U.",2021-07-14 00:00:00,0.0,Yes
87424-1,"Hernandez, Victoria J.",2021-07-18 00:00:00,0.0,Yes
87438-1,"Thompson, Benjamin K.",2021-07-18 00:00:00,0.0,Yes
87727-1,"James, Brandon Q.",2021-07-26 00:00:00,0.0,Yes
87745-1,"Jackson, Jessica Q.",2021-07-26 00:00:00,0.0,Yes
87747-1,"Jackson, Jessica Q.",2021-07-26 00:00:00,0.0,Yes
88467-1,"Johnson, Brandon G.",2021-08-15 00:00:00,0.0,Yes
88545-1,"Stewart, Jacob M.",2021-08-17 00:00:00,0.0,Yes
88895-1,"Johnson, Brandon G.",2021-08-25 00:00:00,0.0,Yes
88918-1,"Johnson, Brandon G.",2021-08-26 00:00:00,0.0,Yes
88950-1,"Johnson, Brandon G.",2021-08-26 00:00:00,0.0,Yes
88954-1,"Wilson, Donna P.",2021-08-27 00:00:00,0.0,Yes
89015-1,"Johnson, Brandon G.",2021-08-28 00:00:00,0.0,Yes
89420-1,"Johnson, Brandon G.",2021-09-07 00:00:00,0.0,Yes
89443-1,"Hill, Jason H.",2021-09-07 00:00:00,0.0,Yes
89459-1,"Johnson, Brandon G.",2021-09-07 00:00:00,0.0,Yes
89461-1,"Johnson, Brandon G.",2021-09-07 00:00:00,0.0,Yes
89650-1,"Jackson, Jessica Q.",2021-09-13 00:00:00,0.0,Yes
89714-1,"Johnson, Brandon G.",2021-09-15 00:00:00,0.0,Yes
89897-1,"Johnson, Brandon G.",2021-09-21 00:00:00,0.0,Yes
89898-1,"Johnson, Brandon G.",2021-09-21 00:00:00,0.0,Yes
89899-1,"Johnson, Brandon G.",2021-09-21 00:00:00,0.0,Yes
90070-1,"Johnson, Brandon G.",2021-09-25 00:00:00,0.0,Yes
90311-1,"Evans, Jonathan F.",2021-10-01 00:00:00,0.0,Yes
90462-1,"Brown, Linda J.",2021-10-05 00:00:00,0.0,Yes
90860-1,"Johnson, Brandon G.",2021-10-18 00:00:00,0.0,Yes
91334-1,"Evans, Jonathan F.",2021-11-02 00:00:00,0.0,Yes
91548-1,"Ramirez, Rebecca D.",2021-11-08 00:00:00,0.0,No
91606-1,"Thomas, Nicholas C.",2021-11-10 00:00:00,0.0,Yes
91936-1,"Cabral Nunez, Stephen E.",2021-11-22 00:00:00,0.0,Yes
91937-1,"Cabral Nunez, Stephen E.",2021-11-22 00:00:00,0.0,Yes
92000-1,"Cordero Vega, William E.",2021-11-26 00:00:00,0.0,Yes
92050-1,"Ward, Kelly J.",2021-11-28 00:00:00,0.0,Yes
92213-1,"Cox, Larry U.",2021-12-04 00:00:00,0.0,Yes
92643-1,"Lewis, Kimberly M.",2021-12-27 00:00:00,0.0,Yes
92961-1,"Campbell, Susan W.",2022-01-10 00:00:00,0.0,Yes
93128-1,"Lewis, Kimberly M.",2022-01-17 00:00:00,0.0,Yes
93267-1,"Evans, Jonathan Y.",2022-01-21 00:00:00,0.0,Yes
93292-1,"Garcia, Julie U.",2022-01-22 00:00:00,0.0,Yes
93413-1,"Murphy, Jerry Y.",2022-01-26 00:00:00,0.0,Yes
93415-1,"Campbell, Susan W.",2022-01-26 00:00:00,0.0,Yes
93419-1,"Harris, Jerry H.",2022-01-27 00:00:00,0.0,Yes
93539-1,"Chavez, Dorothy L.",2022-01-30 00:00:00,0.0,Yes
93577-1,"Nguyen, Sharon A.",2022-01-31 00:00:00,0.0,Yes
93614-1,"Watson, Edward C.",2022-02-01 00:00:00,0.0,Yes
93699-1,"Richardson, Donald L.",2022-02-03 00:00:00,0.0,Yes
93873-1,"Johnson, Brandon G.",2022-02-10 00:00:00,0.0,Yes
93874-1,"Johnson, Brandon G.",2022-02-10 00:00:00,0.0,Yes
94070-1,"Nelson, Jose V.",2022-02-19 00:00:00,0.0,Yes
94073-1,"Nelson, Jose V.",2022-02-19 00:00:00,0.0,Yes
94088-1,"Moore, Samantha U.",2022-02-20 00:00:00,0.0,Yes
94297-1,"Gutierrez, Anna M.",2022-02-27 00:00:00,0.0,Yes
94355-1,"Bennett, Michelle A.",2022-03-01 00:00:00,0.0,Yes
94618-1,"Rodriguez, Kenneth W.",2022-03-11 00:00:00,0.0,No
94626-1,"Roberts, Peter S.",2022-03-12 00:00:00,0.0,Yes
94640-1,"Mitchell, Barbara K.",2022-03-12 00:00:00,0.0,Yes
94642-1,"Rogers, Evelyn Q.",2022-03-12 00:00:00,0.0,Yes
94645-1,"Stewart, Christina P.",2022-03-13 00:00:00,0.0,Yes
94833-1,"Morris, Judith B.",2022-03-21 00:00:00,0.0,Yes
94902-1,"Taylor, Raymond N.",2022-03-22 00:00:00,0.0,Yes
94990-1,"Johnson, Brandon G.",2022-03-26 00:00:00,0.0,Yes
95008-1,"Thompson, Benjamin K.",2022-03-28 00:00:00,0.0,Yes
95069-1,"Brooks, Amanda Y.",2022-03-30 00:00:00,0.0,Yes
95119-1,"Brooks, Amanda Y.",2022-04-01 00:00:00,0.0,Yes
95158-1,"Taylor, Steven E.",2022-04-04 00:00:00,0.0,Yes
95169-1,"Rogers, Evelyn Q.",2022-04-04 00:00:00,0.0,Yes
95170-1,"Young, Tyler A.",2022-04-04 00:00:00,0.0,Yes
95278-1,"Cook, Victoria U.",2022-04-08 00:00:00,0.0,Yes
95306-1,"Taylor, Steven E.",2022-04-11 00:00:00,0.0,Yes
95363-1,"Stewart, Christina P.",2022-04-13 00:00:00,0.0,Yes
95365-1,"Evans, Jonathan Y.",2022-04-13 00:00:00,0.0,Yes
95445-1,"Gray, Thomas V.",2022-04-17 00:00:00,0.0,Yes
95452-1,"Roberts, Peter S.",2022-04-17 00:00:00,0.0,Yes
95488-1,"Stewart, Christina P.",2022-04-18 00:00:00,0.0,Yes
95502-1,"Cook, Victoria U.",2022-04-19 00:00:00,0.0,Yes
95764-1,"Rogers, Evelyn Q.",2022-04-30 00:00:00,0.0,Yes
95766-1,"Allen, Joan T.",2022-04-30 00:00:00,0.0,Yes
95780-1,"Rodriguez, Kenneth W.",2022-05-01 00:00:00,0.0,Yes
95822-1,"Mitchell, Barbara K.",2022-05-02 00:00:00,0.0,Yes
95869-1,"Gonzalez, Amy K.",2022-05-04 00:00:00,0.0,Yes
95917-1,"Johnson, Timothy A.",2022-05-05 00:00:00,0.0,Yes
95943-1,"Ramos, Maria L.",2022-05-06 00:00:00,0.0,Yes
95963-1,"Nelson, Jose V.",2022-05-08 00:00:00,0.0,Yes
96029-1,"Johnson, Brandon G.",2022-05-10 00:00:00,0.0,Yes
96084-1,"Flores, Kenneth L.",2022-05-12 00:00:00,0.0,Yes
96124-1,"Allen, Joan T.",2022-05-13 00:00:00,0.0,No
96147-1,"Wood, Alexander R.",2022-05-15 00:00:00,0.0,Yes
96160-1,"Taylor, Raymond G.",2022-05-16 00:00:00,0.0,No
96323-1,"Wright, Tyler N.",2022-05-23 00:00:00,0.0,Yes
96334-1,"Evans, Jonathan F.",2022-05-23 00:00:00,0.0,Yes
96336-1,"Evans, Jonathan F.",2022-05-23 00:00:00,0.0,Yes
96337-1,"Evans, Jonathan F.",2022-05-23 00:00:00,0.0,Yes
96364-1,"Murphy, Walter Y.",2022-05-24 00:00:00,0.0,Yes
96434-1,"Taylor, Steven E.",2022-05-26 00:00:00,0.0,Yes
96441-1,"Brooks, Amanda Y.",2022-05-26 00:00:00,0.0,Yes
96503-1,"Thompson, Benjamin K.",2022-05-30 00:00:00,699.0,Yes
96520-1,"Mitchell, Kevin B.",2022-05-30 00:00:00,0.0,Yes
96545-1,"Hughes, Emily F.",2022-05-31 00:00:00,0.0,No
96687-1,"Harris, Melissa F.",2022-06-05 00:00:00,0.0,Yes
96793-1,"Bailey, Deborah Q.",2022-06-09 00:00:00,0.0,Yes
96827-1,"Cox, Larry U.",2022-06-10 00:00:00,0.0,Yes
96828-1,"Cox, Larry U.",2022-06-10 00:00:00,115.0,Yes
96867-1,"White, Kyle G.",2022-06-13 00:00:00,0.0,Yes
96921-1,Business Tenant 11,2022-06-14 00:00:00,0.0,Yes
96960-1,"Williams, Daniel V.",2022-06-15 00:00:00,0.0,Yes
96966-1,"Johnson, Brandon G.",2022-06-15 00:00:00,315.5,Yes
97021-1,"Lopez, Henry T.",2022-06-18 00:00:00,0.0,Yes
97041-1,"Stewart, Christina P.",2022-06-20 00:00:00,0.0,Yes
97102-1,"Anderson, Stephanie D.",2022-06-22 00:00:00,0.0,Yes
97125-1,"Rodriguez, Kenneth W.",2022-06-23 00:00:00,0.0,Yes
97197-1,"James, Brandon Q.",2022-06-27 00:00:00,0.0,Yes
97328-1,"Johnson, Brandon G.",2022-07-01 00:00:00,0.0,Yes
97331-1,"Johnson, Brandon G.",2022-07-01 00:00:00,0.0,Yes
97357-1,"Gonzalez, Amy K.",2022-07-02 00:00:00,0.0,Yes
97385-1,"James, Brandon Q.",2022-07-03 00:00:00,318.27,Yes
97489-1,"Martinez, Paul C.",2022-07-06 00:00:00,0.0,Yes
97518-1,"Miller, Pamela V.",2022-07-07 00:00:00,0.0,Yes
97754-1,"Lee, Zachary S.",2022-07-16 00:00:00,0.0,Yes
97836-1,"Brown, Linda J.",2022-07-19 00:00:00,0.0,Yes
97837-1,"Brown, Linda J.",2022-07-19 00:00:00,0.0,Yes
97838-1,"Brown, Linda J.",2022-07-19 00:00:00,0.0,Yes
97839-1,"Brown, Linda J.",2022-07-19 00:00:00,0.0,Yes
97840-1,"Brown, Linda J.",2022-07-19 00:00:00,0.0,Yes
97841-1,"Brown, Linda J.",2022-07-19 00:00:00,0.0,Yes
97842-1,"Brown, Linda J.",2022-07-19 00:00:00,0.0,Yes
98007-1,"Diaz, Melissa R.",2022-07-23 00:00:00,0.0,Yes
98012-1,"Cabral Nunez, Stephen E.",2022-07-23 00:00:00,0.0,Yes
98071-1,"Stewart, Jacob F.",2022-07-26 00:00:00,0.0,Yes
98088-1,"Baker, Carol V.",2022-07-26 00:00:00,0.0,Yes
98093-1,"Lee, Zachary S.",2022-07-26 00:00:00,0.0,Yes
98117-1,Business Tenant 1,2022-07-27 00:00:00,569.8,No
98177-1,"Gomez, Helen S.",2022-07-30 00:00:00,0.0,Yes
98179-1,"Hernandez, Victoria J.",2022-07-30 00:00:00,0.0,Yes
98180-1,"Richardson, Ronald N.",2022-07-30 00:00:00,0.0,Yes
98212-1,"Mitchell, Kevin B.",2022-08-01 00:00:00,0.0,Yes
98229-1,"Edwards, Mark U.",2022-08-01 00:00:00,0.0,Yes
98254-1,"Mitchell, Kevin B.",2022-08-01 00:00:00,0.0,Yes
98293-1,"Smith, Ashley M.",2022-08-02 00:00:00,0.0,Yes
98302-1,"Allen, Joan T.",2022-08-03 00:00:00,0.0,Yes
98336-1,"Morris, Judith B.",2022-08-03 00:00:00,0.0,Yes
98440-1,"Gray, Thomas V.",2022-08-08 00:00:00,0.0,Yes
98470-1,"Murphy, Walter Y.",2022-08-09 00:00:00,0.0,Yes
98507-1,"White, Kyle G.",2022-08-10 00:00:00,0.0,Yes
98804-1,"Ward, Carolyn G.",2022-08-23 00:00:00,0.0,Yes
98806-1,"Wright, Jennifer Q.",2022-08-23 00:00:00,0.0,Yes
98899-1,"Hughes, Karen H.",2022-08-27 00:00:00,0.0,Yes
98967-1,"Smith, Ashley M.",2022-08-29 00:00:00,0.0,Yes
99339-1,"Campbell, Susan E.",2022-09-12 00:00:00,0.0,Yes
99392-1,"Johnson, Rachel J.",2022-09-14 00:00:00,0.0,Yes
99443-1,"Thomas, William S.",2022-09-16 00:00:00,0.0,No
99475-1,"Castro Fuentes, Sharon G.",2022-09-18 00:00:00,0.0,Yes
99499-1,"Martin, Donna B.",2022-09-19 00:00:00,0.0,Yes
99519-1,"White, Kyle G.",2022-09-19 00:00:00,0.0,Yes
99564-1,"Morris, Judith B.",2022-09-20 00:00:00,0.0,Yes
99625-1,"Ortiz, Jack A.",2022-09-22 00:00:00,0.0,Yes
99791-1,"Morris, Judith B.",2022-09-28 00:00:00,0.0,Yes
99799-1,"Morales, Kelly W.",2022-09-29 00:00:00,0.0,Yes
99856-1,"Thompson, Benjamin K.",2022-09-30 00:00:00,0.0,Yes
99885-1,"Cabral Nunez, Stephen E.",2022-10-02 00:00:00,0.0,Yes
99886-1,"Kelly, Gary A.",2022-10-02 00:00:00,0.0,Yes
99892-1,"White, Kyle G.",2022-10-02 00:00:00,0.0,Yes
99990-1,"Perez, Adam T.",2022-10-04 00:00:00,0.0,Yes
100021-1,"Castro Fuentes, Sharon G.",2022-10-05 00:00:00,0.0,Yes
100024-1,"Baker, Carol V.",2022-10-06 00:00:00,0.0,Yes
100031-1,"Jones, Jacob Y.",2022-10-06 00:00:00,0.0,Yes
100108-1,"Thompson, Judith M.",2022-10-09 00:00:00,0.0,Yes
100241-1,"Thomas, Elizabeth E.",2022-10-13 00:00:00,0.0,Yes
100247-1,"Williams, Debra Y.",2022-10-14 00:00:00,0.0,No
100261-1,"Thompson, Adam B.",2022-10-14 00:00:00,0.0,Yes
100376-1,"Rodriguez, Kenneth W.",2022-10-19 00:00:00,0.0,Yes
100398-1,"Flores, Christine N.",2022-10-19 00:00:00,0.0,Yes
100401-1,"Martinez, Paul C.",2022-10-19 00:00:00,0.0,Yes
100485-1,"Watson, Jack L.",2022-10-24 00:00:00,0.0,No
100544-1,"Williams, Daniel V.",2022-10-26 00:00:00,0.0,Yes
100583-1,"Williams, Debra Y.",2022-10-27 00:00:00,0.0,No
100637-1,"Chavez, Christopher N.",2022-10-29 00:00:00,0.0,Yes
100910-1,"Cabral Nunez, Stephen E.",2022-11-08 00:00:00,0.0,No
100922-1,"Moore, Samantha U.",2022-11-09 00:00:00,0.0,Yes
100923-1,"Moore, Samantha U.",2022-11-09 00:00:00,0.0,Yes
100924-1,"Moore, Samantha U.",2022-11-09 00:00:00,0.0,Yes
100930-1,"Turner, Douglas Q.",2022-11-09 00:00:00,0.0,No
100937-1,"Gray, Thomas V.",2022-11-09 00:00:00,0.0,No
101050-1,"Jones, Jonathan M.",2022-11-14 00:00:00,0.0,Yes
101152-1,"Murphy, Walter Y.",2022-11-16 00:00:00,0.0,No
101185-1,"Sanchez, Dennis W.",2022-11-17 00:00:00,0.0,Yes
101275-1,"Thompson, Adam B.",2022-11-20 00:00:00,0.0,Yes
101461-1,Business Tenant 11,2022-11-28 00:00:00,0.0,No
101521-1,"Mitchell, Barbara K.",2022-11-30 00:00:00,0.0,Yes
101627-1,"Nguyen, Sharon A.",2022-12-02 00:00:00,0.0,Yes
101680-1,"White, Kyle G.",2022-12-03 00:00:00,0.0,Yes
101693-1,"Ramos, Maria L.",2022-12-04 00:00:00,0.0,Yes
101777-1,"Smith, Ashley M.",2022-12-07 00:00:00,0.0,No
101850-1,"Ramos, Maria L.",2022-12-10 00:00:00,0.0,Yes
101856-1,"Gray, Thomas V.",2022-12-10 00:00:00,0.0,Yes
101862-1,"Rivera, Nathan M.",2022-12-11 00:00:00,0.0,Yes
101898-1,"Rogers, Evelyn Q.",2022-12-12 00:00:00,0.0,Yes
102449-1,"Robinson, Aaron A.",2022-12-28 00:00:00,0.0,Yes
102592-1,"White, Kyle G.",2023-01-03 00:00:00,0.0,Yes
102599-1,Business Tenant 11,2023-01-03 00:00:00,0.0,No
102745-1,"Baker, Carol V.",2023-01-06 00:00:00,0.0,Yes
103099-1,"Jackson, Joseph S.",2023-01-18 00:00:00,0.0,Yes
103348-1,"Cook, Victoria U.",2023-01-26 00:00:00,0.0,Yes
103567-1,"Chavez, Christopher N.",2023-02-06 00:00:00,0.0,Yes
103596-1,"Morales, Richard A.",2023-02-06 00:00:00,0.0,Yes
103727-1,"Morales, Richard A.",2023-02-11 00:00:00,0.0,Yes
103728-1,"Morales, Richard A.",2023-02-11 00:00:00,0.0,Yes
104584-1,"Martinez, Paul C.",2023-03-15 00:00:00,0.0,No
104586-1,"Bennett, James J.",2023-03-15 00:00:00,0.0,Yes
104813-1,"Baker, Cynthia Y.",2023-03-24 00:00:00,0.0,Yes
104842-1,"Thompson, Benjamin K.",2023-03-25 00:00:00,0.0,Yes
104843-1,"Thompson, Benjamin K.",2023-03-25 00:00:00,0.0,Yes
104869-1,"Nelson, Jose V.",2023-03-26 00:00:00,0.0,Yes
105345-1,"Morales, Richard A.",2023-04-12 00:00:00,0.0,Yes
105359-1,"Jones, Jacob Y.",2023-04-12 00:00:00,0.0,Yes
105394-1,"Jones, Jacob Y.",2023-04-12 00:00:00,0.0,Yes
105706-1,"Flores, Christine N.",2023-04-25 00:00:00,0.0,Yes
105746-1,"Howard, Lauren B.",2023-04-27 00:00:00,0.0,Yes
105753-1,"Ortiz, Sandra C.",2023-04-27 00:00:00,0.0,Yes
105788-1,"Ortiz, Sandra C.",2023-04-28 00:00:00,0.0,Yes
105830-1,"Carter, Nicole K.",2023-04-30 00:00:00,0.0,Yes
105831-1,"Carter, Nicole K.",2023-04-30 00:00:00,0.0,Yes
105854-1,"Garcia, Donald W.",2023-05-01 00:00:00,0.0,Yes
105859-1,"Campbell, Susan E.",2023-05-01 00:00:00,0.0,Yes
106311-1,"Roberts, Peter S.",2023-05-16 00:00:00,0.0,Yes
106582-1,"Wood, Alexander R.",2023-05-26 00:00:00,0.0,Yes
106820-1,"Harris, Michael V.",2023-06-02 00:00:00,0.0,Yes
106915-1,"Smith, Matthew K.",2023-06-05 00:00:00,0.0,Yes
107048-1,"Turner, Kelly E.",2023-06-08 00:00:00,0.0,Yes
107069-1,"Davis, Daniel T.",2023-06-09 00:00:00,0.0,No
107379-1,"Cabral Nunez, Stephen E.",2023-06-22 00:00:00,0.0,Yes
107448-1,"Jones, Jacob Y.",2023-06-25 00:00:00,0.0,Yes
107478-1,"White, Kyle G.",2023-06-26 00:00:00,0.0,Yes
107747-1,"Evans, Jonathan F.",2023-07-04 00:00:00,0.0,Yes
108048-1,"Harris, Michael V.",2023-07-11 00:00:00,0.0,No
108089-1,"Thompson, Benjamin K.",2023-07-12 00:00:00,0.0,Yes
108179-1,"Lee, Gregory U.",2023-07-14 00:00:00,0.0,Yes
108273-1,"Harris, Michael V.",2023-07-16 00:00:00,0.0,Yes
108274-1,"Harris, Michael V.",2023-07-16 00:00:00,0.0,Yes
108292-1,Business Tenant 11,2023-07-17 00:00:00,0.0,Yes
108301-1,"Torres, Laura D.",2023-07-17 00:00:00,0.0,Yes
108330-1,"Campbell, Raymond U.",2023-07-18 00:00:00,0.0,Yes
108336-1,"Robinson, Aaron A.",2023-07-18 00:00:00,0.0,Yes
108504-1,"White, Kyle G.",2023-07-21 00:00:00,0.0,Yes
108549-1,"Gutierrez, Emma B.",2023-07-21 00:00:00,0.0,Yes
108558-1,"Rivera, Nathan M.",2023-07-22 00:00:00,0.0,Yes
108677-1,"Phillips, Frank T.",2023-07-25 00:00:00,0.0,Yes
108844-1,"Robinson, Evelyn L.",2023-07-29 00:00:00,0.0,Yes
108845-1,"Robinson, Evelyn L.",2023-07-29 00:00:00,0.0,Yes
108879-1,"Jones, Jacob Y.",2023-07-30 00:00:00,0.0,Yes
108880-1,"Jones, Jacob Y.",2023-07-30 00:00:00,0.0,Yes
108887-1,"Robinson, Evelyn L.",2023-07-30 00:00:00,0.0,Yes
108894-1,"White, Kyle G.",2023-07-31 00:00:00,0.0,Yes
108915-1,"White, Kyle G.",2023-07-31 00:00:00,0.0,Yes
109011-1,"Robinson, Evelyn L.",2023-08-02 00:00:00,0.0,Yes
109254-1,"Turner, Kelly E.",2023-08-07 00:00:00,0.0,Yes
109263-1,"Wood, Ryan T.",2023-08-07 00:00:00,0.0,Yes
109264-1,"Wood, Ryan T.",2023-08-07 00:00:00,0.0,Yes
109273-1,"Stewart, Christina P.",2023-08-07 00:00:00,0.0,Yes
109280-1,"Watson, Jack L.",2023-08-08 00:00:00,0.0,Yes
109284-1,"Anderson, Margaret F.",2023-08-08 00:00:00,0.0,Yes
109290-1,"Martin, Donna B.",2023-08-08 00:00:00,0.0,Yes
109294-1,"Howard, Lauren B.",2023-08-08 00:00:00,0.0,Yes
109335-1,"Morales, Douglas L.",2023-08-08 00:00:00,0.0,Yes
109355-1,"Gutierrez, Emma B.",2023-08-09 00:00:00,0.0,Yes
109381-1,"Morris, Jeffrey D.",2023-08-09 00:00:00,0.0,Yes
109382-1,"Morris, Jeffrey D.",2023-08-09 00:00:00,0.0,Yes
109443-1,"Robinson, Evelyn L.",2023-08-10 00:00:00,0.0,Yes
109444-1,"Robinson, Evelyn L.",2023-08-10 00:00:00,0.0,Yes
109445-1,"Robinson, Evelyn L.",2023-08-10 00:00:00,0.0,Yes
109526-1,"Kim, Nancy G.",2023-08-13 00:00:00,0.0,Yes
109590-1,"Mendoza, Matthew V.",2023-08-15 00:00:00,0.0,Yes
109628-1,"Morales, Richard A.",2023-08-15 00:00:00,0.0,Yes
109661-1,"Williams, Daniel V.",2023-08-16 00:00:00,0.0,Yes
109714-1,"Williams, Daniel V.",2023-08-17 00:00:00,0.0,Yes
109782-1,"Gonzalez, Kevin T.",2023-08-18 00:00:00,0.0,No
109923-1,"Gonzalez, Kevin T.",2023-08-22 00:00:00,0.0,No
110196-1,"Hernandez, William L.",2023-08-28 00:00:00,0.0,Yes
110427-1,"Harris, Michael V.",2023-09-04 00:00:00,0.0,Yes
110588-1,"Smith, Ashley M.",2023-09-07 00:00:00,0.0,Yes
111040-1,"Hernandez, William L.",2023-09-20 00:00:00,0.0,Yes
111204-1,"Ramirez, Joan M.",2023-09-26 00:00:00,0.0,Yes
111224-1,"Morgan, Patricia J.",2023-09-26 00:00:00,0.0,Yes
112292-1,"Robinson, Evelyn L.",2023-10-24 00:00:00,0.0,Yes
112308-1,"Bennett, James J.",2023-10-25 00:00:00,0.0,Yes
112345-1,"Moore, Dorothy W.",2023-10-25 00:00:00,0.0,Yes
112346-1,"Moore, Dorothy W.",2023-10-25 00:00:00,0.0,Yes
112523-1,"Torres, Emma F.",2023-10-30 00:00:00,0.0,Yes
113054-1,"Wood, Ryan T.",2023-11-12 00:00:00,0.0,Yes
113187-1,"Carter, David V.",2023-11-17 00:00:00,0.0,Yes
113188-1,"Carter, David V.",2023-11-17 00:00:00,0.0,Yes
113459-1,"Williams, Daniel V.",2023-11-28 00:00:00,0.0,Yes
113806-1,"Phillips, Frank T.",2023-12-06 00:00:00,0.0,Yes
113876-1,"Nguyen, Sharon A.",2023-12-08 00:00:00,0.0,Yes
113877-1,"Nguyen, Sharon A.",2023-12-08 00:00:00,0.0,Yes
113878-1,"Nguyen, Sharon A.",2023-12-08 00:00:00,0.0,Yes
113918-1,"Robinson, Evelyn L.",2023-12-09 00:00:00,0.0,Yes
113919-1,"Robinson, Evelyn L.",2023-12-09 00:00:00,0.0,Yes
114251-1,"Robinson, Aaron A.",2023-12-20 00:00:00,0.0,Yes
114255-1,"Davis, Daniel T.",2023-12-20 00:00:00,0.0,No
114265-1,"Rivera, Nathan M.",2023-12-20 00:00:00,0.0,Yes
114326-1,"Flores, Kenneth L.",2023-12-23 00:00:00,0.0,Yes
114483-1,"Stewart, Christina P.",2023-12-30 00:00:00,0.0,Yes
114484-1,"Morris, Adam F.",2023-12-30 00:00:00,0.0,Yes
114487-1,"Wood, Ryan T.",2023-12-30 00:00:00,0.0,Yes
114489-1,"Ruiz, George H.",2023-12-30 00:00:00,0.0,Yes
114561-1,"Jones, Jacob Y.",2024-01-02 00:00:00,0.0,Yes
114723-1,"Lewis, Kimberly T.",2024-01-05 00:00:00,0.0,Yes
114724-1,"Chavez, Christopher N.",2024-01-05 00:00:00,0.0,Yes
114753-1,"Phillips, Frank T.",2024-01-07 00:00:00,0.0,Yes
115367-1,"James, Timothy S.",2024-01-21 00:00:00,0.0,Yes
115489-1,"Salinas Cortes, Katherine R.",2024-01-24 00:00:00,0.0,No
115515-1,"Peterson, Julie G.",2024-01-24 00:00:00,0.0,Yes
115639-1,"Thompson, Judith M.",2024-01-28 00:00:00,0.0,Yes
115717-1,"Harris, Michael V.",2024-01-30 00:00:00,0.0,No
115766-1,"Scott, Andrew D.",2024-02-01 00:00:00,0.0,Yes
115853-1,"Morris, Jeffrey D.",2024-02-04 00:00:00,0.0,Yes
115863-1,"Scott, Andrew D.",2024-02-04 00:00:00,0.0,Yes
116025-1,"Gray, Anna H.",2024-02-09 00:00:00,0.0,Yes
116057-1,"Bailey, Deborah Q.",2024-02-12 00:00:00,0.0,Yes
116224-1,"Rivera, Nathan M.",2024-02-17 00:00:00,0.0,Yes
116793-1,"Wood, Ryan T.",2024-03-07 00:00:00,0.0,Yes
116830-1,"Mitchell, Barbara K.",2024-03-08 00:00:00,0.0,Yes
116833-1,"Mitchell, Sarah M.",2024-03-08 00:00:00,0.0,Yes
116836-1,"Cuevas Bermudez, Daniel H.",2024-03-08 00:00:00,0.0,Yes
116848-1,"Kim, Nancy G.",2024-03-08 00:00:00,0.0,Yes
116849-1,"Miller, Eric F.",2024-03-08 00:00:00,0.0,Yes
116855-1,"Mitchell, Barbara K.",2024-03-09 00:00:00,0.0,Yes
116856-1,"Cook, Nicholas J.",2024-03-09 00:00:00,0.0,Yes
116857-1,"Cuevas Bermudez, Daniel H.",2024-03-09 00:00:00,0.0,Yes
116858-1,"Wood, Ryan T.",2024-03-09 00:00:00,0.0,Yes
116859-1,"Morris, Adam F.",2024-03-09 00:00:00,0.0,Yes
116861-1,"Ramos, Maria L.",2024-03-09 00:00:00,0.0,Yes
116979-1,"Smith, Ashley M.",2024-03-13 00:00:00,0.0,Yes
117013-1,"Harris, Walter K.",2024-03-14 00:00:00,0.0,Yes
117014-1,"Cuevas Bermudez, Daniel H.",2024-03-14 00:00:00,0.0,Yes
117015-1,"Nelson, Anthony Y.",2024-03-14 00:00:00,0.0,Yes
117016-1,"Morris, Adam F.",2024-03-14 00:00:00,0.0,Yes
117121-1,"Roberts, Peter S.",2024-03-18 00:00:00,0.0,Yes
117159-1,"Roberts, Peter S.",2024-03-19 00:00:00,0.0,Yes
117246-1,"Roberts, Peter S.",2024-03-21 00:00:00,0.0,Yes
117276-1,"Morgan, Jessica W.",2024-03-22 00:00:00,0.0,Yes
117281-1,"Roberts, Peter S.",2024-03-22 00:00:00,0.0,Yes
117373-1,"Roberts, Peter S.",2024-03-25 00:00:00,0.0,Yes
117411-1,"Smith, Ashley M.",2024-03-26 00:00:00,0.0,Yes
118441-1,"Allen, Katherine D.",2024-04-23 00:00:00,0.0,Yes
118442-1,"Chavez, Christopher N.",2024-04-23 00:00:00,0.0,Yes
118460-1,"Thomas, Elizabeth E.",2024-04-23 00:00:00,0.0,Yes
118506-1,"Miller, Carol H.",2024-04-25 00:00:00,0.0,Yes
119176-1,"Morris, Adam F.",2024-05-14 00:00:00,0.0,Yes
119196-1,"Baker, Cynthia Y.",2024-05-14 00:00:00,0.0,Yes
119253-1,"Johnson, Rachel J.",2024-05-15 00:00:00,0.0,Yes
119267-1,"Evans, Jonathan F.",2024-05-16 00:00:00,0.0,Yes
119268-1,Business Tenant 1,2024-05-16 00:00:00,0.0,No
119375-1,"Wright, Michelle S.",2024-05-18 00:00:00,0.0,Yes
119386-1,"Peterson, Julie G.",2024-05-18 00:00:00,0.0,Yes
119471-1,"Ramirez, Joan M.",2024-05-20 00:00:00,0.0,Yes
119486-1,"Lee, Gregory U.",2024-05-21 00:00:00,0.0,Yes
119556-1,"Wilson, Karen T.",2024-05-22 00:00:00,0.0,Yes
119687-1,"Gomez, Linda U.",2024-05-28 00:00:00,0.0,Yes
119688-1,"Gomez, Linda U.",2024-05-28 00:00:00,0.0,Yes
119689-1,"Gomez, Linda U.",2024-05-28 00:00:00,0.0,Yes
119691-1,"Gomez, Linda U.",2024-05-28 00:00:00,0.0,Yes
119692-1,"Gomez, Linda U.",2024-05-28 00:00:00,0.0,Yes
119693-1,"Gomez, Linda U.",2024-05-28 00:00:00,0.0,Yes
119695-1,"Gomez, Linda U.",2024-05-28 00:00:00,0.0,Yes
119696-1,"Gomez, Linda U.",2024-05-28 00:00:00,0.0,Yes
119870-1,"Ortiz, Jack A.",2024-05-31 00:00:00,0.0,Yes
120129-1,"Torres, Laura D.",2024-06-06 00:00:00,0.0,Yes
120299-1,"Torres, Laura D.",2024-06-11 00:00:00,0.0,Yes
120396-1,"Flores, Christine N.",2024-06-13 00:00:00,0.0,Yes
120622-1,"Kim, Nancy G.",2024-06-18 00:00:00,0.0,No
120626-1,"Chavez, Christopher N.",2024-06-18 00:00:00,0.0,Yes
120634-1,"Harris, Walter K.",2024-06-18 00:00:00,0.0,Yes
120641-1,"Nelson, Anthony Y.",2024-06-18 00:00:00,0.0,Yes
120645-1,"Anderson, Margaret F.",2024-06-18 00:00:00,0.0,Yes
120650-1,"Stewart, Jonathan B.",2024-06-18 00:00:00,0.0,Yes
120653-1,"Robinson, Aaron A.",2024-06-18 00:00:00,0.0,Yes
120658-1,"Lopez, Rebecca V.",2024-06-19 00:00:00,0.0,Yes
120661-1,"Miller, Eric F.",2024-06-19 00:00:00,0.0,Yes
120662-1,"Morris, Adam F.",2024-06-19 00:00:00,0.0,Yes
120663-1,"Roberts, Edward U.",2024-06-19 00:00:00,0.0,Yes
120664-1,"Martinez, Zachary E.",2024-06-19 00:00:00,0.0,Yes
120665-1,"Martinez, Zachary E.",2024-06-19 00:00:00,0.0,Yes
120666-1,"Ruiz, George H.",2024-06-19 00:00:00,0.0,Yes
120668-1,"Jones, Jacob Y.",2024-06-19 00:00:00,0.0,Yes
120671-1,"Escobar Rios, Amy D.",2024-06-19 00:00:00,0.0,Yes
120672-1,"Escobar Rios, Amy D.",2024-06-19 00:00:00,0.0,Yes
120673-1,"Wood, Ryan T.",2024-06-19 00:00:00,0.0,Yes
120674-1,"Escobar Rios, Amy D.",2024-06-19 00:00:00,0.0,Yes
120680-1,"Clark, Brenda S.",2024-06-19 00:00:00,0.0,Yes
120681-1,"Clark, Brenda S.",2024-06-19 00:00:00,0.0,Yes
120686-1,"Ramirez, Joan M.",2024-06-19 00:00:00,0.0,Yes
120687-1,"Lopez, Rebecca V.",2024-06-19 00:00:00,0.0,Yes
120739-1,"Carter, Nicole K.",2024-06-20 00:00:00,0.0,Yes
120749-1,"Smith, Stephanie P.",2024-06-20 00:00:00,0.0,Yes
120762-1,"Hernandez, William L.",2024-06-21 00:00:00,0.0,Yes
120772-1,"Rivera, Nathan M.",2024-06-21 00:00:00,0.0,Yes
120789-1,"Mendoza, Matthew V.",2024-06-21 00:00:00,0.0,Yes
120808-1,"Scott, Andrew D.",2024-06-22 00:00:00,0.0,Yes
120815-1,"Lopez, Rebecca F.",2024-06-22 00:00:00,0.0,Yes
120821-1,"Scott, Andrew D.",2024-06-22 00:00:00,0.0,Yes
120865-1,"Garcia, Donald W.",2024-06-24 00:00:00,0.0,Yes
120867-1,"Escobar Rios, Amy D.",2024-06-24 00:00:00,0.0,Yes
120944-1,"Mitchell, Sarah M.",2024-06-25 00:00:00,0.0,Yes
121012-1,"Miller, Eric F.",2024-06-26 00:00:00,0.0,Yes
121020-1,"Martinez, Zachary N.",2024-06-27 00:00:00,0.0,Yes
121047-1,"Campbell, Larry G.",2024-06-27 00:00:00,0.0,Yes
121051-1,"Gutierrez, Anna M.",2024-06-27 00:00:00,0.0,Yes
121113-1,"Gutierrez, Laura P.",2024-06-28 00:00:00,0.0,Yes
121130-1,"Davis, Joshua R.",2024-06-29 00:00:00,0.0,Yes
121165-1,"Escobar Rios, Amy D.",2024-07-01 00:00:00,0.0,Yes
121223-1,"Roberts, Sandra Q.",2024-07-01 00:00:00,0.0,Yes
121279-1,"Gray, Anna Y.",2024-07-02 00:00:00,0.0,Yes
121280-1,"Gray, Anna Y.",2024-07-02 00:00:00,0.0,Yes
121282-1,"Gray, Anna Y.",2024-07-02 00:00:00,0.0,Yes
121314-1,"Escobar Rios, Amy D.",2024-07-03 00:00:00,0.0,Yes
121330-1,"Nguyen, Sharon A.",2024-07-03 00:00:00,0.0,Yes
121347-1,"Green, Amanda M.",2024-07-03 00:00:00,0.0,Yes
121411-1,"Gray, Anna Y.",2024-07-05 00:00:00,0.0,Yes
121412-1,"Gray, Anna Y.",2024-07-05 00:00:00,0.0,Yes
121511-1,"Howard, Lauren B.",2024-07-08 00:00:00,0.0,Yes
121622-1,"Ramirez, Joan M.",2024-07-10 00:00:00,0.0,Yes
121630-1,"Ortiz, Jack A.",2024-07-10 00:00:00,0.0,Yes
121631-1,"Ortiz, Jack A.",2024-07-10 00:00:00,0.0,Yes
121689-1,"Carter, Nicole K.",2024-07-12 00:00:00,0.0,Yes
121725-1,"Allen, Katherine D.",2024-07-12 00:00:00,0.0,Yes
121759-1,"Allen, Katherine D.",2024-07-14 00:00:00,0.0,Yes
121812-1,"Rodriguez, Christine A.",2024-07-15 00:00:00,0.0,Yes
121974-1,"Green, George D.",2024-07-18 00:00:00,0.0,Yes
121989-1,"Gutierrez, Anna M.",2024-07-19 00:00:00,0.0,Yes
122093-1,"Martinez, Zachary N.",2024-07-22 00:00:00,0.0,Yes
122118-1,"Wood, Ryan T.",2024-07-23 00:00:00,0.0,Yes
122132-1,"Stewart, Jonathan B.",2024-07-23 00:00:00,0.0,Yes
122133-1,"Mitchell, Barbara K.",2024-07-23 00:00:00,0.0,Yes
122141-1,"Anderson, Margaret F.",2024-07-23 00:00:00,0.0,Yes
122146-1,"Taylor, Susan Q.",2024-07-23 00:00:00,0.0,Yes
122171-1,"Hughes, Megan K.",2024-07-23 00:00:00,0.0,Yes
122182-1,"Miller, Eric F.",2024-07-24 00:00:00,0.0,Yes
122184-1,"Cuevas Bermudez, Daniel H.",2024-07-24 00:00:00,0.0,Yes
122187-1,"Williams, Scott B.",2024-07-24 00:00:00,0.0,Yes
122378-1,"Johnson, Gary L.",2024-07-28 00:00:00,0.0,Yes
122507-1,"Howard, Alexander D.",2024-07-30 00:00:00,0.0,Yes
122596-1,"Gonzalez, Kevin T.",2024-08-01 00:00:00,0.0,No
122642-1,"Hall, Kimberly F.",2024-08-02 00:00:00,0.0,Yes
122643-1,"Bailey, Kyle S.",2024-08-02 00:00:00,0.0,Yes
122668-1,"Hall, Kimberly F.",2024-08-02 00:00:00,0.0,Yes
122710-1,"Adams, Debra K.",2024-08-03 00:00:00,0.0,Yes
122758-1,"Gutierrez, Anna M.",2024-08-05 00:00:00,0.0,Yes
122762-1,"Ortiz, Jack A.",2024-08-05 00:00:00,0.0,Yes
123217-1,"Mendoza, Matthew V.",2024-08-14 00:00:00,0.0,Yes
123488-1,"Carter, David M.",2024-08-20 00:00:00,0.0,Yes
123533-1,"Clark, Brenda J.",2024-08-21 00:00:00,0.0,Yes
123540-1,Business Tenant 11,2024-08-21 00:00:00,0.0,Yes
124012-1,"Adams, Debra K.",2024-08-31 00:00:00,0.0,Yes
124190-1,"Howard, Alexander D.",2024-09-04 00:00:00,0.0,Yes
124320-1,"Watson, Jack L.",2024-09-06 00:00:00,0.0,Yes
125695-1,"Rodriguez, Christine A.",2024-10-08 00:00:00,0.0,Yes
125955-1,"Green, Kathleen B.",2024-10-14 00:00:00,0.0,Yes
126015-1,"Davis, Daniel T.",2024-10-15 00:00:00,0.0,Yes
126431-1,"Robinson, Aaron A.",2024-10-24 00:00:00,0.0,Yes
126856-1,"Morris, Judith B.",2024-11-02 00:00:00,0.0,Yes
127267-1,"Ortiz, Jack A.",2024-11-12 00:00:00,0.0,No
127474-1,"Mendoza, Matthew V.",2024-11-16 00:00:00,0.0,Yes
127890-1,"Cook, William W.",2024-11-25 00:00:00,0.0,Yes
127893-1,Business Tenant 1,2024-11-25 00:00:00,0.0,No
127896-1,"Anderson, Margaret F.",2024-11-25 00:00:00,0.0,Yes
127900-1,"Ward, Richard L.",2024-11-25 00:00:00,0.0,Yes
127910-1,"Johnson, Rachel J.",2024-11-25 00:00:00,0.0,Yes
128860-1,"Morris, Judith B.",2024-12-16 00:00:00,0.0,Yes
129008-1,"Ramos, Samuel N.",2024-12-19 00:00:00,0.0,Yes
129068-1,"Ramos, Mark J.",2024-12-21 00:00:00,0.0,Yes
129100-1,"Cabral Nunez, Stephen E.",2024-12-23 00:00:00,0.0,Yes
129486-1,"Richardson, Stephen Q.",2025-01-02 00:00:00,0.0,Yes
129492-1,"Wilson, Emily R.",2025-01-02 00:00:00,0.0,Yes
129512-1,"Escobar Rios, Amy D.",2025-01-02 00:00:00,0.0,Yes
129521-1,"White, Dennis J.",2025-01-02 00:00:00,0.0,No
129559-1,"Gutierrez, Anna M.",2025-01-03 00:00:00,0.0,Yes
129583-1,"Gray, Thomas V.",2025-01-03 00:00:00,0.0,Yes
129589-1,"Mitchell, Barbara K.",2025-01-03 00:00:00,0.0,Yes
129593-1,"Parker, Helen E.",2025-01-03 00:00:00,0.0,Yes
129602-1,"Mitchell, Sarah M.",2025-01-04 00:00:00,0.0,Yes
129739-1,"Taylor, Susan Q.",2025-01-06 00:00:00,0.0,Yes
129820-1,"Jones, Christina B.",2025-01-08 00:00:00,0.0,Yes
129845-1,"Gutierrez, Anna M.",2025-01-08 00:00:00,0.0,Yes
129863-1,"Nguyen, Patricia A.",2025-01-08 00:00:00,0.0,Yes
129952-1,"Wilson, Karen T.",2025-01-10 00:00:00,0.0,Yes
129958-1,"Hernandez, Victoria J.",2025-01-10 00:00:00,0.0,Yes
129959-1,"Richardson, Stephen Q.",2025-01-10 00:00:00,0.0,Yes
129961-1,"Campbell, Larry Q.",2025-01-10 00:00:00,0.0,Yes
129962-1,"Ramos, Samuel N.",2025-01-10 00:00:00,0.0,Yes
129964-1,"Adams, Debra K.",2025-01-10 00:00:00,0.0,Yes
129975-1,"Richardson, Stephen Q.",2025-01-10 00:00:00,0.0,No
129984-1,"Gray, Thomas V.",2025-01-10 00:00:00,0.0,Yes
130028-1,"Ramos, Samuel N.",2025-01-11 00:00:00,0.0,Yes
130030-1,"Hernandez, William L.",2025-01-11 00:00:00,0.0,Yes
130136-1,"Wilson, Donna P.",2025-01-13 00:00:00,0.0,No
130204-1,"Ramos, Mark J.",2025-01-14 00:00:00,0.0,Yes
130227-1,"Murphy, Michael B.",2025-01-14 00:00:00,0.0,No
130292-1,"Garcia, Donald W.",2025-01-15 00:00:00,0.0,No
130293-1,"Lopez, Rebecca V.",2025-01-15 00:00:00,0.0,Yes
130340-1,"Richardson, Stephen Q.",2025-01-16 00:00:00,0.0,Yes
130367-1,"Jackson, Joseph S.",2025-01-16 00:00:00,0.0,Yes
130376-1,"Robinson, Aaron A.",2025-01-16 00:00:00,0.0,Yes
130405-1,"Gutierrez, Anna M.",2025-01-17 00:00:00,0.0,Yes
130407-1,"Jackson, Joseph S.",2025-01-17 00:00:00,0.0,Yes
130408-1,"Hernandez, Victoria J.",2025-01-17 00:00:00,0.0,Yes
130411-1,"Adams, Debra K.",2025-01-17 00:00:00,0.0,Yes
130556-1,"Campbell, Larry G.",2025-01-20 00:00:00,0.0,Yes
130570-1,"Wilson, Donna P.",2025-01-21 00:00:00,0.0,Yes
130571-1,"Walker, Eric R.",2025-01-21 00:00:00,0.0,Yes
130572-1,"Lopez, Rebecca V.",2025-01-21 00:00:00,0.0,Yes
130600-1,"Escobar Rios, Amy D.",2025-01-21 00:00:00,0.0,Yes
130601-1,"Escobar Rios, Amy D.",2025-01-21 00:00:00,0.0,Yes
130602-1,"Escobar Rios, Amy D.",2025-01-21 00:00:00,0.0,Yes
130615-1,"Gomez, Linda U.",2025-01-21 00:00:00,0.0,Yes
130621-1,"Robinson, Aaron A.",2025-01-21 00:00:00,0.0,Yes
130632-1,"Walker, Eric R.",2025-01-21 00:00:00,0.0,Yes
130641-1,"Harris, Walter K.",2025-01-22 00:00:00,0.0,Yes
130648-1,"Lopez, Rebecca V.",2025-01-22 00:00:00,0.0,Yes
130665-1,"Gray, Anna Y.",2025-01-22 00:00:00,0.0,Yes
130722-1,"Campbell, Larry G.",2025-01-22 00:00:00,0.0,Yes
130728-1,"Lopez, Rebecca V.",2025-01-22 00:00:00,0.0,Yes
130737-1,"Mendoza, Matthew V.",2025-01-23 00:00:00,0.0,Yes
130744-1,"Wilson, Donna P.",2025-01-23 00:00:00,0.0,Yes
130785-1,"Lee, Gregory U.",2025-01-23 00:00:00,0.0,Yes
130792-1,"Mitchell, Barbara K.",2025-01-24 00:00:00,0.0,Yes
130798-1,"Mendoza, Matthew V.",2025-01-24 00:00:00,0.0,Yes
130803-1,"Smith, Stephanie P.",2025-01-24 00:00:00,0.0,Yes
130857-1,"Jackson, Joseph S.",2025-01-25 00:00:00,0.0,Yes
130858-1,"Cuevas Bermudez, Daniel H.",2025-01-25 00:00:00,0.0,Yes
130861-1,"Ramos, Samuel N.",2025-01-25 00:00:00,0.0,Yes
130888-1,"Ramirez, Joan M.",2025-01-26 00:00:00,0.0,Yes
130920-1,"Mendoza, Matthew V.",2025-01-27 00:00:00,0.0,Yes
130959-1,"Ortiz, Peter E.",2025-01-27 00:00:00,0.0,Yes
130981-1,"Mendoza, Matthew V.",2025-01-27 00:00:00,0.0,Yes
130983-1,"Murphy, Michael B.",2025-01-28 00:00:00,0.0,Yes
130986-1,"Lee, Gregory U.",2025-01-28 00:00:00,0.0,Yes
130997-1,"Gray, Anna Y.",2025-01-28 00:00:00,0.0,Yes
131037-1,"Mendoza, Matthew V.",2025-01-28 00:00:00,0.0,Yes
131040-1,"Jackson, Joseph S.",2025-01-29 00:00:00,0.0,Yes
131041-1,"Hernandez, Victoria J.",2025-01-29 00:00:00,0.0,Yes
131042-1,"Adams, Debra K.",2025-01-29 00:00:00,0.0,Yes
131045-1,"Nguyen, Sharon A.",2025-01-29 00:00:00,0.0,Yes
131050-1,"Robinson, Aaron A.",2025-01-29 00:00:00,0.0,Yes
131052-1,"Ramos, Samuel N.",2025-01-29 00:00:00,0.0,Yes
131093-1,"Wilson, Donna P.",2025-01-30 00:00:00,0.0,Yes
131211-1,"Johnson, Timothy G.",2025-02-01 00:00:00,0.0,Yes
131280-1,"Cabral Nunez, Stephen E.",2025-02-03 00:00:00,0.0,Yes
131356-1,"Smith, Stephanie P.",2025-02-04 00:00:00,0.0,Yes
131362-1,"Harris, Walter K.",2025-02-05 00:00:00,0.0,Yes
131370-1,"Gray, Thomas V.",2025-02-05 00:00:00,0.0,Yes
131401-1,"Robinson, Aaron A.",2025-02-05 00:00:00,0.0,Yes
131405-1,"Hernandez, Victoria J.",2025-02-05 00:00:00,0.0,Yes
131493-1,"Harris, Walter K.",2025-02-07 00:00:00,0.0,Yes
131518-1,"Johnson, Rachel J.",2025-02-07 00:00:00,0.0,Yes
131584-1,"Young, Jennifer C.",2025-02-10 00:00:00,0.0,Yes
131611-1,"Anderson, Margaret F.",2025-02-10 00:00:00,0.0,Yes
131651-1,"Cuevas Bermudez, Daniel H.",2025-02-11 00:00:00,0.0,Yes
131824-1,"Walker, Eric R.",2025-02-13 00:00:00,0.0,Yes
132076-1,"Taylor, Susan Q.",2025-02-18 00:00:00,0.0,Yes
132763-1,"Hernandez, Nicholas N.",2025-03-02 00:00:00,0.0,Yes
132764-1,"Hernandez, Nicholas N.",2025-03-02 00:00:00,0.0,Yes
132907-1,"Ponce Duarte, Samantha G.",2025-03-06 00:00:00,0.0,Yes
132911-1,"Ponce Duarte, Samantha G.",2025-03-06 00:00:00,0.0,Yes
133059-1,"Ponce Duarte, Samantha G.",2025-03-10 00:00:00,0.0,Yes
133384-1,"Mendoza, Matthew V.",2025-03-18 00:00:00,0.0,Yes
134260-1,"Martin, Donna K.",2025-04-08 00:00:00,0.0,Yes
135367-1,"Ponce Duarte, Samantha G.",2025-05-03 00:00:00,0.0,Yes
135828-1,"Flores, Kenneth L.",2025-05-14 00:00:00,0.0,Yes
136664-1,"Martinez, Gregory G.",2025-06-01 00:00:00,0.0,Yes
137405-1,"Morris, Benjamin H.",2025-06-16 00:00:00,0.0,Yes
137406-1,"Morris, Benjamin H.",2025-06-16 00:00:00,0.0,Yes
137407-1,"Morris, Benjamin H.",2025-06-16 00:00:00,0.0,Yes
137481-1,"Martinez, Zachary N.",2025-06-17 00:00:00,0.0,Yes
137515-1,"Wilson, Emily B.",2025-06-18 00:00:00,0.0,Yes
137810-1,"Bennett, James J.",2025-06-24 00:00:00,0.0,Yes
137816-1,"Mendoza, Matthew V.",2025-06-24 00:00:00,0.0,Yes
137819-1,"Taylor, Susan Q.",2025-06-25 00:00:00,0.0,Yes
137820-1,"Bennett, Tyler L.",2025-06-25 00:00:00,0.0,Yes
137821-1,"Martinez, Gregory G.",2025-06-25 00:00:00,0.0,Yes
137824-1,"Ramirez, Joan M.",2025-06-25 00:00:00,0.0,Yes
137846-1,"Wilson, Emily B.",2025-06-25 00:00:00,0.0,No
138081-1,"Clark, Angela G.",2025-06-30 00:00:00,0.0,No
138564-1,"Hall, Kimberly F.",2025-07-10 00:00:00,0.0,Yes
139575-1,"Bennett, James J.",2025-07-28 00:00:00,0.0,Yes
139576-1,"Adams, Debra K.",2025-07-28 00:00:00,0.0,Yes
140125-1,"Morris, Judith B.",2025-08-06 00:00:00,0.0,Yes
140342-1,"King, Lauren M.",2025-08-10 00:00:00,0.0,Yes
140633-1,"Wood, Betty V.",2025-08-16 00:00:00,0.0,Yes
140769-1,"Howard, Ryan F.",2025-08-19 00:00:00,0.0,Yes
140770-1,"Howard, Ryan F.",2025-08-19 00:00:00,0.0,Yes
140771-1,"Howard, Ryan F.",2025-08-19 00:00:00,0.0,Yes
140772-1,"Howard, Ryan F.",2025-08-19 00:00:00,0.0,Yes
140773-1,"Howard, Ryan F.",2025-08-19 00:00:00,0.0,Yes
140774-1,"Howard, Ryan F.",2025-08-19 00:00:00,0.0,Yes
140775-1,"Howard, Ryan F.",2025-08-19 00:00:00,0.0,Yes
140776-1,"Howard, Ryan F.",2025-08-19 00:00:00,0.0,Yes
140778-1,"Howard, Ryan F.",2025-08-19 00:00:00,0.0,Yes
140779-1,"Howard, Ryan F.",2025-08-19 00:00:00,0.0,Yes
140780-1,"Howard, Ryan F.",2025-08-19 00:00:00,0.0,Yes
140781-1,"Howard, Ryan F.",2025-08-19 00:00:00,0.0,Yes
140784-1,"Howard, Ryan F.",2025-08-19 00:00:00,0.0,Yes
140818-1,"Howard, Ryan F.",2025-08-19 00:00:00,0.0,No
140856-1,"Morgan, Patricia J.",2025-08-20 00:00:00,0.0,Yes
140860-1,"Morgan, Patricia J.",2025-08-20 00:00:00,0.0,Yes
141087-1,"Cruz, Dorothy J.",2025-08-24 00:00:00,0.0,Yes
141088-1,"Cruz, Dorothy J.",2025-08-24 00:00:00,0.0,Yes
141089-1,"Cruz, Dorothy J.",2025-08-24 00:00:00,0.0,Yes
141090-1,"Cruz, Dorothy J.",2025-08-24 00:00:00,0.0,Yes
141091-1,"Cruz, Dorothy J.",2025-08-24 00:00:00,0.0,Yes
141092-1,"Cruz, Dorothy J.",2025-08-24 00:00:00,0.0,Yes
141128-1,"Bravo Serrano, Andrew P.",2025-08-25 00:00:00,0.0,Yes
141135-1,"Bravo Serrano, Andrew P.",2025-08-25 00:00:00,0.0,Yes
141164-1,"Bravo Serrano, Andrew P.",2025-08-25 00:00:00,0.0,Yes
141394-1,"Ponce Duarte, Samantha G.",2025-08-29 00:00:00,0.0,No
141400-1,"Mitchell, Barbara K.",2025-08-29 00:00:00,0.0,Yes
141404-1,"Hill, Diane R.",2025-08-30 00:00:00,0.0,Yes
141423-1,"Jackson, Patricia U.",2025-08-30 00:00:00,0.0,Yes
141463-1,"Jones, Christina B.",2025-09-01 00:00:00,0.0,Yes
141466-1,"Harris, Walter K.",2025-09-01 00:00:00,0.0,Yes
141467-1,"Adams, Debra K.",2025-09-01 00:00:00,0.0,Yes
141468-1,"Baker, Cynthia Y.",2025-09-01 00:00:00,0.0,Yes
141469-1,"Wright, Jennifer A.",2025-09-01 00:00:00,0.0,Yes
141471-1,"Gutierrez, Anna M.",2025-09-01 00:00:00,0.0,Yes
141473-1,"Martin, Donna K.",2025-09-01 00:00:00,0.0,Yes
141474-1,"Bennett, James J.",2025-09-01 00:00:00,0.0,Yes
141475-1,"Richardson, Ronald W.",2025-09-01 00:00:00,0.0,Yes
141476-1,"Nelson, Anthony Y.",2025-09-01 00:00:00,0.0,Yes
141477-1,"Bennett, Tyler L.",2025-09-01 00:00:00,0.0,Yes
141479-1,"Allen, Henry F.",2025-09-01 00:00:00,0.0,Yes
141480-1,"Rogers, Brenda U.",2025-09-01 00:00:00,0.0,Yes
141518-1,"Gray, Thomas V.",2025-09-02 00:00:00,0.0,Yes
141527-1,"Rogers, Brenda U.",2025-09-02 00:00:00,0.0,Yes
141530-1,"Cruz, Charles N.",2025-09-02 00:00:00,0.0,No
141538-1,"Mendoza, Ashley Y.",2025-09-02 00:00:00,0.0,Yes
141549-1,"Young, Tyler J.",2025-09-02 00:00:00,0.0,Yes
141556-1,"Nguyen, Sharon A.",2025-09-02 00:00:00,0.0,Yes
141557-1,"Wilson, Emily B.",2025-09-02 00:00:00,0.0,Yes
141590-1,"Ramos, Maria L.",2025-09-03 00:00:00,0.0,Yes
141597-1,"Allen, Henry F.",2025-09-03 00:00:00,0.0,Yes
141603-1,"Ramos, Maria L.",2025-09-03 00:00:00,0.0,Yes
141616-1,"Adams, Debra K.",2025-09-03 00:00:00,0.0,Yes
141915-1,"Stewart, Christina Y.",2025-09-10 00:00:00,0.0,Yes
141920-1,"Gray, Anna Y.",2025-09-10 00:00:00,0.0,Yes
142469-1,"Mendoza, Matthew V.",2025-09-22 00:00:00,0.0,Yes
142498-1,"Johnson, Gary L.",2025-09-23 00:00:00,0.0,Yes
142509-1,"Ortiz, Peter E.",2025-09-23 00:00:00,0.0,Yes
143095-1,"Hill, Diane R.",2025-10-05 00:00:00,0.0,Yes
143132-1,"Taylor, Larry S.",2025-10-06 00:00:00,0.0,Yes
143343-1,"Mitchell, Kevin H.",2025-10-10 00:00:00,0.0,Yes
143627-1,"Cooper, Jose H.",2025-10-16 00:00:00,0.0,Yes
143852-1,"Scott, David B.",2025-10-20 00:00:00,0.0,Yes
143858-1,"Ramirez, Joan M.",2025-10-21 00:00:00,0.0,Yes
143863-1,"Kim, Kenneth J.",2025-10-21 00:00:00,0.0,Yes
143988-1,"Bailey, Kyle S.",2025-10-23 00:00:00,0.0,Yes
143989-1,"Bailey, Kyle S.",2025-10-23 00:00:00,0.0,Yes
144059-1,"Kim, Kenneth J.",2025-10-24 00:00:00,0.0,Yes
144117-1,"Nguyen, Joseph E.",2025-10-26 00:00:00,0.0,Yes
144338-1,"Brooks, Kathleen D.",2025-10-30 00:00:00,0.0,Yes
144350-1,"Young, Michelle E.",2025-10-30 00:00:00,0.0,Yes
144392-1,"Collins, Paul N.",2025-10-31 00:00:00,0.0,Yes
144393-1,"Collins, Paul N.",2025-10-31 00:00:00,0.0,Yes
144411-1,"Howard, Alexander D.",2025-10-31 00:00:00,0.0,Yes
144504-1,"Mendoza, Ashley Y.",2025-11-03 00:00:00,0.0,Yes
144540-1,"Bravo Serrano, Andrew P.",2025-11-03 00:00:00,0.0,Yes
144585-1,"Ramos, Maria L.",2025-11-04 00:00:00,0.0,Yes
144809-1,"Hill, Diane R.",2025-11-10 00:00:00,0.0,Yes
144812-1,"Rodriguez, Kenneth G.",2025-11-10 00:00:00,0.0,Yes
144818-1,"Reed, Mark G.",2025-11-10 00:00:00,0.0,Yes
144837-1,"White, Dennis J.",2025-11-11 00:00:00,0.0,Yes
145037-1,"Wood, Betty V.",2025-11-15 00:00:00,0.0,Yes
145043-1,"Baker, Pamela B.",2025-11-16 00:00:00,0.0,Yes
145046-1,"Lee, Gregory U.",2025-11-16 00:00:00,0.0,Yes
145052-1,"Young, Tyler J.",2025-11-16 00:00:00,0.0,Yes
145062-1,"Campbell, Larry G.",2025-11-16 00:00:00,0.0,Yes
145072-1,"Harris, Walter K.",2025-11-17 00:00:00,0.0,Yes
145073-1,"Wright, Jennifer A.",2025-11-17 00:00:00,0.0,Yes
145074-1,"Lopez, Rebecca V.",2025-11-17 00:00:00,0.0,Yes
145177-1,"Stewart, Christina Y.",2025-11-18 00:00:00,0.0,Yes
145226-1,"Parker, Helen E.",2025-11-19 00:00:00,0.0,Yes
145297-1,"Bailey, Kyle S.",2025-11-21 00:00:00,0.0,Yes
145650-1,"Mendoza, Matthew V.",2025-12-01 00:00:00,0.0,No
146130-1,"Morgan, Jessica N.",2025-12-09 00:00:00,0.0,Yes
145650-2,"Mendoza, Matthew V.",2025-12-11 00:00:00,0.0,No
146456-1,"White, Dennis J.",2025-12-15 00:00:00,0.0,Yes
146761-1,"Hill, Diane R.",2025-12-21 00:00:00,0.0,Yes
146799-1,"Anderson, Margaret F.",2025-12-22 00:00:00,0.0,Yes
147114-1,"Martinez, Gregory G.",2025-12-31 00:00:00,0.0,Yes
147123-1,"Wood, Betty V.",2025-12-31 00:00:00,0.0,Yes
147133-1,"Jackson, Patricia U.",2026-01-01 00:00:00,0.0,Yes
147134-1,"Jackson, Patricia U.",2026-01-01 00:00:00,0.0,Yes
147135-1,"Mitchell, Barbara K.",2026-01-01 00:00:00,0.0,Yes
147143-1,"Ramos, Maria L.",2026-01-01 00:00:00,0.0,Yes
147144-1,"Williams, Scott B.",2026-01-01 00:00:00,0.0,Yes
147149-1,"Walker, Eric R.",2026-01-01 00:00:00,0.0,Yes
147160-1,"Hill, Diane R.",2026-01-02 00:00:00,0.0,Yes
147162-1,"White, Dennis J.",2026-01-02 00:00:00,0.0,Yes
147163-1,"Gray, Thomas V.",2026-01-02 00:00:00,0.0,Yes
147166-1,"Kelly, Timothy E.",2026-01-02 00:00:00,0.0,Yes
147243-1,"Reed, Mark G.",2026-01-03 00:00:00,0.0,Yes
147386-1,"Howard, Ryan F.",2026-01-06 00:00:00,0.0,Yes
147429-1,"Kelly, Timothy E.",2026-01-06 00:00:00,0.0,Yes
147532-1,"Harris, Walter K.",2026-01-07 00:00:00,0.0,Yes
147831-1,"Hernandez, Elizabeth Q.",2026-01-12 00:00:00,0.0,Yes
147868-1,"Gray, Laura B.",2026-01-13 00:00:00,0.0,Yes
148149-1,"Collins, Paul N.",2026-01-16 00:00:00,0.0,Yes
148175-1,"Wood, Betty V.",2026-01-17 00:00:00,0.0,Yes
148279-1,"Ortiz, Peter E.",2026-01-19 00:00:00,0.0,No
148280-1,"Walker, Eric R.",2026-01-19 00:00:00,0.0,Yes
148281-1,"Anderson, Margaret F.",2026-01-19 00:00:00,0.0,Yes
148347-1,"Harris, Walter K.",2026-01-20 00:00:00,0.0,Yes
148372-1,"Nguyen, Joseph E.",2026-01-20 00:00:00,0.0,Yes
148535-1,"Wright, Jennifer A.",2026-01-22 00:00:00,0.0,Yes
148677-1,"Baker, Pamela B.",2026-01-24 00:00:00,0.0,Yes
148700-1,"Kelly, Timothy E.",2026-01-24 00:00:00,0.0,Yes
148715-1,"Nguyen, Joseph E.",2026-01-24 00:00:00,0.0,Yes
148744-1,"Robinson, Evelyn C.",2026-01-25 00:00:00,0.0,Yes
148793-1,"Reyes, Kevin F.",2026-01-26 00:00:00,0.0,Yes
148795-1,"Stewart, Jonathan R.",2026-01-26 00:00:00,0.0,Yes
148853-1,"Nguyen, Joseph E.",2026-01-27 00:00:00,0.0,Yes
149001-1,"Nguyen, Joseph E.",2026-01-28 00:00:00,0.0,Yes
149076-1,"Baker, Carol F.",2026-01-29 00:00:00,0.0,Yes
149077-1,"Baker, Carol F.",2026-01-29 00:00:00,0.0,Yes
149083-1,"Harris, Walter K.",2026-01-29 00:00:00,0.0,Yes
149284-1,"Hughes, Donna M.",2026-01-31 00:00:00,0.0,Yes
149617-1,"Torres, Thomas H.",2026-02-03 00:00:00,0.0,Yes
149905-1,"Hill, Diane R.",2026-02-06 00:00:00,0.0,Yes
149906-1,"Mitchell, Barbara K.",2026-02-06 00:00:00,0.0,Yes
149910-1,"Rodriguez, Kenneth G.",2026-02-06 00:00:00,0.0,Yes
149912-1,"Gray, Thomas V.",2026-02-07 00:00:00,0.0,Yes
149913-1,"Martinez, Gregory G.",2026-02-07 00:00:00,0.0,Yes
149917-1,"Kelly, Timothy E.",2026-02-07 00:00:00,0.0,Yes
149951-1,"Campbell, Susan N.",2026-02-07 00:00:00,0.0,No
150082-1,"Hughes, Donna M.",2026-02-09 00:00:00,0.0,Yes
150117-1,"Ramos, Heather Q.",2026-02-10 00:00:00,0.0,Yes
150197-1,"Morris, Benjamin H.",2026-02-10 00:00:00,0.0,Yes
150261-1,"Gutierrez, Emma R.",2026-02-11 00:00:00,0.0,Yes
150264-1,"Flores, Nancy S.",2026-02-11 00:00:00,0.0,Yes
150354-1,"Mendoza, Stephanie B.",2026-02-12 00:00:00,0.0,Yes
150594-1,"Stewart, Christina Y.",2026-02-16 00:00:00,0.0,Yes
150602-1,"Mitchell, Barbara K.",2026-02-16 00:00:00,0.0,Yes
150610-1,"Gray, Thomas V.",2026-02-16 00:00:00,0.0,Yes
150616-1,"Jackson, Patricia U.",2026-02-16 00:00:00,0.0,Yes
150619-1,"White, Dennis J.",2026-02-16 00:00:00,0.0,Yes
150620-1,"Anderson, Margaret F.",2026-02-16 00:00:00,0.0,Yes
151006-1,"Gomez, Joyce W.",2026-02-20 00:00:00,0.0,Yes
151084-1,"Moore, Christopher A.",2026-02-22 00:00:00,0.0,Yes
151113-1,"Campbell, Larry G.",2026-02-22 00:00:00,0.0,Yes
151118-1,"Wood, Betty V.",2026-02-22 00:00:00,0.0,Yes
151145-1,"Wright, Jennifer A.",2026-02-23 00:00:00,0.0,Yes
151187-1,"Wood, Betty V.",2026-02-23 00:00:00,0.0,Yes
151325-1,"Gray, Thomas V.",2026-02-25 00:00:00,0.0,Yes
151336-1,"Stewart, Christina Y.",2026-02-25 00:00:00,0.0,Yes
151389-1,"Jackson, Patricia U.",2026-02-25 00:00:00,0.0,Yes
151426-1,"Murphy, Michael B.",2026-02-26 00:00:00,0.0,Yes
151464-1,"Morgan, Sharon L.",2026-02-26 00:00:00,0.0,Yes
151465-1,"Williams, Scott B.",2026-02-26 00:00:00,0.0,Yes
149951-3,"Campbell, Susan N.",2026-02-26 00:00:00,0.0,No
149951-4,"Campbell, Susan N.",2026-02-26 00:00:00,0.0,No
149951-5,"Campbell, Susan N.",2026-02-26 00:00:00,0.0,No
151471-4,"Ruiz, Amanda K.",2026-02-26 00:00:00,0.0,No
151522-1,"Flores, Nancy S.",2026-02-26 00:00:00,0.0,Yes
151523-1,"Campbell, Larry G.",2026-02-26 00:00:00,0.0,Yes
151539-1,"Flores, Nancy S.",2026-02-27 00:00:00,0.0,Yes
151626-1,"Nelson, Anthony Y.",2026-02-28 00:00:00,0.0,Yes
151648-1,"Brooks, Kathleen D.",2026-03-01 00:00:00,0.0,Yes
151708-1,"Jackson, Patricia U.",2026-03-02 00:00:00,0.0,Yes
151717-1,"Mitchell, Barbara K.",2026-03-02 00:00:00,0.0,Yes
151721-1,"Moore, Christopher A.",2026-03-02 00:00:00,0.0,Yes
151773-1,"Williams, Scott B.",2026-03-02 00:00:00,0.0,Yes
151966-1,"Williams, Scott B.",2026-03-04 00:00:00,0.0,Yes
152135-1,"Cox, Raymond A.",2026-03-06 00:00:00,0.0,Yes
152049-2,"Torres, Emma F.",2026-03-06 00:00:00,0.0,No
152049-3,"Torres, Emma F.",2026-03-06 00:00:00,0.0,No
152049-4,"Torres, Emma F.",2026-03-06 00:00:00,0.0,No
152199-1,"Wood, Betty V.",2026-03-07 00:00:00,0.0,Yes
152210-1,"Flores, Nancy S.",2026-03-07 00:00:00,0.0,Yes
152217-1,"Reed, Mark G.",2026-03-07 00:00:00,0.0,Yes
152282-1,"Sanchez, Deborah C.",2026-03-09 00:00:00,0.0,Yes
152292-1,"Johnson, Gary L.",2026-03-09 00:00:00,0.0,Yes
152317-1,"Anderson, Margaret F.",2026-03-09 00:00:00,0.0,Yes
152362-1,"Morgan, Jessica N.",2026-03-09 00:00:00,0.0,Yes
152379-1,"Gonzalez, Barbara V.",2026-03-09 00:00:00,0.0,Yes
152512-1,"Moore, Christopher A.",2026-03-11 00:00:00,0.0,Yes
152515-1,"White, Dennis J.",2026-03-11 00:00:00,0.0,Yes
152544-1,"Sanchez, Deborah C.",2026-03-11 00:00:00,0.0,Yes
152569-1,"Hernandez, Elizabeth Q.",2026-03-11 00:00:00,0.0,Yes
152596-1,"Wood, Betty V.",2026-03-11 00:00:00,0.0,Yes
152613-1,"Nelson, Anthony Y.",2026-03-11 00:00:00,0.0,Yes
152713-1,"Brooks, Kathleen D.",2026-03-12 00:00:00,0.0,Yes
152730-1,"Martinez, Gregory G.",2026-03-12 00:00:00,0.0,Yes
152786-1,"White, Dennis J.",2026-03-13 00:00:00,0.0,Yes
152798-1,"Cook, William W.",2026-03-13 00:00:00,0.0,Yes
152809-1,"Ramos, Maria L.",2026-03-13 00:00:00,0.0,Yes
152817-1,"Walker, Eric R.",2026-03-13 00:00:00,0.0,Yes
152859-1,"Wright, Jennifer A.",2026-03-14 00:00:00,0.0,Yes
152864-1,"Hill, Diane R.",2026-03-15 00:00:00,0.0,Yes
152916-1,"Rodriguez, Kenneth G.",2026-03-16 00:00:00,0.0,Yes
152919-1,"Campbell, Larry G.",2026-03-16 00:00:00,0.0,Yes
153503-1,"Ortiz, Peter E.",2026-03-23 00:00:00,0.0,Yes
153669-1,"Ramos, Maria L.",2026-03-24 00:00:00,0.0,No
153747-1,"Cooper, Jose H.",2026-03-25 00:00:00,0.0,Yes
154004-1,"Ramos, Maria L.",2026-03-27 00:00:00,0.0,Yes
154057-1,"Walker, Eric R.",2026-03-29 00:00:00,0.0,Yes
154401-1,"Ramos, Heather Q.",2026-04-01 00:00:00,0.0,Yes
154408-1,"Ortiz, Edward G.",2026-04-02 00:00:00,0.0,Yes
154409-1,"Ramos, Heather Q.",2026-04-02 00:00:00,0.0,Yes
155316-1,"Murphy, Michael B.",2026-04-11 00:00:00,0.0,Yes
156138-2,"Wright, Jennifer A.",2026-04-20 00:00:00,0.0,No
156269-1,"Martinez, Gregory G.",2026-04-21 00:00:00,0.0,No
156269-2,"Martinez, Gregory G.",2026-04-21 00:00:00,0.0,No
156269-3,"Martinez, Gregory G.",2026-04-21 00:00:00,0.0,No
157246-1,"Mendoza, Stephanie B.",2026-04-30 00:00:00,0.0,Yes
158346-1,"Nguyen, Joseph E.",2026-05-12 00:00:00,0.0,Yes
158394-2,"Gutierrez, Laura P.",2026-05-13 00:00:00,0.0,No
158456-1,"Diaz, Michael P.",2026-05-13 00:00:00,0.0,Yes
158988-1,"Turner, Carolyn S.",2026-05-19 00:00:00,0.0,No
158988-2,"Turner, Carolyn S.",2026-05-19 00:00:00,0.0,No
158988-3,"Turner, Carolyn S.",2026-05-19 00:00:00,0.0,No
159421-1,"Baker, Carol F.",2026-05-23 00:00:00,0.0,No
159421-2,"Baker, Carol F.",2026-05-23 00:00:00,0.0,No
159421-3,"Baker, Carol F.",2026-05-23 00:00:00,0.0,No
159527-1,"Anderson, Margaret F.",2026-05-26 00:00:00,0.0,No
159527-2,"Anderson, Margaret F.",2026-05-26 00:00:00,0.0,No
159527-3,"Anderson, Margaret F.",2026-05-26 00:00:00,0.0,No
159531-2,"Salinas Cortes, Katherine R.",2026-05-26 00:00:00,0.0,No
159532-2,"Mendoza, Ashley Y.",2026-05-26 00:00:00,0.0,No
160173-1,"Stewart, Christina Y.",2026-05-31 00:00:00,0.0,No
160173-2,"Stewart, Christina Y.",2026-05-31 00:00:00,0.0,No
160173-3,"Stewart, Christina Y.",2026-05-31 00:00:00,0.0,No
160471-1,"Campbell, Larry G.",2026-06-03 00:00:00,0.0,No
160702-1,"Peterson, Donald J.",2026-06-04 00:00:00,0.0,Yes
161371-2,"Walker, Eric R.",2026-06-11 00:00:00,0.0,No
161371-3,"Walker, Eric R.",2026-06-11 00:00:00,0.0,No
160471-2,"Campbell, Larry G.",2026-06-12 00:00:00,0.0,No
161949-1,Business Tenant 5,2026-06-16 00:00:00,0.0,No
162196-1,"Green, George T.",2026-06-18 00:00:00,0.0,No
162196-2,"Green, George T.",2026-06-18 00:00:00,0.0,No
162196-3,"Green, George T.",2026-06-18 00:00:00,0.0,No
162928-1,"Rodriguez, Kenneth G.",2026-06-26 00:00:00,0.0,No
162928-2,"Rodriguez, Kenneth G.",2026-06-26 00:00:00,0.0,No
162928-3,"Rodriguez, Kenneth G.",2026-06-26 00:00:00,0.0,No
162930-2,"Wilson, Karen T.",2026-06-26 00:00:00,0.0,No
162931-2,"Richardson, Ronald W.",2026-06-26 00:00:00,0.0,No
163350-1,"Jackson, Sharon W.",2026-06-30 00:00:00,0.0,Yes
163399-1,"Kelly, Timothy E.",2026-07-01 00:00:00,0.0,Yes
163467-1,"Lopez, Joan Y.",2026-07-01 00:00:00,0.0,Yes
163514-1,"Ortiz, Peter E.",2026-07-01 00:00:00,0.0,Yes
163556-1,"Brown, Helen G.",2026-07-02 00:00:00,0.0,Yes
163604-1,"Johnson, Brandon N.",2026-07-02 00:00:00,0.0,Yes
163606-1,"Cox, Steven W.",2026-07-02 00:00:00,0.0,Yes
163618-1,"Rivera, Nathan M.",2026-07-02 00:00:00,0.0,Yes
163626-1,"Johnson, Brandon N.",2026-07-02 00:00:00,0.0,Yes
163650-1,"Gonzalez, Sarah Y.",2026-07-03 00:00:00,0.0,Yes
163724-1,"Wright, James U.",2026-07-03 00:00:00,0.0,Yes
163771-1,"Bailey, Kyle S.",2026-07-05 00:00:00,0.0,Yes
164008-1,"Rivera, Nathan M.",2026-07-07 00:00:00,0.0,Yes
165456-1,"Cook, William W.",2026-07-20 00:00:00,0.0,No
165456-2,"Cook, William W.",2026-07-20 00:00:00,0.0,No
165456-3,"Cook, William W.",2026-07-20 00:00:00,0.0,No
165577-1,"Hughes, Donna M.",2026-07-20 00:00:00,0.0,Yes
165590-1,"Lopez, Joan Y.",2026-07-20 00:00:00,0.0,Yes
165598-1,"Anderson, Matthew H.",2026-07-20 00:00:00,0.0,Yes
18367-1,Business Tenant 3,2016-11-05 00:00:00,0.0,No
25401-1,"Phillips, David R.",2017-07-14 00:00:00,0.0,Yes
28491-1,"Reyes, Barbara B.",2017-10-30 00:00:00,0.0,Yes
33069-1,"Phillips, David R.",2018-05-04 00:00:00,0.0,Yes
34823-1,"Phillips, David R.",2018-07-04 00:00:00,0.0,Yes
34883-1,"Phillips, David R.",2018-07-05 00:00:00,0.0,Yes
35229-1,"Campbell, Raymond C.",2018-07-14 00:00:00,0.0,Yes
35456-1,"Reed, Maria C.",2018-07-20 00:00:00,0.0,Yes
37200-1,"Reed, Maria A.",2018-08-29 00:00:00,0.0,No
38169-1,"Martinez, Gregory A.",2018-09-25 00:00:00,0.0,Yes
38679-1,"Roberts, Jack Q.",2018-10-10 00:00:00,0.0,Yes
39135-1,"Garcia, Stephen U.",2018-10-25 00:00:00,0.0,Yes
39861-1,"Brooks, Kathleen V.",2018-11-14 00:00:00,0.0,Yes
40528-1,"Morales, Carolyn W.",2018-12-05 00:00:00,0.0,Yes
40718-1,"Williams, Joshua V.",2018-12-12 00:00:00,0.0,Yes
40891-1,"Campbell, Raymond C.",2018-12-17 00:00:00,0.0,Yes
40915-1,Business Tenant 9,2018-12-18 00:00:00,0.0,Yes
40922-1,"Rogers, Brenda N.",2018-12-18 00:00:00,0.0,Yes
40924-1,Business Tenant 10,2018-12-18 00:00:00,0.0,Yes
40934-1,"Harris, Michael F.",2018-12-18 00:00:00,0.0,Yes
40963-1,Business Tenant 10,2018-12-19 00:00:00,0.0,Yes
41039-1,"Wright, Tyler N.",2018-12-21 00:00:00,0.0,Yes
42339-1,"Rogers, Brenda N.",2019-01-29 00:00:00,0.0,Yes
35085-1,Business Tenant 5,2018-07-11 00:00:00,0.0,Yes
39026-1,"Campbell, Raymond C.",2018-10-22 00:00:00,0.0,Yes
141531-2,"Flores, Christine N.",2025-12-10 00:00:00,0.0,No
146840-1,"Reed, Mark G.",2025-12-23 00:00:00,0.0,Yes
149652-1,"Taylor, Susan Q.",2026-02-04 00:00:00,0.0,No
149856-1,"Torres, Emma F.",2026-02-06 00:00:00,0.0,Yes
151471-2,"Ruiz, Amanda K.",2026-02-26 00:00:00,0.0,No
152041-2,"Robinson, Evelyn C.",2026-03-05 00:00:00,0.0,No
152160-2,"Torres, Thomas H.",2026-03-06 00:00:00,0.0,No
153751-1,"Howard, Alexander D.",2026-03-25 00:00:00,0.0,No
153752-1,"Taylor, Susan Q.",2026-03-25 00:00:00,0.0,No
153753-1,"Lopez, Rebecca V.",2026-03-25 00:00:00,0.0,No
154894-2,"Ward, Kelly J.",2026-04-07 00:00:00,0.0,No
153753-5,"Lopez, Rebecca V.",2026-04-07 00:00:00,0.0,No
159394-2,"Wright, James U.",2026-06-10 00:00:00,0.0,No
132504-1,"Lopez, Rebecca F.",2025-02-25 00:00:00,0.0,No
133003-1,"Kim, Kenneth J.",2025-03-09 00:00:00,0.0,Yes
133004-1,"Kim, Kenneth J.",2025-03-09 00:00:00,0.0,Yes
133007-1,"Kim, Kenneth J.",2025-03-09 00:00:00,0.0,Yes
133053-1,"Kim, Kenneth J.",2025-03-10 00:00:00,0.0,Yes
133066-1,"Rogers, Evelyn Q.",2025-03-11 00:00:00,0.0,Yes
133172-1,"Kim, Kenneth J.",2025-03-13 00:00:00,0.0,Yes
133247-1,"Mendoza, Matthew V.",2025-03-14 00:00:00,0.0,Yes
133248-1,"Mendoza, Matthew V.",2025-03-14 00:00:00,0.0,Yes
133290-1,"Clark, Brenda J.",2025-03-17 00:00:00,0.0,Yes
134041-1,"Wilson, Donna P.",2025-04-03 00:00:00,0.0,Yes
134099-1,"Smith, Stephanie P.",2025-04-04 00:00:00,0.0,Yes
134101-1,"Smith, Stephanie P.",2025-04-04 00:00:00,0.0,Yes
134152-1,"Johnson, Gary L.",2025-04-05 00:00:00,0.0,Yes
134163-1,"Mendoza, Matthew V.",2025-04-06 00:00:00,0.0,Yes
134164-1,"Cox, Steven W.",2025-04-06 00:00:00,0.0,Yes
134261-1,"Cox, Steven W.",2025-04-08 00:00:00,0.0,Yes
134283-1,"Brooks, Janet B.",2025-04-09 00:00:00,0.0,No
134406-1,"Howard, Alexander D.",2025-04-13 00:00:00,0.0,Yes
134432-1,"Watson, Jack L.",2025-04-14 00:00:00,0.0,Yes
134458-1,"Jackson, Joseph S.",2025-04-14 00:00:00,0.0,Yes
134494-1,"Hernandez, Victoria J.",2025-04-15 00:00:00,0.0,Yes
134600-1,"Wilson, Donna P.",2025-04-17 00:00:00,0.0,Yes
134602-1,"Bailey, Kyle S.",2025-04-17 00:00:00,0.0,Yes
134656-1,"Flores, Kenneth L.",2025-04-18 00:00:00,0.0,Yes
134778-1,"Martin, Donna K.",2025-04-22 00:00:00,0.0,Yes
134817-1,"Diaz, Michael P.",2025-04-22 00:00:00,0.0,Yes
134967-1,"Ramos, Maria L.",2025-04-26 00:00:00,0.0,Yes
134980-1,"Lopez, Rebecca V.",2025-04-27 00:00:00,0.0,Yes
134999-1,"Peterson, Julie Q.",2025-04-28 00:00:00,0.0,Yes
135047-1,"Flores, Kenneth L.",2025-04-28 00:00:00,0.0,Yes
135635-1,"Rogers, Evelyn Q.",2025-05-09 00:00:00,0.0,Yes
136250-1,"Hernandez, Nicholas W.",2025-05-23 00:00:00,0.0,No
136323-1,"Bennett, Tyler L.",2025-05-26 00:00:00,0.0,Yes
136564-1,"Torres, Laura D.",2025-05-30 00:00:00,0.0,Yes
136600-1,"Jackson, Patricia U.",2025-05-30 00:00:00,0.0,Yes
136751-1,"Adams, Debra K.",2025-06-03 00:00:00,0.0,No
136833-1,"Cruz, Charles N.",2025-06-04 00:00:00,0.0,Yes
136880-1,"Cruz, Charles N.",2025-06-05 00:00:00,0.0,Yes
136751-2,"Adams, Debra K.",2025-06-05 00:00:00,0.0,No
136990-1,"Stewart, Christina Y.",2025-06-08 00:00:00,0.0,Yes
136991-1,"Stewart, Christina Y.",2025-06-08 00:00:00,0.0,Yes
137059-1,"Stewart, Christina Y.",2025-06-09 00:00:00,0.0,Yes
137064-1,"Stewart, Christina Y.",2025-06-09 00:00:00,0.0,Yes
137214-1,"Watson, Jack L.",2025-06-12 00:00:00,0.0,Yes
137293-1,"Ramos, Mark J.",2025-06-13 00:00:00,0.0,Yes
137439-1,"Wilson, Donna P.",2025-06-17 00:00:00,0.0,Yes
137655-1,"Torres, Emma F.",2025-06-22 00:00:00,0.0,Yes
137714-1,"Bennett, Tyler L.",2025-06-23 00:00:00,0.0,Yes
137718-1,"Bennett, Tyler L.",2025-06-23 00:00:00,0.0,Yes
137851-1,"Anderson, Margaret F.",2025-06-25 00:00:00,0.0,Yes
137881-1,"Turner, Carolyn S.",2025-06-25 00:00:00,0.0,Yes
137884-1,"Lopez, Rebecca V.",2025-06-26 00:00:00,0.0,Yes
138118-1,"Ruiz, Amanda K.",2025-07-01 00:00:00,0.0,Yes
138156-1,"Hill, Diane R.",2025-07-01 00:00:00,0.0,Yes
138246-1,"Clark, Brenda S.",2025-07-03 00:00:00,0.0,Yes
138366-1,"Flores, Kenneth L.",2025-07-07 00:00:00,0.0,Yes
138413-1,"Wilson, Donna P.",2025-07-08 00:00:00,0.0,Yes
138418-1,"Torres, Emma F.",2025-07-08 00:00:00,0.0,Yes
138469-1,"Stewart, Christina Y.",2025-07-08 00:00:00,0.0,Yes
138486-1,"Robinson, Evelyn C.",2025-07-09 00:00:00,0.0,Yes
138487-1,"Robinson, Evelyn C.",2025-07-09 00:00:00,0.0,Yes
138594-1,"Howard, Alexander D.",2025-07-10 00:00:00,0.0,Yes
138635-1,"Stewart, Christina Y.",2025-07-11 00:00:00,0.0,Yes
138643-1,"Cox, Steven W.",2025-07-12 00:00:00,0.0,Yes
138801-1,"Jones, Christina B.",2025-07-15 00:00:00,0.0,Yes
138840-1,"Hernandez, Victoria J.",2025-07-16 00:00:00,0.0,Yes
139050-1,"Wood, Betty V.",2025-07-19 00:00:00,0.0,Yes
139079-1,"Green, Kathleen B.",2025-07-20 00:00:00,0.0,Yes
139098-1,"Mitchell, Kevin H.",2025-07-20 00:00:00,0.0,Yes
139130-1,"Morris, Judith B.",2025-07-21 00:00:00,0.0,Yes
139137-1,"Green, Kathleen B.",2025-07-21 00:00:00,0.0,Yes
139322-1,"Torres, Emma F.",2025-07-24 00:00:00,0.0,Yes
139340-1,"Hall, Kimberly F.",2025-07-24 00:00:00,0.0,No
139344-1,"Baker, Cynthia Y.",2025-07-24 00:00:00,0.0,Yes
139447-1,"Nguyen, Joseph E.",2025-07-25 00:00:00,0.0,Yes
139577-1,"Mitchell, Kevin H.",2025-07-28 00:00:00,0.0,Yes
139579-1,"Morris, Judith B.",2025-07-28 00:00:00,0.0,Yes
139666-1,"Bennett, James J.",2025-07-29 00:00:00,0.0,Yes
139674-1,"Reed, Mark Q.",2025-07-29 00:00:00,0.0,No
139797-1,"Robinson, Aaron A.",2025-07-31 00:00:00,0.0,Yes
139877-1,"Roberts, Jack W.",2025-08-02 00:00:00,0.0,Yes
139987-1,"Reed, Mark G.",2025-08-04 00:00:00,0.0,Yes
140003-1,"Collins, Brian U.",2025-08-04 00:00:00,0.0,No
140031-1,"Clark, Brenda S.",2025-08-04 00:00:00,0.0,No
140147-1,"Bravo Serrano, Andrew P.",2025-08-06 00:00:00,0.0,Yes
140148-1,"Bravo Serrano, Andrew P.",2025-08-06 00:00:00,0.0,Yes
140150-1,"Bravo Serrano, Andrew P.",2025-08-06 00:00:00,0.0,Yes
140157-1,"Nguyen, Joseph E.",2025-08-06 00:00:00,0.0,Yes
140166-1,"Reed, Mark G.",2025-08-06 00:00:00,0.0,Yes
140175-1,"Mendoza, Ashley Y.",2025-08-06 00:00:00,0.0,Yes
140184-1,"Morris, Judith B.",2025-08-07 00:00:00,0.0,Yes
140212-1,"Ruiz, Amanda K.",2025-08-07 00:00:00,0.0,Yes
140218-1,"Young, Michelle E.",2025-08-07 00:00:00,0.0,Yes
140309-1,"Cooper, Jose H.",2025-08-09 00:00:00,0.0,Yes
140354-1,"Ruiz, Amanda K.",2025-08-11 00:00:00,0.0,Yes
140355-1,"Ruiz, Amanda K.",2025-08-11 00:00:00,0.0,Yes
140356-1,"Ruiz, Amanda K.",2025-08-11 00:00:00,0.0,Yes
140428-1,"Cooper, Jose H.",2025-08-12 00:00:00,0.0,Yes
140474-1,"Ruiz, Amanda K.",2025-08-12 00:00:00,0.0,Yes
140475-1,"Ruiz, Amanda K.",2025-08-12 00:00:00,0.0,Yes
140569-1,"Nguyen, Joseph E.",2025-08-14 00:00:00,0.0,Yes
140663-1,"Ward, Kelly J.",2025-08-17 00:00:00,0.0,Yes
140689-1,"Rivera, Nathan M.",2025-08-18 00:00:00,0.0,Yes
140737-1,"Mendoza, Matthew V.",2025-08-18 00:00:00,0.0,No
140754-1,"Stewart, Christina Y.",2025-08-18 00:00:00,0.0,Yes
140756-1,"Stewart, Christina Y.",2025-08-18 00:00:00,0.0,Yes
140762-1,"Ward, Kelly J.",2025-08-19 00:00:00,0.0,Yes
140801-1,"Clark, Aaron L.",2025-08-19 00:00:00,0.0,No
140854-1,"Ramirez, Joan M.",2025-08-20 00:00:00,0.0,Yes
140855-1,"Morgan, Patricia J.",2025-08-20 00:00:00,0.0,Yes
140859-1,"Morgan, Patricia J.",2025-08-20 00:00:00,0.0,Yes
140887-1,"Morgan, Patricia J.",2025-08-20 00:00:00,0.0,No
140926-1,"Mitchell, Kevin H.",2025-08-21 00:00:00,0.0,Yes
140954-1,"Wright, Jennifer A.",2025-08-21 00:00:00,0.0,Yes
141024-1,"Rodriguez, Kenneth G.",2025-08-22 00:00:00,0.0,Yes
141025-1,"Rodriguez, Kenneth G.",2025-08-22 00:00:00,0.0,Yes
141042-1,"Howard, Ryan F.",2025-08-23 00:00:00,0.0,Yes
141047-1,"Rogers, Brenda U.",2025-08-23 00:00:00,0.0,Yes
141063-1,"Johnson, Gary L.",2025-08-23 00:00:00,0.0,Yes
141109-1,"Wilson, Karen T.",2025-08-25 00:00:00,0.0,Yes
141110-1,"Wilson, Karen T.",2025-08-25 00:00:00,0.0,Yes
141118-1,"Bravo Serrano, Andrew P.",2025-08-25 00:00:00,0.0,Yes
141129-1,"Wright, Jennifer A.",2025-08-25 00:00:00,0.0,Yes
141158-1,"Martin, Donna K.",2025-08-25 00:00:00,0.0,Yes
141162-1,"Stewart, Christina Y.",2025-08-25 00:00:00,0.0,Yes
141163-1,"Stewart, Christina Y.",2025-08-25 00:00:00,0.0,Yes
141170-1,"Wright, Jennifer A.",2025-08-25 00:00:00,0.0,Yes
141186-1,"Howard, Ryan F.",2025-08-26 00:00:00,0.0,Yes
141196-1,"Moore, Dorothy W.",2025-08-26 00:00:00,0.0,No
141198-1,"Young, Michelle E.",2025-08-26 00:00:00,0.0,No
141254-1,"Howard, Ryan F.",2025-08-27 00:00:00,0.0,No
141338-1,"Stewart, Christina Y.",2025-08-28 00:00:00,0.0,Yes
141370-1,"Wilson, Karen T.",2025-08-29 00:00:00,0.0,No
141393-1,"Williams, Joshua D.",2025-08-29 00:00:00,0.0,No
141483-1,"Campbell, Larry G.",2025-09-01 00:00:00,0.0,Yes
141488-1,"Howard, Ryan F.",2025-09-01 00:00:00,0.0,Yes
141491-1,"Howard, Ryan F.",2025-09-01 00:00:00,0.0,Yes
141493-1,"Adams, Debra K.",2025-09-01 00:00:00,0.0,Yes
141514-1,"Cooper, Jose H.",2025-09-02 00:00:00,0.0,Yes
141394-2,"Ponce Duarte, Samantha G.",2025-09-02 00:00:00,0.0,No
141531-1,"Flores, Christine N.",2025-09-02 00:00:00,0.0,No
141656-1,"Jones, Jacob Y.",2025-09-04 00:00:00,0.0,No
141730-1,"Nguyen, Joseph E.",2025-09-05 00:00:00,0.0,No
141731-1,"Wood, Betty V.",2025-09-05 00:00:00,0.0,No
142033-1,"Hill, Diane R.",2025-09-12 00:00:00,0.0,No
142510-1,"Ortiz, Peter E.",2025-09-23 00:00:00,0.0,Yes
142700-1,"Robinson, Aaron A.",2025-09-26 00:00:00,0.0,No
142799-1,"Clark, Brenda J.",2025-09-29 00:00:00,0.0,No
142900-1,"Rivera, Shirley P.",2025-10-01 00:00:00,0.0,Yes
142918-1,"Watson, Sandra N.",2025-10-01 00:00:00,0.0,No
142955-1,"Lopez, Rebecca V.",2025-10-02 00:00:00,0.0,Yes
143123-1,"Howard, Ryan F.",2025-10-06 00:00:00,0.0,Yes
143160-1,"Lopez, Rebecca V.",2025-10-06 00:00:00,0.0,No
143240-1,"Richardson, Ronald W.",2025-10-08 00:00:00,0.0,Yes
143263-1,"Salcedo Marin, Julie S.",2025-10-08 00:00:00,0.0,Yes
143267-1,"Collins, Brian L.",2025-10-08 00:00:00,0.0,Yes
143359-1,"Cox, Raymond A.",2025-10-10 00:00:00,0.0,Yes
143389-1,"Kim, Kenneth J.",2025-10-11 00:00:00,0.0,Yes
143823-1,"Scott, David B.",2025-10-20 00:00:00,0.0,No
143824-1,"Martin, Donna K.",2025-10-20 00:00:00,0.0,No
143834-1,"Smith, Margaret R.",2025-10-20 00:00:00,0.0,No
143886-1,"Rivera, Nathan M.",2025-10-21 00:00:00,0.0,No
143908-1,"Ward, Richard L.",2025-10-22 00:00:00,0.0,Yes
143909-1,"Ward, Richard L.",2025-10-22 00:00:00,0.0,Yes
143911-1,"Ward, Richard L.",2025-10-22 00:00:00,0.0,Yes
143915-1,"Taylor, Susan Q.",2025-10-22 00:00:00,0.0,Yes
143965-1,"Brooks, Kathleen D.",2025-10-23 00:00:00,0.0,Yes
143969-1,"Richardson, Ronald W.",2025-10-23 00:00:00,0.0,Yes
144002-1,"Jones, Christina B.",2025-10-23 00:00:00,0.0,No
144214-1,"Nguyen, Jessica C.",2025-10-28 00:00:00,0.0,No
144219-1,"Ward, Richard L.",2025-10-28 00:00:00,0.0,No
144447-1,"Gray, Anna Y.",2025-11-01 00:00:00,0.0,No
144448-1,"Mitchell, Sarah M.",2025-11-01 00:00:00,0.0,No
144553-1,"Howard, Alexander D.",2025-11-04 00:00:00,0.0,No
144741-1,"White, Dennis J.",2025-11-07 00:00:00,0.0,No
144765-1,"Robinson, Aaron J.",2025-11-08 00:00:00,0.0,No
144966-1,"Kim, Kenneth J.",2025-11-13 00:00:00,0.0,Yes
145023-1,"Wilson, Emily B.",2025-11-15 00:00:00,0.0,No
145083-1,"Martinez, Gregory G.",2025-11-17 00:00:00,0.0,No
145256-1,"Kim, Kenneth J.",2025-11-20 00:00:00,0.0,Yes
145793-1,"Parker, Helen E.",2025-12-03 00:00:00,0.0,No
145850-1,"King, Lauren M.",2025-12-04 00:00:00,0.0,No
145860-1,"Morgan, Jessica N.",2025-12-04 00:00:00,0.0,No
146082-1,"Kim, Kenneth J.",2025-12-09 00:00:00,0.0,Yes
141531-3,"Flores, Christine N.",2025-12-10 00:00:00,0.0,No
145650-3,"Mendoza, Matthew V.",2025-12-11 00:00:00,0.0,No
145650-4,"Mendoza, Matthew V.",2025-12-11 00:00:00,0.0,No
145650-5,"Mendoza, Matthew V.",2025-12-11 00:00:00,0.0,No
145650-6,"Mendoza, Matthew V.",2025-12-11 00:00:00,0.0,No
145650-7,"Mendoza, Matthew V.",2025-12-11 00:00:00,0.0,No
145650-8,"Mendoza, Matthew V.",2025-12-11 00:00:00,0.0,No
146235-1,"Taylor, Susan Q.",2025-12-11 00:00:00,0.0,Yes
146364-1,"Torres, Thomas H.",2025-12-14 00:00:00,0.0,Yes
146375-1,"Nguyen, Joseph E.",2025-12-14 00:00:00,0.0,Yes
146433-1,"Reyes, Kevin F.",2025-12-15 00:00:00,0.0,Yes
146464-1,"Nguyen, Joseph E.",2025-12-15 00:00:00,0.0,Yes
146528-1,"Cabral Nunez, Stephen E.",2025-12-16 00:00:00,0.0,Yes
146814-1,"Taylor, Susan Q.",2025-12-22 00:00:00,0.0,Yes
146846-1,"Lee, Gregory U.",2025-12-23 00:00:00,0.0,No
146846-2,"Lee, Gregory U.",2025-12-23 00:00:00,0.0,No
146847-1,"Reed, Mark G.",2025-12-23 00:00:00,0.0,Yes
146956-1,"Rivera, Nathan M.",2025-12-27 00:00:00,0.0,Yes
146957-1,"Rivera, Nathan M.",2025-12-27 00:00:00,0.0,Yes
146958-1,"Rivera, Nathan M.",2025-12-27 00:00:00,0.0,Yes
147042-1,"Morgan, Sharon L.",2025-12-29 00:00:00,0.0,No
147042-2,"Morgan, Sharon L.",2025-12-29 00:00:00,0.0,No
147042-3,"Morgan, Sharon L.",2025-12-29 00:00:00,0.0,No
147089-1,"Ramirez, Joan M.",2025-12-30 00:00:00,0.0,Yes
147466-1,"Robinson, Evelyn C.",2026-01-06 00:00:00,0.0,Yes
147469-1,"Rivera, Nathan M.",2026-01-07 00:00:00,0.0,Yes
147626-1,"Howard, Ryan F.",2026-01-09 00:00:00,0.0,Yes
147627-1,"Howard, Ryan F.",2026-01-09 00:00:00,0.0,Yes
147629-1,"Lopez, Rebecca V.",2026-01-09 00:00:00,0.0,Yes
147792-1,"Johnson, Brandon N.",2026-01-12 00:00:00,0.0,No
147809-1,"Ward, Richard L.",2026-01-12 00:00:00,0.0,No
147952-1,"Salcedo Marin, Julie S.",2026-01-14 00:00:00,0.0,No
147995-1,"Cook, William W.",2026-01-14 00:00:00,0.0,Yes
148052-1,"Flores, Nancy S.",2026-01-15 00:00:00,0.0,No
148069-1,"Clark, Aaron L.",2026-01-15 00:00:00,0.0,No
148164-1,"Ramirez, Joan M.",2026-01-16 00:00:00,0.0,Yes
148272-1,"Hughes, Donna M.",2026-01-19 00:00:00,0.0,Yes
148279-2,"Ortiz, Peter E.",2026-01-19 00:00:00,0.0,No
148279-3,"Ortiz, Peter E.",2026-01-19 00:00:00,0.0,No
148328-1,"Sanchez, Deborah C.",2026-01-20 00:00:00,0.0,Yes
148331-1,"White, Dennis J.",2026-01-20 00:00:00,0.0,Yes
148712-1,"Ortiz, Peter E.",2026-01-24 00:00:00,0.0,Yes
148822-1,"Diaz, Walter V.",2026-01-26 00:00:00,0.0,Yes
148878-1,"Mendoza, Stephanie B.",2026-01-27 00:00:00,0.0,Yes
149003-1,"Wright, Jennifer A.",2026-01-28 00:00:00,0.0,Yes
149027-1,"Smith, Stephanie P.",2026-01-28 00:00:00,0.0,Yes
149028-1,"Smith, Stephanie P.",2026-01-28 00:00:00,0.0,Yes
149078-1,"Sanchez, Deborah C.",2026-01-29 00:00:00,0.0,Yes
132784-1,"Gutierrez, Anna M.",2025-03-03 00:00:00,0.0,Yes
133135-1,"Rodriguez, Christine A.",2025-03-12 00:00:00,0.0,No
136249-1,"Evans, Justin H.",2025-05-23 00:00:00,0.0,No
137172-1,"Wilson, Karen T.",2025-06-11 00:00:00,0.0,Yes
138381-1,"Gray, Anna Y.",2025-07-07 00:00:00,0.0,Yes
138400-1,"Robinson, Evelyn C.",2025-07-07 00:00:00,0.0,Yes
138832-1,"Howard, Alexander D.",2025-07-16 00:00:00,0.0,Yes
139163-1,"Clark, Brenda J.",2025-07-21 00:00:00,0.0,Yes
139221-1,"Young, Tyler J.",2025-07-22 00:00:00,0.0,Yes
139487-1,"Taylor, Susan Q.",2025-07-26 00:00:00,0.0,Yes
139641-1,"Edwards, Maria W.",2025-07-29 00:00:00,0.0,Yes
140000-1,"Jackson, Joseph S.",2025-08-04 00:00:00,0.0,No
140326-1,"Baker, Cynthia Y.",2025-08-09 00:00:00,0.0,Yes
140348-1,"Gray, Laura B.",2025-08-10 00:00:00,0.0,Yes
140436-1,"Young, Michelle E.",2025-08-12 00:00:00,0.0,Yes
140534-1,"Ortiz, Peter E.",2025-08-13 00:00:00,0.0,Yes
140857-1,"Morgan, Patricia J.",2025-08-20 00:00:00,0.0,Yes
141123-1,"Stewart, Christina Y.",2025-08-25 00:00:00,0.0,No
141126-1,"Stewart, Christina Y.",2025-08-25 00:00:00,0.0,Yes
141595-1,"Brown, Joyce L.",2025-09-03 00:00:00,0.0,No
142107-1,"Brooks, Kathleen D.",2025-09-15 00:00:00,0.0,Yes
142466-1,"Adams, Debra K.",2025-09-22 00:00:00,0.0,No
142467-1,"Diaz, Michael P.",2025-09-22 00:00:00,0.0,Yes
140491-1,"Anderson, Margaret F.",2025-08-13 00:00:00,0.0,No
91357-1,"Ward, Kelly J.",2021-11-03 00:00:00,0.0,No
91567-1,"Ramirez, Rebecca D.",2021-11-09 00:00:00,0.0,No
92278-1,"Ward, Carolyn G.",2021-12-07 00:00:00,0.0,No
92527-1,"Morris, Jeffrey D.",2021-12-20 00:00:00,0.0,No
15752-1,"Anderson, Ashley D.",2016-08-09 00:00:00,0.0,No
15792-1,"Mendoza, Stephanie T.",2016-08-09 00:00:00,0.0,No
15803-1,"Gonzalez, Sarah R.",2016-08-10 00:00:00,0.0,Yes
15823-1,"Campbell, Raymond E.",2016-08-10 00:00:00,0.0,Yes
16045-1,Business Tenant 3,2016-08-17 00:00:00,0.0,No
16152-1,"Evans, Christina F.",2016-08-20 00:00:00,0.0,Yes
16162-1,Business Tenant 5,2016-08-21 00:00:00,0.0,No
16163-1,"Clark, Evelyn G.",2016-08-21 00:00:00,0.0,No
16397-1,Business Tenant 3,2016-08-30 00:00:00,0.0,No
16421-1,Business Tenant 3,2016-08-31 00:00:00,0.0,No
16460-1,Business Tenant 6,2016-08-31 00:00:00,0.0,No
16494-1,"Diaz, Walter P.",2016-09-01 00:00:00,0.0,No
16602-1,"Hughes, Emily H.",2016-09-06 00:00:00,0.0,No
16626-1,Business Tenant 3,2016-09-07 00:00:00,0.0,No
16649-1,"Brown, Helen J.",2016-09-08 00:00:00,0.0,No
117699-1,"Mitchell, Sarah M.",2024-04-03 00:00:00,0.0,Yes
118821-1,"Diaz, Michael P.",2024-05-03 00:00:00,0.0,Yes
119491-1,"Roberts, Edward U.",2024-05-21 00:00:00,0.0,Yes
120737-1,"Carter, Nicole K.",2024-06-20 00:00:00,0.0,Yes
120897-1,"Lewis, Kimberly T.",2024-06-25 00:00:00,0.0,Yes
121447-1,"Gray, Anna Y.",2024-07-06 00:00:00,0.0,Yes
121459-1,"Mitchell, Kevin H.",2024-07-07 00:00:00,0.0,Yes
121681-1,"Martinez, Zachary N.",2024-07-11 00:00:00,0.0,Yes
121764-1,"Young, Jennifer C.",2024-07-14 00:00:00,0.0,Yes
121835-1,"Thomas, Elizabeth E.",2024-07-15 00:00:00,0.0,Yes
121849-1,"Scott, David B.",2024-07-16 00:00:00,0.0,Yes
121855-1,"Collins, Paul N.",2024-07-16 00:00:00,0.0,Yes
121917-1,"Wright, Jennifer Q.",2024-07-17 00:00:00,0.0,Yes
121973-1,"Green, George D.",2024-07-18 00:00:00,0.0,Yes
121985-1,"Torres, Emma F.",2024-07-19 00:00:00,0.0,Yes
122058-1,"Clark, Brenda J.",2024-07-21 00:00:00,0.0,Yes
122076-1,"Nguyen, Patricia A.",2024-07-22 00:00:00,0.0,Yes
122101-1,"Martinez, Zachary N.",2024-07-22 00:00:00,0.0,Yes
122175-1,"Nguyen, Jessica C.",2024-07-23 00:00:00,0.0,Yes
122186-1,"Collins, Paul N.",2024-07-24 00:00:00,0.0,Yes
122222-1,"Scott, Andrew D.",2024-07-24 00:00:00,0.0,Yes
122223-1,"Peterson, Julie G.",2024-07-24 00:00:00,0.0,Yes
122225-1,"Mitchell, Sarah M.",2024-07-25 00:00:00,0.0,Yes
122241-1,"Green, George D.",2024-07-25 00:00:00,0.0,No
122303-1,"Ponce Duarte, Samantha G.",2024-07-26 00:00:00,0.0,No
122379-1,"Johnson, Gary L.",2024-07-28 00:00:00,0.0,Yes
122437-1,"Johnson, Gary L.",2024-07-29 00:00:00,0.0,Yes
122452-1,"Young, Jennifer C.",2024-07-29 00:00:00,0.0,Yes
122496-1,"Ortiz, Jack A.",2024-07-30 00:00:00,0.0,Yes
122586-1,Business Tenant 1,2024-08-01 00:00:00,0.0,No
122590-1,"Ramos, Mark J.",2024-08-01 00:00:00,0.0,No
122621-1,"Ortiz, Peter E.",2024-08-02 00:00:00,0.0,Yes
122640-1,"Hall, Kimberly F.",2024-08-02 00:00:00,0.0,Yes
122709-1,"Adams, Debra K.",2024-08-03 00:00:00,0.0,Yes
122763-1,"Gomez, Linda U.",2024-08-05 00:00:00,0.0,Yes
122813-1,"Hall, Kimberly F.",2024-08-05 00:00:00,0.0,Yes
122851-1,"Paredes Zamora, Gregory E.",2024-08-06 00:00:00,0.0,Yes
122904-1,"Ponce Duarte, Samantha G.",2024-08-07 00:00:00,0.0,No
122937-1,"Johnson, Rachel J.",2024-08-08 00:00:00,0.0,Yes
122941-1,"Robinson, Aaron A.",2024-08-08 00:00:00,0.0,Yes
122991-1,"Thompson, Jeffrey P.",2024-08-09 00:00:00,0.0,No
122993-1,"Wilson, Donna P.",2024-08-09 00:00:00,0.0,No
123033-1,"Carter, David M.",2024-08-10 00:00:00,0.0,Yes
123061-1,"Jones, Jacob Y.",2024-08-11 00:00:00,0.0,Yes
123131-1,"Ortiz, Peter E.",2024-08-13 00:00:00,0.0,Yes
123182-1,"Green, Kathleen B.",2024-08-13 00:00:00,0.0,Yes
123183-1,"Green, Kathleen B.",2024-08-13 00:00:00,0.0,Yes
123184-1,"Green, Kathleen B.",2024-08-13 00:00:00,0.0,Yes
123201-1,"Lewis, Kimberly T.",2024-08-14 00:00:00,0.0,Yes
123202-1,"Robinson, Aaron A.",2024-08-14 00:00:00,0.0,No
123203-1,"Cooper, Jose H.",2024-08-14 00:00:00,0.0,Yes
123205-1,"Bennett, James J.",2024-08-14 00:00:00,0.0,No
123207-1,"Flores, Kenneth L.",2024-08-14 00:00:00,0.0,Yes
123210-1,"Bennett, James J.",2024-08-14 00:00:00,0.0,No
123237-1,"Paredes Zamora, Gregory E.",2024-08-14 00:00:00,0.0,No
123277-1,"Ortiz, Peter E.",2024-08-15 00:00:00,0.0,Yes
123287-1,"Collins, Paul N.",2024-08-15 00:00:00,0.0,No
123315-1,"Cooper, Jose H.",2024-08-16 00:00:00,0.0,Yes
123361-1,"Gray, Anna H.",2024-08-17 00:00:00,0.0,Yes
123362-1,"Green, Kathleen B.",2024-08-17 00:00:00,0.0,Yes
123622-1,"Phillips, Frank T.",2024-08-22 00:00:00,0.0,No
123727-1,"Johnson, Gary L.",2024-08-25 00:00:00,0.0,Yes
123765-1,"Gray, Anna Y.",2024-08-26 00:00:00,0.0,Yes
123800-1,"Thompson, Jeffrey Y.",2024-08-27 00:00:00,0.0,No
123847-1,"Wilson, Donna P.",2024-08-28 00:00:00,0.0,No
123879-1,"Mendoza, Matthew V.",2024-08-28 00:00:00,0.0,Yes
123934-1,"Diaz, Michael P.",2024-08-29 00:00:00,0.0,Yes
123956-1,"Chavez, Christopher W.",2024-08-30 00:00:00,0.0,No
123957-1,"Gray, Anna H.",2024-08-30 00:00:00,0.0,Yes
123968-1,"Gray, Anna H.",2024-08-30 00:00:00,0.0,No
123973-1,"Taylor, Susan Q.",2024-08-30 00:00:00,0.0,Yes
123974-1,"Peterson, Julie G.",2024-08-30 00:00:00,0.0,Yes
124097-1,"Ramos, Samuel N.",2024-09-03 00:00:00,0.0,Yes
124139-1,"Howard, Alexander D.",2024-09-03 00:00:00,0.0,No
124332-1,"Cooper, Jose H.",2024-09-07 00:00:00,0.0,Yes
124391-1,"Cooper, Jose H.",2024-09-09 00:00:00,0.0,Yes
124392-1,"Howard, Alexander D.",2024-09-09 00:00:00,0.0,No
124476-1,"Davis, Joshua R.",2024-09-10 00:00:00,0.0,No
124494-1,"Wilson, Karen T.",2024-09-10 00:00:00,0.0,Yes
124645-1,"Ramos, Samuel N.",2024-09-14 00:00:00,0.0,Yes
124647-1,"Richardson, Stephen Q.",2024-09-14 00:00:00,0.0,Yes
124652-1,"Richardson, Stephen Q.",2024-09-14 00:00:00,0.0,Yes
124663-1,"Richardson, Stephen Q.",2024-09-15 00:00:00,0.0,Yes
124723-1,"Martin, Donna B.",2024-09-17 00:00:00,0.0,No
124804-1,"Diaz, Michael P.",2024-09-18 00:00:00,0.0,Yes
124811-1,"Rogers, Evelyn Q.",2024-09-19 00:00:00,0.0,Yes
124818-1,"Lopez, Rebecca F.",2024-09-19 00:00:00,0.0,Yes
124819-1,"Lopez, Rebecca F.",2024-09-19 00:00:00,0.0,Yes
124821-1,"Richardson, Stephen Q.",2024-09-19 00:00:00,0.0,Yes
124822-1,"Richardson, Stephen Q.",2024-09-19 00:00:00,0.0,Yes
124823-1,"Richardson, Stephen Q.",2024-09-19 00:00:00,0.0,Yes
124901-1,"Torres, Laura D.",2024-09-21 00:00:00,0.0,Yes
124902-1,"Torres, Laura D.",2024-09-21 00:00:00,0.0,Yes
124923-1,"Cooper, Jose H.",2024-09-21 00:00:00,0.0,Yes
124964-1,"Campbell, Larry Q.",2024-09-23 00:00:00,0.0,Yes
124983-1,"Murphy, Michael B.",2024-09-23 00:00:00,0.0,No
124984-1,"Murphy, Michael B.",2024-09-23 00:00:00,0.0,No
124985-1,"Murphy, Michael B.",2024-09-23 00:00:00,0.0,No
124986-1,"Murphy, Michael B.",2024-09-23 00:00:00,0.0,No
124987-1,"Murphy, Michael B.",2024-09-23 00:00:00,0.0,No
124988-1,"Murphy, Michael B.",2024-09-23 00:00:00,0.0,No
125018-1,"Ortiz, Jack A.",2024-09-23 00:00:00,0.0,Yes
125093-1,"Diaz, Michael P.",2024-09-25 00:00:00,0.0,No
125163-1,"Cooper, Jose H.",2024-09-26 00:00:00,0.0,Yes
125277-1,"Rivera, Nathan M.",2024-09-30 00:00:00,0.0,Yes
125279-1,"Rogers, Evelyn Q.",2024-09-30 00:00:00,0.0,Yes
125302-1,"Morris, Jeffrey D.",2024-09-30 00:00:00,0.0,Yes
125394-1,"Green, Kathleen B.",2024-10-01 00:00:00,0.0,Yes
125395-1,"Green, Kathleen B.",2024-10-01 00:00:00,0.0,Yes
125396-1,"Green, Kathleen B.",2024-10-01 00:00:00,0.0,Yes
125414-1,"Johnson, Gary L.",2024-10-01 00:00:00,0.0,Yes
125415-1,"Johnson, Gary L.",2024-10-01 00:00:00,0.0,Yes
125441-1,"Richardson, Stephen Q.",2024-10-02 00:00:00,0.0,No
125542-1,"Lopez, Rebecca V.",2024-10-03 00:00:00,0.0,Yes
125609-1,"Rivera, Nathan M.",2024-10-06 00:00:00,0.0,Yes
125651-1,"Ponce Duarte, Samantha G.",2024-10-07 00:00:00,0.0,No
125655-1,"Sanchez, Mary A.",2024-10-07 00:00:00,0.0,No
125678-1,"Scott, Andrew D.",2024-10-08 00:00:00,0.0,Yes
125685-1,"Rogers, Evelyn Q.",2024-10-08 00:00:00,0.0,Yes
125749-1,"Kim, Nancy Q.",2024-10-09 00:00:00,0.0,No
125753-1,"Gray, Anna H.",2024-10-09 00:00:00,0.0,Yes
125789-1,"Gray, Anna H.",2024-10-10 00:00:00,0.0,Yes
125839-1,"Green, Kathleen B.",2024-10-10 00:00:00,0.0,Yes
125856-1,"Watson, Jack L.",2024-10-11 00:00:00,0.0,Yes
125863-1,"Campbell, Larry Q.",2024-10-11 00:00:00,0.0,Yes
125896-1,"Smith, Stephanie P.",2024-10-12 00:00:00,0.0,Yes
125915-1,"Brooks, Janet B.",2024-10-13 00:00:00,0.0,Yes
125924-1,"Morris, Jeffrey D.",2024-10-13 00:00:00,0.0,Yes
125960-1,"Nguyen, Sharon A.",2024-10-14 00:00:00,0.0,Yes
125970-1,"Johnson, Rachel J.",2024-10-14 00:00:00,0.0,No
125988-1,"Morris, Jeffrey D.",2024-10-14 00:00:00,0.0,Yes
125995-1,"Morris, Judith B.",2024-10-15 00:00:00,0.0,Yes
126001-1,"Gomez, Linda U.",2024-10-15 00:00:00,0.0,Yes
126010-1,"Murphy, Michael B.",2024-10-15 00:00:00,0.0,No
126033-1,"Ortiz, Peter E.",2024-10-15 00:00:00,0.0,Yes
126062-1,"Gutierrez, Anna M.",2024-10-16 00:00:00,0.0,Yes
126069-1,"Ortiz, Jack A.",2024-10-16 00:00:00,0.0,No
126103-1,"Brown, Joyce L.",2024-10-16 00:00:00,0.0,Yes
126172-1,"Richardson, Stephen Q.",2024-10-17 00:00:00,0.0,Yes
126181-1,"Richardson, Stephen Q.",2024-10-18 00:00:00,0.0,Yes
126315-1,"Nguyen, Jessica C.",2024-10-21 00:00:00,0.0,Yes
126328-1,"Jones, Jacob Y.",2024-10-22 00:00:00,0.0,Yes
126543-1,"Green, Kathleen R.",2024-10-27 00:00:00,0.0,Yes
126578-1,"Mitchell, Kevin H.",2024-10-28 00:00:00,0.0,No
126969-1,"Lee, Gregory U.",2024-11-05 00:00:00,0.0,Yes
127075-1,"Ortiz, Jack A.",2024-11-07 00:00:00,0.0,Yes
128020-1,"Watson, Jack L.",2024-11-29 00:00:00,0.0,Yes
128070-1,"Cooper, Jose H.",2024-12-01 00:00:00,0.0,Yes
128072-1,"Cooper, Jose H.",2024-12-01 00:00:00,0.0,Yes
128135-1,"Harris, Walter K.",2024-12-02 00:00:00,0.0,Yes
128196-1,"Wilson, Emily R.",2024-12-02 00:00:00,0.0,Yes
128248-1,"Roberts, Sandra Q.",2024-12-03 00:00:00,0.0,Yes
128337-1,"Howard, Alexander D.",2024-12-04 00:00:00,0.0,Yes
128348-1,"Cabral Nunez, Stephen E.",2024-12-04 00:00:00,0.0,Yes
128409-1,"Campbell, Larry G.",2024-12-06 00:00:00,0.0,Yes
128551-1,"Mendoza, Ashley Y.",2024-12-09 00:00:00,0.0,Yes
128751-1,"Harris, Walter K.",2024-12-13 00:00:00,0.0,No
129040-1,"Mendoza, Ashley Y.",2024-12-20 00:00:00,0.0,No
129089-1,"Cox, Steven W.",2024-12-22 00:00:00,0.0,Yes
129194-1,"Green, Kathleen B.",2024-12-26 00:00:00,0.0,Yes
129195-1,"Gray, Thomas V.",2024-12-26 00:00:00,0.0,Yes
129326-1,"Morris, Judith B.",2024-12-30 00:00:00,0.0,Yes
129420-1,"Howard, Alexander D.",2025-01-01 00:00:00,0.0,Yes
129480-1,"Morgan, Patricia J.",2025-01-02 00:00:00,0.0,No
129547-1,"Mendoza, Matthew V.",2025-01-03 00:00:00,0.0,No
129582-1,"Howard, Alexander D.",2025-01-03 00:00:00,0.0,Yes
129584-1,"Gutierrez, Anna M.",2025-01-03 00:00:00,0.0,Yes
129587-1,"Ramos, Mark J.",2025-01-03 00:00:00,0.0,Yes
129611-1,"Howard, Alexander D.",2025-01-04 00:00:00,0.0,Yes
129629-1,"Jackson, Joseph S.",2025-01-04 00:00:00,0.0,Yes
129635-1,"Bennett, James J.",2025-01-04 00:00:00,0.0,Yes
129640-1,"Hall, Kimberly F.",2025-01-05 00:00:00,0.0,Yes
129641-1,"Mitchell, Kevin H.",2025-01-05 00:00:00,0.0,Yes
129643-1,"Howard, Alexander D.",2025-01-05 00:00:00,0.0,Yes
129649-1,"Lopez, Rebecca V.",2025-01-05 00:00:00,0.0,Yes
129651-1,"Lopez, Rebecca V.",2025-01-05 00:00:00,0.0,Yes
129652-1,"Lopez, Rebecca V.",2025-01-05 00:00:00,0.0,Yes
129671-1,"Clark, Brenda J.",2025-01-05 00:00:00,0.0,Yes
129672-1,"Clark, Brenda J.",2025-01-05 00:00:00,0.0,Yes
129676-1,"Jackson, Joseph S.",2025-01-05 00:00:00,0.0,Yes
129678-1,"Ramos, Samuel N.",2025-01-05 00:00:00,0.0,Yes
129777-1,"Wilson, Emily R.",2025-01-07 00:00:00,0.0,Yes
129816-1,"Nguyen, Jessica C.",2025-01-08 00:00:00,0.0,Yes
129819-1,"Scott, David B.",2025-01-08 00:00:00,0.0,No
129832-1,"Gomez, Linda U.",2025-01-08 00:00:00,0.0,No
129878-1,"Hernandez, Victoria J.",2025-01-09 00:00:00,0.0,Yes
129880-1,"Adams, Debra K.",2025-01-09 00:00:00,0.0,Yes
129882-1,"Robinson, Aaron A.",2025-01-09 00:00:00,0.0,Yes
129883-1,"Richardson, Stephen Q.",2025-01-09 00:00:00,0.0,Yes
129884-1,"Hernandez, William L.",2025-01-09 00:00:00,0.0,Yes
129953-1,"Wilson, Karen T.",2025-01-10 00:00:00,0.0,Yes
129970-1,"Campbell, Larry Q.",2025-01-10 00:00:00,0.0,Yes
129972-1,"Wilson, Karen T.",2025-01-10 00:00:00,0.0,No
130050-1,"Richardson, Stephen Q.",2025-01-11 00:00:00,0.0,Yes
130051-1,"Richardson, Stephen Q.",2025-01-11 00:00:00,0.0,Yes
130058-1,"Mitchell, Barbara K.",2025-01-11 00:00:00,0.0,Yes
130169-1,"Lopez, Rebecca V.",2025-01-14 00:00:00,0.0,Yes
130180-1,"Morris, Judith B.",2025-01-14 00:00:00,0.0,Yes
130257-1,"Martin, Donna K.",2025-01-15 00:00:00,0.0,Yes
130270-1,"Cook, William W.",2025-01-15 00:00:00,0.0,Yes
130273-1,"Evans, Justin H.",2025-01-15 00:00:00,0.0,Yes
130387-1,"Walker, Eric R.",2025-01-16 00:00:00,0.0,Yes
130434-1,"Walker, Eric R.",2025-01-17 00:00:00,0.0,Yes
130457-1,"Mitchell, Sarah M.",2025-01-18 00:00:00,0.0,Yes
130463-1,"Martin, Donna K.",2025-01-19 00:00:00,0.0,Yes
130476-1,"Lee, Gregory U.",2025-01-19 00:00:00,0.0,Yes
130486-1,"Hernandez, Victoria J.",2025-01-20 00:00:00,0.0,Yes
130487-1,"Hernandez, Victoria J.",2025-01-20 00:00:00,0.0,Yes
130492-1,"Morris, Judith B.",2025-01-20 00:00:00,0.0,Yes
130495-1,"Ward, Richard L.",2025-01-20 00:00:00,0.0,Yes
130511-1,"Mendoza, Matthew V.",2025-01-20 00:00:00,0.0,Yes
130522-1,"Allen, Henry F.",2025-01-20 00:00:00,0.0,No
130578-1,"Allen, Henry F.",2025-01-21 00:00:00,0.0,Yes
130619-1,"Cuevas Bermudez, Daniel H.",2025-01-21 00:00:00,0.0,Yes
130622-1,"Robinson, Aaron A.",2025-01-21 00:00:00,0.0,Yes
130627-1,"Cuevas Bermudez, Daniel H.",2025-01-21 00:00:00,0.0,Yes
130633-1,"Young, Jennifer C.",2025-01-21 00:00:00,0.0,Yes
130670-1,"Evans, Justin H.",2025-01-22 00:00:00,0.0,Yes
130789-1,"Collins, Paul N.",2025-01-24 00:00:00,0.0,Yes
130841-1,"Campbell, Larry Q.",2025-01-24 00:00:00,0.0,Yes
130908-1,"Ward, Richard L.",2025-01-26 00:00:00,0.0,Yes
130976-1,"Howard, Alexander D.",2025-01-27 00:00:00,0.0,Yes
131243-1,"Hernandez, Nicholas W.",2025-02-02 00:00:00,0.0,Yes
131255-1,"Morgan, Sharon L.",2025-02-02 00:00:00,0.0,Yes
131263-1,"Harris, Walter K.",2025-02-03 00:00:00,0.0,Yes
131279-1,"Gutierrez, Anna M.",2025-02-03 00:00:00,0.0,Yes
131424-1,"Harris, Walter K.",2025-02-06 00:00:00,0.0,Yes
131425-1,"Evans, Justin H.",2025-02-06 00:00:00,0.0,Yes
131429-1,"Smith, Stephanie P.",2025-02-06 00:00:00,0.0,Yes
131827-1,"Martin, Donna K.",2025-02-13 00:00:00,0.0,No
131861-1,"Harris, Walter K.",2025-02-13 00:00:00,0.0,No
122201-1,"Nguyen, Patricia A.",2024-07-24 00:00:00,0.0,Yes
122458-1,"Mitchell, Sarah M.",2024-07-30 00:00:00,0.0,Yes
125440-1,"Ruiz, George H.",2024-10-02 00:00:00,0.0,No
126602-1,"Morris, Jeffrey D.",2024-10-28 00:00:00,0.0,No
126603-1,"Scott, Andrew D.",2024-10-28 00:00:00,0.0,No
126606-1,"King, Betty K.",2024-10-28 00:00:00,0.0,No
127948-1,"Miller, Carol H.",2024-11-26 00:00:00,0.0,No
129386-1,"Bennett, James J.",2024-12-30 00:00:00,0.0,Yes
129388-1,"Ortiz, Peter E.",2024-12-30 00:00:00,0.0,Yes
129389-1,"Ortiz, Peter E.",2024-12-30 00:00:00,0.0,Yes
129391-1,"Ramos, Samuel N.",2024-12-31 00:00:00,0.0,Yes
129394-1,"Ramos, Mark J.",2024-12-31 00:00:00,0.0,Yes
129396-1,"Mitchell, Kevin H.",2024-12-31 00:00:00,0.0,Yes
129397-1,"Morris, Judith B.",2024-12-31 00:00:00,0.0,Yes
129398-1,"Gutierrez, Anna M.",2024-12-31 00:00:00,0.0,Yes
129399-1,"Gray, Anna Y.",2024-12-31 00:00:00,0.0,Yes
129400-1,"Wilson, Emily R.",2024-12-31 00:00:00,0.0,Yes
129411-1,"Torres, Emma F.",2024-12-31 00:00:00,0.0,Yes
129426-1,"Jackson, Joseph S.",2025-01-01 00:00:00,0.0,Yes
129427-1,"Robinson, Aaron A.",2025-01-01 00:00:00,0.0,Yes
129428-1,"Perez, Benjamin V.",2025-01-01 00:00:00,0.0,Yes
129429-1,"Lopez, Rebecca F.",2025-01-01 00:00:00,0.0,Yes
129438-1,"Ramirez, Joan M.",2025-01-01 00:00:00,0.0,Yes
129445-1,"Howard, Alexander D.",2025-01-01 00:00:00,0.0,Yes
129450-1,"Clark, Brenda J.",2025-01-02 00:00:00,0.0,Yes
129452-1,"Martin, Donna K.",2025-01-02 00:00:00,0.0,Yes
129454-1,"Wilson, Donna P.",2025-01-02 00:00:00,0.0,Yes
129455-1,"Johnson, Timothy G.",2025-01-02 00:00:00,0.0,Yes
129459-1,"Nguyen, Patricia A.",2025-01-02 00:00:00,0.0,Yes
129481-1,"Rogers, Evelyn Q.",2025-01-02 00:00:00,0.0,Yes
130904-1,"Richardson, Stephen Q.",2025-01-26 00:00:00,0.0,Yes
123985-1,"Jackson, Joseph S.",2024-08-30 00:00:00,0.0,Yes
124212-1,"Ramos, Samuel N.",2024-09-05 00:00:00,0.0,Yes
124725-1,"Thomas, Elizabeth E.",2024-09-17 00:00:00,0.0,No
120558-1,"Torres, Laura D.",2024-06-17 00:00:00,0.0,Yes
125694-1,"Rodriguez, Christine A.",2024-10-08 00:00:00,0.0,Yes
125713-1,"Escobar Rios, Amy D.",2024-10-08 00:00:00,0.0,Yes
125714-1,"Escobar Rios, Amy D.",2024-10-08 00:00:00,0.0,Yes
125840-1,"Peterson, Julie G.",2024-10-10 00:00:00,0.0,Yes
126161-1,"Green, Amanda M.",2024-10-17 00:00:00,0.0,No
126380-1,"Clark, Brenda J.",2024-10-23 00:00:00,0.0,Yes
126381-1,"Clark, Brenda J.",2024-10-23 00:00:00,0.0,Yes
126410-1,"Nguyen, Sharon A.",2024-10-23 00:00:00,0.0,Yes
126411-1,"Nguyen, Sharon A.",2024-10-23 00:00:00,0.0,Yes
126417-1,"Torres, Laura D.",2024-10-24 00:00:00,0.0,No
126446-1,"Mitchell, Kevin H.",2024-10-24 00:00:00,0.0,Yes
126500-1,"Mitchell, Kevin H.",2024-10-25 00:00:00,0.0,Yes
126503-1,"Peterson, Julie Q.",2024-10-25 00:00:00,0.0,Yes
126552-1,"Brown, Joyce L.",2024-10-27 00:00:00,0.0,Yes
126569-1,"Bailey, Kyle S.",2024-10-28 00:00:00,0.0,Yes
126704-1,"Murphy, Michael B.",2024-10-30 00:00:00,0.0,No
126753-1,"Ward, Richard L.",2024-10-31 00:00:00,0.0,Yes
126894-1,"Johnson, Gary L.",2024-11-03 00:00:00,0.0,Yes
126905-1,"Hernandez, William L.",2024-11-04 00:00:00,0.0,Yes
126911-1,"Johnson, Gary L.",2024-11-04 00:00:00,0.0,Yes
126928-1,"Johnson, Gary L.",2024-11-04 00:00:00,0.0,Yes
127027-1,"Torres, Laura D.",2024-11-06 00:00:00,0.0,Yes
127076-1,"Ortiz, Jack A.",2024-11-07 00:00:00,0.0,Yes
127168-1,"Lee, Gregory U.",2024-11-08 00:00:00,0.0,Yes
127169-1,"Ortiz, Jack A.",2024-11-08 00:00:00,0.0,No
127184-1,"Cooper, Jose H.",2024-11-09 00:00:00,0.0,Yes
127294-1,"Davis, Daniel T.",2024-11-12 00:00:00,0.0,No
127472-1,"Gutierrez, Anna M.",2024-11-16 00:00:00,0.0,Yes
127473-1,"Mitchell, Kevin H.",2024-11-16 00:00:00,0.0,Yes
127501-1,"Ramos, Samuel N.",2024-11-17 00:00:00,0.0,Yes
127502-1,"Mitchell, Kevin H.",2024-11-17 00:00:00,0.0,Yes
127539-1,"Morris, Judith B.",2024-11-18 00:00:00,0.0,Yes
127559-1,"Gutierrez, Anna M.",2024-11-18 00:00:00,0.0,Yes
127565-1,"Mitchell, Kevin H.",2024-11-19 00:00:00,0.0,Yes
127651-1,"Robinson, Evelyn C.",2024-11-20 00:00:00,0.0,No
127692-1,"Ortiz, Jack A.",2024-11-21 00:00:00,0.0,Yes
127738-1,"Torres, Emma F.",2024-11-22 00:00:00,0.0,Yes
127739-1,"Lopez, Rebecca V.",2024-11-22 00:00:00,0.0,Yes
127752-1,"Robinson, Evelyn C.",2024-11-22 00:00:00,0.0,Yes
127795-1,"Mitchell, Kevin H.",2024-11-22 00:00:00,0.0,Yes
127807-1,"Ortiz, Jack A.",2024-11-23 00:00:00,0.0,Yes
127837-1,"Ramos, Maria L.",2024-11-24 00:00:00,0.0,Yes
127856-1,"Rogers, Evelyn Q.",2024-11-24 00:00:00,0.0,Yes
127869-1,"Mendoza, Ashley Y.",2024-11-24 00:00:00,0.0,Yes
127874-1,"Garcia, Donald G.",2024-11-25 00:00:00,0.0,Yes
127881-1,"Stewart, Jonathan B.",2024-11-25 00:00:00,0.0,Yes
127902-1,"Howard, Alexander D.",2024-11-25 00:00:00,0.0,Yes
127904-1,"Nguyen, Jessica C.",2024-11-25 00:00:00,0.0,Yes
127906-1,"Escobar Rios, Amy D.",2024-11-25 00:00:00,0.0,Yes
127932-1,"Rogers, Evelyn Q.",2024-11-26 00:00:00,0.0,Yes
127936-1,"Jackson, Patricia U.",2024-11-26 00:00:00,0.0,Yes
127964-1,"Mendoza, Ashley Y.",2024-11-27 00:00:00,0.0,Yes
127981-1,"Mendoza, Ashley Y.",2024-11-27 00:00:00,0.0,Yes
128001-1,"Rogers, Evelyn Q.",2024-11-29 00:00:00,0.0,Yes
128039-1,"Gonzalez, Barbara V.",2024-11-30 00:00:00,0.0,Yes
128074-1,"Mitchell, Kevin H.",2024-12-01 00:00:00,0.0,Yes
128094-1,"Mitchell, Kevin H.",2024-12-01 00:00:00,0.0,Yes
128109-1,"Escobar Rios, Amy D.",2024-12-01 00:00:00,0.0,Yes
128128-1,"Howard, Alexander D.",2024-12-02 00:00:00,0.0,No
128129-1,"Cuevas Bermudez, Daniel H.",2024-12-02 00:00:00,0.0,Yes
128137-1,"Martinez, Zachary N.",2024-12-02 00:00:00,0.0,Yes
128138-1,"Martinez, Zachary N.",2024-12-02 00:00:00,0.0,Yes
128231-1,"Lee, Gregory U.",2024-12-03 00:00:00,0.0,Yes
128264-1,"Martinez, Zachary N.",2024-12-03 00:00:00,0.0,Yes
128310-1,"Delgado Pena, Emily D.",2024-12-04 00:00:00,0.0,Yes
128342-1,"Adams, Debra K.",2024-12-04 00:00:00,0.0,Yes
128343-1,"Cuevas Bermudez, Daniel H.",2024-12-04 00:00:00,0.0,Yes
128415-1,"Morris, Judith B.",2024-12-06 00:00:00,0.0,Yes
128416-1,"Diaz, Michael P.",2024-12-06 00:00:00,0.0,Yes
128420-1,"Escobar Rios, Amy D.",2024-12-06 00:00:00,0.0,Yes
128450-1,"Flores, Kenneth L.",2024-12-06 00:00:00,0.0,Yes
128460-1,"Mitchell, Kevin H.",2024-12-06 00:00:00,0.0,Yes
128463-1,"Diaz, Michael P.",2024-12-06 00:00:00,0.0,Yes
128465-1,"Bennett, James J.",2024-12-06 00:00:00,0.0,Yes
128468-1,"Wilson, Emily R.",2024-12-06 00:00:00,0.0,Yes
128471-1,"Rodriguez, Christine A.",2024-12-06 00:00:00,0.0,Yes
128477-1,"Ramos, Samuel N.",2024-12-06 00:00:00,0.0,Yes
128478-1,"Richardson, Stephen Q.",2024-12-06 00:00:00,0.0,Yes
128482-1,"Howard, Alexander D.",2024-12-07 00:00:00,0.0,Yes
128488-1,"Collins, Brian L.",2024-12-07 00:00:00,0.0,Yes
128490-1,"Garcia, Donald G.",2024-12-07 00:00:00,0.0,Yes
128493-1,"Cox, Steven W.",2024-12-07 00:00:00,0.0,Yes
128508-1,"Escobar Rios, Amy D.",2024-12-07 00:00:00,0.0,Yes
128535-1,"Morris, Judith B.",2024-12-09 00:00:00,0.0,Yes
128596-1,"Rodriguez, Christine A.",2024-12-09 00:00:00,0.0,Yes
128597-1,"Rodriguez, Christine A.",2024-12-09 00:00:00,0.0,Yes
128684-1,"Ramos, Samuel N.",2024-12-11 00:00:00,0.0,Yes
128711-1,"Lopez, Rebecca F.",2024-12-12 00:00:00,0.0,Yes
128712-1,"Lopez, Rebecca F.",2024-12-12 00:00:00,0.0,Yes
128715-1,"Diaz, Michael P.",2024-12-12 00:00:00,0.0,Yes
128720-1,"Mitchell, Kevin H.",2024-12-12 00:00:00,0.0,Yes
128721-1,"Campbell, Larry Q.",2024-12-12 00:00:00,0.0,Yes
128728-1,"Mitchell, Kevin H.",2024-12-12 00:00:00,0.0,Yes
128730-1,"Wilson, Emily R.",2024-12-12 00:00:00,0.0,Yes
128740-1,"Morris, Judith B.",2024-12-13 00:00:00,0.0,No
128748-1,"Lopez, Rebecca F.",2024-12-13 00:00:00,0.0,Yes
128841-1,"Gomez, Linda U.",2024-12-16 00:00:00,0.0,Yes
128842-1,"Gomez, Linda U.",2024-12-16 00:00:00,0.0,Yes
128863-1,"Escobar Rios, Amy D.",2024-12-16 00:00:00,0.0,No
128871-1,"Garcia, Donald G.",2024-12-16 00:00:00,0.0,No
128926-1,"Rogers, Evelyn Q.",2024-12-18 00:00:00,0.0,Yes
128935-1,"Garcia, Donald G.",2024-12-18 00:00:00,0.0,No
128998-1,"Diaz, Michael P.",2024-12-19 00:00:00,0.0,No
129022-1,"Howard, Alexander D.",2024-12-20 00:00:00,0.0,Yes
129038-1,"Davis, Daniel T.",2024-12-20 00:00:00,0.0,No
129041-1,"Cabral Nunez, Stephen E.",2024-12-20 00:00:00,0.0,No
129056-1,"Mitchell, Kevin H.",2024-12-21 00:00:00,0.0,Yes
129071-1,"Ramos, Mark J.",2024-12-22 00:00:00,0.0,Yes
129081-1,"Mitchell, Kevin H.",2024-12-22 00:00:00,0.0,Yes
129095-1,"Nguyen, Sharon A.",2024-12-23 00:00:00,0.0,Yes
129114-1,"Morgan, Patricia J.",2024-12-23 00:00:00,0.0,No
129124-1,"Morris, Judith B.",2024-12-23 00:00:00,0.0,Yes
129133-1,"Bennett, James J.",2024-12-23 00:00:00,0.0,Yes
129158-1,"Ward, Kelly J.",2024-12-25 00:00:00,0.0,Yes
129170-1,"Morris, Judith B.",2024-12-26 00:00:00,0.0,Yes
129182-1,"Rodriguez, Christine A.",2024-12-26 00:00:00,0.0,Yes
129204-1,"Mendoza, Matthew V.",2024-12-26 00:00:00,0.0,No
129222-1,"Howard, Alexander D.",2024-12-26 00:00:00,0.0,Yes
129263-1,"Rogers, Evelyn Q.",2024-12-27 00:00:00,0.0,Yes
129323-1,"Gray, Anna Y.",2024-12-30 00:00:00,0.0,No
129423-1,"Mitchell, Kevin H.",2025-01-01 00:00:00,0.0,Yes
129451-1,"Clark, Brenda J.",2025-01-02 00:00:00,0.0,Yes
129456-1,"Diaz, Michael P.",2025-01-02 00:00:00,0.0,Yes
129475-1,"Hernandez, Victoria J.",2025-01-02 00:00:00,0.0,Yes
129482-1,"Rogers, Evelyn Q.",2025-01-02 00:00:00,0.0,Yes
129483-1,"Peterson, Julie Q.",2025-01-02 00:00:00,0.0,Yes
129484-1,"Richardson, Stephen Q.",2025-01-02 00:00:00,0.0,Yes
129529-1,"Morgan, Sharon L.",2025-01-02 00:00:00,0.0,Yes
129531-1,"Richardson, Stephen Q.",2025-01-02 00:00:00,0.0,Yes
129532-1,"Richardson, Stephen Q.",2025-01-02 00:00:00,0.0,Yes
129533-1,"Ward, Kelly J.",2025-01-02 00:00:00,0.0,Yes
129538-1,"Diaz, Michael P.",2025-01-03 00:00:00,0.0,Yes
129549-1,"Martin, Donna K.",2025-01-03 00:00:00,0.0,Yes
129561-1,"Jackson, Patricia U.",2025-01-03 00:00:00,0.0,Yes
129562-1,"Morgan, Patricia J.",2025-01-03 00:00:00,0.0,No
129577-1,"Gutierrez, Laura P.",2025-01-03 00:00:00,0.0,No
129580-1,"Jones, Christina B.",2025-01-03 00:00:00,0.0,Yes
129581-1,"Williams, Scott B.",2025-01-03 00:00:00,0.0,No
129591-1,"Morris, Judith B.",2025-01-03 00:00:00,0.0,Yes
129645-1,"Mitchell, Kevin H.",2025-01-05 00:00:00,0.0,Yes
129680-1,"Gomez, Linda U.",2025-01-05 00:00:00,0.0,Yes
129683-1,"Ramirez, Joan M.",2025-01-05 00:00:00,0.0,Yes
129684-1,"Jackson, Joseph S.",2025-01-05 00:00:00,0.0,Yes
129685-1,"Ramirez, Joan M.",2025-01-05 00:00:00,0.0,Yes
129686-1,"Rivera, Nathan M.",2025-01-05 00:00:00,0.0,Yes
129694-1,"Hernandez, Victoria J.",2025-01-06 00:00:00,0.0,Yes
129720-1,"Robinson, Aaron A.",2025-01-06 00:00:00,0.0,Yes
129721-1,"Rogers, Evelyn Q.",2025-01-06 00:00:00,0.0,Yes
129728-1,"Ramos, Samuel N.",2025-01-06 00:00:00,0.0,Yes
129733-1,"Adams, Debra K.",2025-01-06 00:00:00,0.0,Yes
129734-1,"Richardson, Stephen Q.",2025-01-06 00:00:00,0.0,Yes
129735-1,"Ramos, Samuel N.",2025-01-06 00:00:00,0.0,Yes
129737-1,"Johnson, Gary L.",2025-01-06 00:00:00,0.0,Yes
129741-1,"Adams, Debra K.",2025-01-06 00:00:00,0.0,Yes
129742-1,"Adams, Debra K.",2025-01-06 00:00:00,0.0,Yes
129754-1,"Wilson, Donna P.",2025-01-07 00:00:00,0.0,Yes
129759-1,"Hall, Kimberly F.",2025-01-07 00:00:00,0.0,Yes
129768-1,"Ramos, Mark J.",2025-01-07 00:00:00,0.0,Yes
129793-1,"Escobar Rios, Amy D.",2025-01-07 00:00:00,0.0,Yes
129810-1,"Howard, Alexander D.",2025-01-08 00:00:00,0.0,Yes
129831-1,"Roberts, Edward U.",2025-01-08 00:00:00,0.0,No
129843-1,"Ramos, Samuel N.",2025-01-08 00:00:00,0.0,Yes
129873-1,"Diaz, Michael P.",2025-01-08 00:00:00,0.0,Yes
129881-1,"Mendoza, Matthew V.",2025-01-09 00:00:00,0.0,Yes
129887-1,"Rivera, Nathan M.",2025-01-09 00:00:00,0.0,No
129891-1,"Bennett, James J.",2025-01-09 00:00:00,0.0,No
129892-1,"Ramos, Samuel N.",2025-01-09 00:00:00,0.0,No
129902-1,"Johnson, Gary L.",2025-01-09 00:00:00,0.0,No
129903-1,"Ward, Kelly J.",2025-01-09 00:00:00,0.0,No
129950-1,"Mitchell, Kevin H.",2025-01-09 00:00:00,0.0,Yes
130008-1,"Robinson, Evelyn C.",2025-01-10 00:00:00,0.0,Yes
130009-1,"Robinson, Evelyn C.",2025-01-10 00:00:00,0.0,Yes
130036-1,"Ramos, Samuel N.",2025-01-11 00:00:00,0.0,Yes
130040-1,"Davis, Daniel T.",2025-01-11 00:00:00,0.0,Yes
130047-1,"Richardson, Stephen Q.",2025-01-11 00:00:00,0.0,Yes
130048-1,"Richardson, Stephen Q.",2025-01-11 00:00:00,0.0,Yes
130049-1,"Richardson, Stephen Q.",2025-01-11 00:00:00,0.0,Yes
130052-1,"Lopez, Rebecca V.",2025-01-11 00:00:00,0.0,Yes
130054-1,"Lopez, Rebecca V.",2025-01-11 00:00:00,0.0,Yes
130057-1,"Mitchell, Barbara K.",2025-01-11 00:00:00,0.0,Yes
130077-1,"Morris, Judith B.",2025-01-12 00:00:00,0.0,Yes
130085-1,"Young, Jennifer C.",2025-01-12 00:00:00,0.0,Yes
130086-1,"Martin, Donna K.",2025-01-12 00:00:00,0.0,Yes
130101-1,"Diaz, Michael P.",2025-01-13 00:00:00,0.0,Yes
130134-1,"Nguyen, Jessica C.",2025-01-13 00:00:00,0.0,Yes
130140-1,"Walker, Eric R.",2025-01-13 00:00:00,0.0,Yes
130181-1,"Flores, Kenneth L.",2025-01-14 00:00:00,0.0,Yes
130333-1,"Howard, Alexander D.",2025-01-15 00:00:00,0.0,Yes
130337-1,"Nguyen, Jessica C.",2025-01-15 00:00:00,0.0,Yes
130375-1,"Moore, Dorothy W.",2025-01-16 00:00:00,0.0,Yes
130658-1,"Walker, Eric R.",2025-01-22 00:00:00,0.0,Yes
130690-1,"Morris, Adam F.",2025-01-22 00:00:00,0.0,Yes
130692-1,"Lopez, Rebecca V.",2025-01-22 00:00:00,0.0,No
130693-1,"Lopez, Rebecca V.",2025-01-22 00:00:00,0.0,No
130788-1,"Cuevas Bermudez, Daniel H.",2025-01-24 00:00:00,0.0,Yes
130795-1,"Diaz, Michael P.",2025-01-24 00:00:00,0.0,Yes
130797-1,"Mitchell, Barbara K.",2025-01-24 00:00:00,0.0,No
130815-1,"Green, Kathleen B.",2025-01-24 00:00:00,0.0,No
130819-1,"Green, Kathleen B.",2025-01-24 00:00:00,0.0,No
130827-1,"Young, Jennifer C.",2025-01-24 00:00:00,0.0,No
130828-1,"Young, Jennifer C.",2025-01-24 00:00:00,0.0,No
130850-1,"Adams, Debra K.",2025-01-24 00:00:00,0.0,Yes
130874-1,"Johnson, Rachel J.",2025-01-25 00:00:00,0.0,Yes
130895-1,"Rodriguez, Christine A.",2025-01-26 00:00:00,0.0,Yes
130897-1,"Rodriguez, Christine A.",2025-01-26 00:00:00,0.0,Yes
130898-1,"Rodriguez, Christine A.",2025-01-26 00:00:00,0.0,Yes
130907-1,"Ward, Richard L.",2025-01-26 00:00:00,0.0,Yes
130921-1,"Mendoza, Matthew V.",2025-01-27 00:00:00,0.0,Yes
130926-1,"Lopez, Rebecca V.",2025-01-27 00:00:00,0.0,No
130931-1,"Wilson, Emily R.",2025-01-27 00:00:00,0.0,Yes
130933-1,"Diaz, Michael P.",2025-01-27 00:00:00,0.0,No
130934-1,"Escobar Rios, Amy D.",2025-01-27 00:00:00,0.0,Yes
130936-1,"Escobar Rios, Amy D.",2025-01-27 00:00:00,0.0,Yes
130937-1,"Escobar Rios, Amy D.",2025-01-27 00:00:00,0.0,Yes
130950-1,"Morris, Judith B.",2025-01-27 00:00:00,0.0,No
130953-1,"Gray, Anna Y.",2025-01-27 00:00:00,0.0,Yes
131014-1,"Anderson, Margaret F.",2025-01-28 00:00:00,0.0,No
131018-1,"Anderson, Margaret F.",2025-01-28 00:00:00,0.0,Yes
131110-1,"Johnson, Timothy G.",2025-01-30 00:00:00,0.0,Yes
131111-1,"Johnson, Timothy G.",2025-01-30 00:00:00,0.0,Yes
131136-1,"Morris, Judith B.",2025-01-30 00:00:00,0.0,Yes
131188-1,"Harris, Walter K.",2025-01-31 00:00:00,0.0,No
131198-1,"Jackson, Joseph S.",2025-01-31 00:00:00,0.0,Yes
131199-1,"Jackson, Joseph S.",2025-01-31 00:00:00,0.0,Yes
131200-1,"Scott, David B.",2025-01-31 00:00:00,0.0,Yes
131206-1,"Gutierrez, Anna M.",2025-02-01 00:00:00,0.0,Yes
131253-1,"Johnson, Gary L.",2025-02-02 00:00:00,0.0,Yes
131266-1,"Hernandez, Victoria J.",2025-02-03 00:00:00,0.0,Yes
131278-1,"Clark, Brenda S.",2025-02-03 00:00:00,0.0,No
131289-1,"Escobar Rios, Amy D.",2025-02-03 00:00:00,0.0,Yes
131299-1,"Johnson, Rachel J.",2025-02-03 00:00:00,0.0,Yes
131323-1,"Ramos, Mark J.",2025-02-04 00:00:00,0.0,Yes
131324-1,"Cuevas Bermudez, Daniel H.",2025-02-04 00:00:00,0.0,Yes
131371-1,"Green, Kathleen B.",2025-02-05 00:00:00,0.0,No
131388-1,"Clark, Brenda J.",2025-02-05 00:00:00,0.0,Yes
131461-1,"Delgado Pena, Emily D.",2025-02-06 00:00:00,0.0,Yes
131464-1,"Lopez, Rebecca V.",2025-02-06 00:00:00,0.0,Yes
131482-1,"Rogers, Evelyn Q.",2025-02-07 00:00:00,0.0,Yes
131483-1,"Rogers, Evelyn Q.",2025-02-07 00:00:00,0.0,Yes
131559-1,"Watson, Jack L.",2025-02-09 00:00:00,0.0,Yes
131563-1,"Hughes, Megan K.",2025-02-09 00:00:00,0.0,Yes
131673-1,"Rogers, Evelyn Q.",2025-02-11 00:00:00,0.0,Yes
131697-1,"Smith, Stephanie P.",2025-02-11 00:00:00,0.0,No
131698-1,"Smith, Stephanie P.",2025-02-11 00:00:00,0.0,No
131790-1,"Hughes, Megan K.",2025-02-12 00:00:00,0.0,No
131793-1,"Smith, Stephanie P.",2025-02-12 00:00:00,0.0,No
131852-1,"Lopez, Rebecca F.",2025-02-13 00:00:00,0.0,Yes
131853-1,"Smith, Stephanie P.",2025-02-13 00:00:00,0.0,No
131878-1,"Ortiz, Peter E.",2025-02-14 00:00:00,0.0,Yes
131892-1,"Smith, Stephanie P.",2025-02-14 00:00:00,0.0,No
131952-1,"Brown, Joyce L.",2025-02-16 00:00:00,0.0,Yes
131956-1,"Brown, Joyce L.",2025-02-16 00:00:00,0.0,Yes
131986-1,"Murphy, Michael B.",2025-02-17 00:00:00,0.0,No
132057-1,"Gonzalez, Barbara V.",2025-02-18 00:00:00,0.0,No
132114-1,"Richardson, Stephen Q.",2025-02-18 00:00:00,0.0,Yes
94249-1,"Hernandez, William L.",2022-02-25 00:00:00,0.0,Yes
94417-1,"Rogers, Evelyn Q.",2022-03-04 00:00:00,0.0,No
94426-1,"Morris, Jeffrey D.",2022-03-04 00:00:00,0.0,Yes
94433-1,"Harris, Jerry H.",2022-03-05 00:00:00,0.0,Yes
94434-1,"Harris, Jerry H.",2022-03-05 00:00:00,0.0,Yes
94466-1,"Lewis, Kimberly M.",2022-03-07 00:00:00,0.0,Yes
94472-1,"Morris, Jeffrey D.",2022-03-07 00:00:00,0.0,Yes
94492-1,"Flores, Kenneth L.",2022-03-07 00:00:00,0.0,Yes
94553-1,"Thomas, Nicholas C.",2022-03-10 00:00:00,0.0,No
94664-1,"Wood, Alexander R.",2022-03-14 00:00:00,0.0,Yes
94671-1,"Moore, Samantha U.",2022-03-14 00:00:00,0.0,No
94732-1,"Rodriguez, Kenneth W.",2022-03-16 00:00:00,0.0,Yes
94752-1,"Gutierrez, Anna M.",2022-03-17 00:00:00,0.0,No
94775-1,"Kim, Christine E.",2022-03-18 00:00:00,0.0,No
94811-1,"Nguyen, Sharon A.",2022-03-20 00:00:00,0.0,Yes
94815-1,"Kelly, Gary S.",2022-03-20 00:00:00,0.0,Yes
95020-1,"Taylor, Raymond N.",2022-03-28 00:00:00,0.0,No
95032-1,"Baker, Carol V.",2022-03-29 00:00:00,0.0,Yes
95048-1,"Gomez, Lisa Q.",2022-03-29 00:00:00,0.0,No
95120-1,"Brooks, Amanda Y.",2022-04-01 00:00:00,0.0,Yes
95215-1,"Murphy, Walter Y.",2022-04-05 00:00:00,0.0,Yes
95226-1,"Rogers, Evelyn Q.",2022-04-05 00:00:00,0.0,Yes
95254-1,"Allen, Joan T.",2022-04-07 00:00:00,0.0,Yes
95276-1,"Rogers, Evelyn Q.",2022-04-08 00:00:00,0.0,Yes
95330-1,"Gray, Thomas V.",2022-04-12 00:00:00,0.0,Yes
95331-1,"Gray, Thomas V.",2022-04-12 00:00:00,0.0,Yes
95338-1,"Lopez, Henry T.",2022-04-12 00:00:00,0.0,No
95345-1,"Ramirez, Henry K.",2022-04-12 00:00:00,0.0,No
95346-1,"Hernandez, Victoria L.",2022-04-12 00:00:00,0.0,No
95347-1,"Gutierrez, Thomas M.",2022-04-12 00:00:00,0.0,No
95348-1,"Flores, Kenneth N.",2022-04-12 00:00:00,0.0,No
95357-1,"Gutierrez, Anna M.",2022-04-13 00:00:00,0.0,Yes
95427-1,"Jones, Justin V.",2022-04-15 00:00:00,0.0,No
95483-1,"Taylor, Raymond N.",2022-04-18 00:00:00,0.0,Yes
95505-1,"Espinoza Camacho, Judith F.",2022-04-19 00:00:00,0.0,No
95526-1,"Evans, Jonathan F.",2022-04-20 00:00:00,0.0,Yes
95582-1,"Gomez, Lisa J.",2022-04-24 00:00:00,0.0,Yes
95595-1,"Allen, Joan T.",2022-04-25 00:00:00,0.0,Yes
95615-1,"Taylor, Raymond N.",2022-04-25 00:00:00,0.0,Yes
95618-1,"Rogers, Aaron N.",2022-04-25 00:00:00,0.0,Yes
95627-1,"Gonzalez, Amy K.",2022-04-25 00:00:00,0.0,Yes
95643-1,"Johnson, Timothy A.",2022-04-25 00:00:00,0.0,Yes
95664-1,"Nelson, Jose V.",2022-04-26 00:00:00,0.0,Yes
95715-1,"Stewart, Christina P.",2022-04-27 00:00:00,0.0,Yes
95739-1,"Gomez, Lisa J.",2022-04-28 00:00:00,0.0,Yes
95751-1,"Bailey, Deborah Q.",2022-04-29 00:00:00,0.0,Yes
95786-1,"Ortiz, Sandra C.",2022-05-01 00:00:00,0.0,Yes
95799-1,"Nelson, Jose V.",2022-05-02 00:00:00,0.0,Yes
95811-1,"Rogers, Aaron N.",2022-05-02 00:00:00,0.0,Yes
95812-1,"Rogers, Aaron N.",2022-05-02 00:00:00,0.0,Yes
95829-1,"Rogers, Aaron N.",2022-05-02 00:00:00,0.0,Yes
95843-1,"Flores, Kenneth N.",2022-05-03 00:00:00,0.0,No
95851-1,"Ortiz, Sandra C.",2022-05-03 00:00:00,0.0,Yes
95859-1,"Kelly, Gary S.",2022-05-04 00:00:00,0.0,Yes
95870-1,"Gonzalez, Amy K.",2022-05-04 00:00:00,699.0,Yes
96025-1,"Rodriguez, Kenneth W.",2022-05-09 00:00:00,0.0,Yes
96044-1,"Rodriguez, Kenneth W.",2022-05-10 00:00:00,0.0,Yes
96064-1,"Hughes, Emily F.",2022-05-11 00:00:00,0.0,Yes
96097-1,"Lopez, Henry T.",2022-05-12 00:00:00,0.0,Yes
96100-1,"Harris, Melissa F.",2022-05-12 00:00:00,0.0,Yes
96107-1,"Ortiz, Sandra C.",2022-05-13 00:00:00,0.0,Yes
96119-1,"Moore, Samantha U.",2022-05-13 00:00:00,0.0,Yes
96127-1,"Thompson, Benjamin K.",2022-05-14 00:00:00,0.0,Yes
96146-1,"Cox, Larry U.",2022-05-15 00:00:00,0.0,Yes
96159-1,"Rodriguez, Kenneth W.",2022-05-16 00:00:00,0.0,No
96168-1,"Green, Amanda P.",2022-05-16 00:00:00,0.0,No
96181-1,"Ortiz, Sandra C.",2022-05-16 00:00:00,0.0,Yes
96268-1,"Adams, Joshua F.",2022-05-20 00:00:00,0.0,No
96270-1,"Wright, Jennifer J.",2022-05-20 00:00:00,0.0,Yes
96310-1,"Campbell, Susan W.",2022-05-22 00:00:00,0.0,Yes
96413-1,"Martinez, Paul U.",2022-05-25 00:00:00,0.0,No
96457-1,"Lopez, Henry T.",2022-05-27 00:00:00,0.0,Yes
96475-1,"Moore, Samantha U.",2022-05-27 00:00:00,0.0,No
96518-1,"Bailey, Mary N.",2022-05-30 00:00:00,95.0,Yes
96599-1,"Wright, Tyler Q.",2022-06-01 00:00:00,0.0,No
96692-1,"Scott, David B.",2022-06-05 00:00:00,0.0,Yes
96700-1,"Evans, Jonathan F.",2022-06-06 00:00:00,0.0,Yes
96742-1,"Mitchell, Kevin B.",2022-06-07 00:00:00,0.0,No
96758-1,"Evans, Jonathan F.",2022-06-08 00:00:00,0.0,Yes
96807-1,"Harris, Melissa F.",2022-06-09 00:00:00,0.0,No
96812-1,"Cook, Victoria U.",2022-06-09 00:00:00,0.0,Yes
96838-1,"Cooper, Diane F.",2022-06-10 00:00:00,0.0,No
96850-1,"Taylor, Steven E.",2022-06-11 00:00:00,0.0,Yes
96910-1,"Flores, Kenneth E.",2022-06-14 00:00:00,0.0,Yes
96934-1,"Cook, Victoria U.",2022-06-14 00:00:00,0.0,Yes
96957-1,"Morales, Kelly W.",2022-06-15 00:00:00,0.0,Yes
97039-1,"Gutierrez, Anna M.",2022-06-20 00:00:00,0.0,Yes
97065-1,"Campbell, Susan E.",2022-06-21 00:00:00,0.0,Yes
97077-1,"Evans, Jonathan F.",2022-06-22 00:00:00,0.0,Yes
97090-1,"Ramirez, Rebecca D.",2022-06-22 00:00:00,0.0,No
97091-1,"Ramirez, Rebecca D.",2022-06-22 00:00:00,0.0,No
97097-1,"Lewis, Kimberly T.",2022-06-22 00:00:00,0.0,Yes
97123-1,"Thompson, Benjamin K.",2022-06-23 00:00:00,0.0,No
97176-1,"Rogers, Aaron N.",2022-06-25 00:00:00,95.0,Yes
97179-1,"Rodriguez, Kenneth W.",2022-06-25 00:00:00,0.0,Yes
97196-1,"James, Brandon Q.",2022-06-27 00:00:00,0.0,Yes
97211-1,"Mitchell, Barbara K.",2022-06-27 00:00:00,0.0,Yes
97240-1,"Clark, Aaron L.",2022-06-27 00:00:00,0.0,No
97272-1,"Carter, Nicole K.",2022-06-28 00:00:00,0.0,Yes
97326-1,"Wood, Lauren R.",2022-07-01 00:00:00,0.0,No
97347-1,"Roberts, Sandra Q.",2022-07-01 00:00:00,120.0,No
97349-1,"Wilson, Donna P.",2022-07-01 00:00:00,0.0,No
97390-1,"Martinez, Paul C.",2022-07-03 00:00:00,0.0,Yes
97418-1,"Chavez, Dorothy L.",2022-07-04 00:00:00,0.0,Yes
97447-1,"Taylor, Raymond N.",2022-07-05 00:00:00,0.0,Yes
97468-1,"Williams, Daniel V.",2022-07-06 00:00:00,0.0,Yes
97474-1,"Cook, Victoria U.",2022-07-06 00:00:00,0.0,No
97533-1,"Ortiz, Sandra C.",2022-07-08 00:00:00,0.0,Yes
97543-1,"Ramirez, Henry K.",2022-07-08 00:00:00,0.0,No
97548-1,"Collins, Brian L.",2022-07-08 00:00:00,0.0,No
97581-1,"Richardson, Ronald N.",2022-07-10 00:00:00,0.0,Yes
97584-1,"Diaz, Melissa R.",2022-07-10 00:00:00,0.0,Yes
97602-1,"Collins, Brian L.",2022-07-11 00:00:00,0.0,Yes
97607-1,"Diaz, Michael P.",2022-07-11 00:00:00,0.0,Yes
97616-1,"Cook, Victoria U.",2022-07-11 00:00:00,0.0,No
97633-1,"Phillips, Andrew K.",2022-07-11 00:00:00,0.0,Yes
97637-1,"Lopez, Katherine K.",2022-07-12 00:00:00,120.0,Yes
97642-1,"Cook, Victoria U.",2022-07-12 00:00:00,0.0,Yes
97661-1,"Hernandez, Victoria J.",2022-07-12 00:00:00,0.0,Yes
97684-1,"Johnson, Brandon G.",2022-07-13 00:00:00,0.0,Yes
97685-1,"Johnson, Brandon G.",2022-07-13 00:00:00,0.0,Yes
97709-1,"Cruz, Charles E.",2022-07-14 00:00:00,0.0,No
97721-1,"Bailey, Mary N.",2022-07-14 00:00:00,0.0,No
97743-1,"Miller, Pamela V.",2022-07-15 00:00:00,0.0,No
97755-1,"Lee, Zachary S.",2022-07-16 00:00:00,0.0,Yes
97783-1,"Richardson, Ronald N.",2022-07-18 00:00:00,0.0,No
97805-1,"Flores, Kenneth E.",2022-07-19 00:00:00,0.0,Yes
97835-1,"Brown, Linda J.",2022-07-19 00:00:00,0.0,Yes
97852-1,"Allen, Joan T.",2022-07-20 00:00:00,0.0,Yes
97865-1,"Stewart, Christina P.",2022-07-20 00:00:00,0.0,No
97899-1,"Cabral Nunez, Stephen E.",2022-07-20 00:00:00,0.0,Yes
98051-1,"Diaz, Melissa R.",2022-07-25 00:00:00,0.0,No
98077-1,"Peterson, Ronald C.",2022-07-26 00:00:00,0.0,No
98078-1,"Parker, Joyce A.",2022-07-26 00:00:00,0.0,No
98092-1,"Baker, Carol V.",2022-07-26 00:00:00,0.0,Yes
98100-1,"Edwards, Mark U.",2022-07-27 00:00:00,0.0,Yes
98134-1,"Cruz, Charles E.",2022-07-28 00:00:00,0.0,Yes
98175-1,"Ward, Carolyn G.",2022-07-29 00:00:00,0.0,Yes
98196-1,"Smith, Ashley M.",2022-07-31 00:00:00,0.0,Yes
98197-1,"Smith, Ashley M.",2022-07-31 00:00:00,0.0,Yes
98219-1,"Edwards, Mark U.",2022-08-01 00:00:00,0.0,Yes
98308-1,"Smith, Ashley M.",2022-08-03 00:00:00,0.0,Yes
98320-1,"Wright, Jennifer Q.",2022-08-03 00:00:00,0.0,Yes
98350-1,"Harris, Jerry H.",2022-08-04 00:00:00,0.0,Yes
98408-1,"Hughes, Karen H.",2022-08-07 00:00:00,0.0,Yes
98643-1,"Wright, Jennifer Q.",2022-08-16 00:00:00,0.0,No
98645-1,"Green, Amanda P.",2022-08-16 00:00:00,0.0,No
98776-1,"Hernandez, Victoria C.",2022-08-22 00:00:00,0.0,No
98807-1,"Nelson, Jose V.",2022-08-23 00:00:00,0.0,Yes
98808-1,"Gonzalez, Amy K.",2022-08-23 00:00:00,0.0,Yes
98840-1,"Johnson, Timothy G.",2022-08-24 00:00:00,0.0,Yes
98874-1,"Green, Janet P.",2022-08-26 00:00:00,0.0,Yes
98984-1,"Williams, Debra Y.",2022-08-30 00:00:00,0.0,No
99010-1,"Roberts, Sandra Q.",2022-08-31 00:00:00,0.0,Yes
99086-1,"Carter, Nicole K.",2022-09-02 00:00:00,0.0,No
99128-1,"Roberts, Sandra J.",2022-09-04 00:00:00,0.0,Yes
99224-1,"Hernandez, William L.",2022-09-08 00:00:00,0.0,Yes
99235-1,"Gutierrez, Thomas M.",2022-09-08 00:00:00,0.0,No
99236-1,"Ramirez, Henry K.",2022-09-08 00:00:00,0.0,No
99237-1,"Flores, Kenneth N.",2022-09-08 00:00:00,0.0,No
99255-1,"Kelly, Gary A.",2022-09-09 00:00:00,0.0,Yes
99265-1,"Williams, Debra Y.",2022-09-09 00:00:00,0.0,No
99272-1,"Ortiz, Jack A.",2022-09-09 00:00:00,0.0,Yes
99318-1,"Robinson, Aaron A.",2022-09-11 00:00:00,0.0,Yes
99344-1,"White, Kyle G.",2022-09-12 00:00:00,0.0,Yes
99365-1,"Miller, Pamela V.",2022-09-13 00:00:00,0.0,Yes
99370-1,"Jones, Jonathan M.",2022-09-13 00:00:00,0.0,No
99394-1,"Morgan, Patricia J.",2022-09-14 00:00:00,0.0,No
99490-1,"Lopez, Henry T.",2022-09-19 00:00:00,0.0,Yes
99583-1,"Thomas, Elizabeth E.",2022-09-21 00:00:00,0.0,No
99622-1,"Williams, Debra Y.",2022-09-22 00:00:00,0.0,No
99628-1,"Flores, Christine N.",2022-09-22 00:00:00,0.0,Yes
99634-1,"Lopez, Henry T.",2022-09-22 00:00:00,0.0,Yes
99638-1,"Parker, Lisa C.",2022-09-23 00:00:00,0.0,Yes
99667-1,"Jones, Jacob Y.",2022-09-24 00:00:00,0.0,Yes
99686-1,"Johnson, Rachel J.",2022-09-26 00:00:00,0.0,Yes
99765-1,"Hernandez, Victoria J.",2022-09-28 00:00:00,0.0,No
99773-1,"Cox, Steven W.",2022-09-28 00:00:00,0.0,No
99782-1,"Flores, Christine N.",2022-09-28 00:00:00,0.0,Yes
99960-1,"Brown, Linda J.",2022-10-04 00:00:00,0.0,No
99968-1,"Williams, Daniel V.",2022-10-04 00:00:00,0.0,Yes
99994-1,"Morris, Jeffrey D.",2022-10-04 00:00:00,0.0,Yes
100000-1,"Gomez, Helen S.",2022-10-05 00:00:00,0.0,Yes
100032-1,"Jones, Jacob Y.",2022-10-06 00:00:00,0.0,Yes
100160-1,"Bennett, James J.",2022-10-11 00:00:00,0.0,Yes
100192-1,"Ortiz, Jack A.",2022-10-12 00:00:00,0.0,No
100235-1,"Thompson, Adam B.",2022-10-13 00:00:00,0.0,No
100267-1,"Brooks, Amanda Y.",2022-10-14 00:00:00,0.0,Yes
100279-1,"Campbell, Susan W.",2022-10-16 00:00:00,0.0,Yes
100284-1,"Castro Fuentes, Sharon G.",2022-10-16 00:00:00,0.0,Yes
100315-1,"Kim, Christine E.",2022-10-17 00:00:00,0.0,No
100331-1,"Diaz, Michael P.",2022-10-18 00:00:00,0.0,Yes
100368-1,"Johnson, Timothy G.",2022-10-18 00:00:00,0.0,Yes
100402-1,"Martinez, Paul C.",2022-10-19 00:00:00,0.0,Yes
100486-1,"Watson, Jack L.",2022-10-24 00:00:00,0.0,No
100501-1,"King, Betty K.",2022-10-25 00:00:00,0.0,No
100519-1,"Martinez, Paul C.",2022-10-25 00:00:00,0.0,Yes
100530-1,"Bennett, James J.",2022-10-25 00:00:00,0.0,Yes
100535-1,"Evans, Jonathan F.",2022-10-25 00:00:00,0.0,Yes
100545-1,"Williams, Daniel V.",2022-10-26 00:00:00,0.0,Yes
100556-1,"Smith, Ashley M.",2022-10-26 00:00:00,0.0,Yes
100581-1,"Howard, Betty Y.",2022-10-27 00:00:00,0.0,Yes
100649-1,"Cox, Larry U.",2022-10-30 00:00:00,0.0,Yes
100660-1,"Smith, Ashley M.",2022-10-31 00:00:00,0.0,Yes
100668-1,"Bennett, Michelle A.",2022-10-31 00:00:00,0.0,Yes
100679-1,"Harris, Jerry H.",2022-10-31 00:00:00,0.0,No
100689-1,"Howard, Betty Y.",2022-11-01 00:00:00,0.0,Yes
100741-1,"Lewis, Kimberly T.",2022-11-02 00:00:00,0.0,Yes
100758-1,"Flores, Kenneth E.",2022-11-03 00:00:00,0.0,Yes
100806-1,"Hughes, Karen H.",2022-11-04 00:00:00,0.0,No
100835-1,"Collins, Brian L.",2022-11-06 00:00:00,0.0,Yes
100853-1,"Roberts, Sandra Q.",2022-11-07 00:00:00,0.0,No
100867-1,"Cabral Nunez, Stephen E.",2022-11-07 00:00:00,0.0,Yes
100870-1,"Chavez, Christopher N.",2022-11-07 00:00:00,0.0,No
100877-1,"Cruz, Charles E.",2022-11-07 00:00:00,0.0,No
100925-1,"Moore, Samantha U.",2022-11-09 00:00:00,0.0,Yes
100934-1,"Bennett, James J.",2022-11-09 00:00:00,0.0,No
100972-1,"White, Kyle G.",2022-11-10 00:00:00,0.0,No
101014-1,"Howard, Betty Y.",2022-11-12 00:00:00,0.0,Yes
101093-1,"Carter, Nicole K.",2022-11-15 00:00:00,0.0,Yes
101128-1,"Martinez, Paul C.",2022-11-15 00:00:00,0.0,Yes
101137-1,"Green, Amanda M.",2022-11-16 00:00:00,0.0,No
101138-1,"Flores, Kenneth L.",2022-11-16 00:00:00,0.0,Yes
101141-1,"Clark, Aaron L.",2022-11-16 00:00:00,0.0,No
101199-1,"Morris, Jeffrey D.",2022-11-17 00:00:00,0.0,Yes
101212-1,"Stewart, Jacob F.",2022-11-18 00:00:00,0.0,Yes
101214-1,"Wright, Jennifer Q.",2022-11-18 00:00:00,0.0,Yes
101232-1,"Rodriguez, Kenneth W.",2022-11-18 00:00:00,0.0,Yes
101394-1,"Flores, Christine N.",2022-11-24 00:00:00,0.0,Yes
101451-1,"Mitchell, Kevin H.",2022-11-28 00:00:00,0.0,Yes
101459-1,"Parker, Lisa C.",2022-11-28 00:00:00,0.0,No
101478-1,"Flores, Kenneth E.",2022-11-29 00:00:00,0.0,Yes
101522-1,"Mitchell, Barbara K.",2022-11-30 00:00:00,0.0,No
101527-1,"Brown, Linda J.",2022-11-30 00:00:00,0.0,No
101568-1,"Bailey, Deborah Q.",2022-12-01 00:00:00,0.0,Yes
101596-1,"Roberts, Sandra Q.",2022-12-01 00:00:00,0.0,No
101612-1,"Thompson, Adam B.",2022-12-02 00:00:00,0.0,Yes
101631-1,"Cruz, Charles E.",2022-12-02 00:00:00,0.0,No
101633-1,"Bennett, James J.",2022-12-02 00:00:00,0.0,No
101635-1,"Ortiz, Sandra C.",2022-12-02 00:00:00,0.0,Yes
101639-1,"Stewart, Christina P.",2022-12-02 00:00:00,0.0,Yes
101743-1,"Sanchez, Dennis W.",2022-12-06 00:00:00,0.0,Yes
101764-1,"White, Kyle G.",2022-12-06 00:00:00,0.0,Yes
101803-1,"Flores, Kenneth L.",2022-12-08 00:00:00,0.0,No
101875-1,"Allen, Katherine D.",2022-12-11 00:00:00,0.0,Yes
101920-1,"Moore, Samantha U.",2022-12-13 00:00:00,0.0,Yes
102045-1,"Lewis, Kimberly T.",2022-12-18 00:00:00,0.0,Yes
102170-1,"James, Timothy S.",2022-12-22 00:00:00,0.0,Yes
102210-1,"Stewart, Jacob F.",2022-12-23 00:00:00,0.0,Yes
102323-1,"Gray, Thomas V.",2022-12-26 00:00:00,0.0,Yes
102350-1,"Phillips, Frank T.",2022-12-27 00:00:00,0.0,No
102359-1,"Watson, Jack L.",2022-12-27 00:00:00,0.0,Yes
102365-1,"Ward, Carolyn G.",2022-12-27 00:00:00,0.0,No
102372-1,"Martin, Donna B.",2022-12-27 00:00:00,0.0,Yes
102426-1,"Turner, Kelly E.",2022-12-28 00:00:00,0.0,Yes
102432-1,"King, Ryan H.",2022-12-28 00:00:00,0.0,No
102444-1,"White, Kyle G.",2022-12-28 00:00:00,0.0,No
102448-1,"Robinson, Aaron A.",2022-12-28 00:00:00,0.0,Yes
102465-1,"Sanchez, Dennis W.",2022-12-28 00:00:00,0.0,Yes
102533-1,"Gonzalez, Sarah H.",2022-12-30 00:00:00,0.0,No
102602-1,"Cruz, Charles E.",2023-01-03 00:00:00,0.0,No
102604-1,"Kim, Nancy G.",2023-01-03 00:00:00,0.0,Yes
102610-1,"Mendoza, Matthew V.",2023-01-03 00:00:00,0.0,No
102615-1,Business Tenant 11,2023-01-03 00:00:00,0.0,Yes
102624-1,"Hernandez, William L.",2023-01-03 00:00:00,0.0,No
102638-1,"Allen, Katherine D.",2023-01-04 00:00:00,0.0,Yes
102674-1,"Diaz, Melissa R.",2023-01-04 00:00:00,0.0,Yes
102688-1,"Morgan, Patricia J.",2023-01-05 00:00:00,0.0,No
102768-1,"Kelly, Gary A.",2023-01-07 00:00:00,0.0,Yes
102793-1,"Gonzalez, Sarah H.",2023-01-08 00:00:00,0.0,Yes
102824-1,"Hall, Shirley D.",2023-01-09 00:00:00,0.0,Yes
102830-1,"Evans, Jonathan F.",2023-01-09 00:00:00,0.0,Yes
102856-1,"Smith, Matthew K.",2023-01-10 00:00:00,0.0,No
102871-1,"Richardson, Ronald N.",2023-01-10 00:00:00,0.0,No
102892-1,"Ortiz, Jack A.",2023-01-11 00:00:00,0.0,Yes
102915-1,"Ward, Carolyn G.",2023-01-11 00:00:00,0.0,Yes
103013-1,"Martinez, Paul C.",2023-01-16 00:00:00,0.0,No
103052-1,"Parker, Lisa C.",2023-01-17 00:00:00,0.0,No
103153-1,"Thompson, Adam B.",2023-01-20 00:00:00,0.0,Yes
103196-1,"Morales, Kelly W.",2023-01-21 00:00:00,0.0,Yes
103239-1,"Diaz, Melissa R.",2023-01-23 00:00:00,0.0,No
103254-1,"Sanchez, Dennis W.",2023-01-23 00:00:00,0.0,No
103286-1,"King, Alexander Y.",2023-01-24 00:00:00,0.0,No
103511-1,"Jones, Jacob Y.",2023-02-02 00:00:00,0.0,Yes
103556-1,"Hernandez, Victoria J.",2023-02-05 00:00:00,0.0,Yes
103648-1,"Diaz, Melissa R.",2023-02-08 00:00:00,0.0,Yes
103661-1,"Gonzalez, Kevin T.",2023-02-08 00:00:00,0.0,Yes
103666-1,"Smith, Ashley M.",2023-02-08 00:00:00,0.0,Yes
103678-1,"Parker, Lisa C.",2023-02-09 00:00:00,0.0,No
103749-1,"Smith, Ashley M.",2023-02-12 00:00:00,0.0,Yes
103876-1,Business Tenant 11,2023-02-18 00:00:00,0.0,No
104029-1,"Collins, Gregory J.",2023-02-23 00:00:00,0.0,No
104104-1,"Martin, Donna B.",2023-02-26 00:00:00,0.0,Yes
104111-1,"Ramos, Maria L.",2023-02-26 00:00:00,0.0,Yes
104129-1,"Gonzalez, Kevin T.",2023-02-27 00:00:00,0.0,Yes
104159-1,Business Tenant 1,2023-02-28 00:00:00,0.0,No
104168-1,"Smith, Matthew K.",2023-02-28 00:00:00,0.0,Yes
104437-1,"Ortiz, Sandra C.",2023-03-09 00:00:00,0.0,Yes
104438-1,"Ortiz, Sandra C.",2023-03-09 00:00:00,0.0,Yes
104461-1,"Diaz, Melissa R.",2023-03-10 00:00:00,0.0,Yes
104471-1,"Morales, Kelly W.",2023-03-11 00:00:00,0.0,Yes
104474-1,"Morales, Richard A.",2023-03-11 00:00:00,0.0,No
104540-1,"Cox, Steven W.",2023-03-14 00:00:00,0.0,Yes
104566-1,"Gonzalez, Kevin T.",2023-03-15 00:00:00,0.0,Yes
104607-1,"Hernandez, Victoria C.",2023-03-16 00:00:00,0.0,No
104784-1,"White, Kyle G.",2023-03-23 00:00:00,0.0,Yes
104820-1,"Morales, Richard A.",2023-03-25 00:00:00,0.0,Yes
104837-1,"Clark, Aaron L.",2023-03-25 00:00:00,0.0,No
104870-1,"Nelson, Jose V.",2023-03-26 00:00:00,0.0,Yes
104901-1,"Perez, Adam T.",2023-03-27 00:00:00,0.0,Yes
105021-1,"Morris, Judith B.",2023-03-31 00:00:00,0.0,No
105022-1,"Brown, Linda J.",2023-03-31 00:00:00,0.0,No
105210-1,"Morales, Richard A.",2023-04-06 00:00:00,0.0,Yes
105236-1,"Lee, Gregory U.",2023-04-07 00:00:00,0.0,No
105271-1,"Ward, Carolyn G.",2023-04-09 00:00:00,0.0,Yes
105340-1,"Phillips, Nicole V.",2023-04-11 00:00:00,0.0,No
105440-1,"Harris, Michael V.",2023-04-14 00:00:00,0.0,Yes
105461-1,"Gutierrez, Anna M.",2023-04-16 00:00:00,0.0,Yes
105469-1,"Moore, Samantha U.",2023-04-17 00:00:00,0.0,Yes
105486-1,"Harris, Michael V.",2023-04-17 00:00:00,0.0,No
105529-1,"Moore, Samantha U.",2023-04-19 00:00:00,0.0,Yes
105590-1,"Thomas, Elizabeth E.",2023-04-21 00:00:00,0.0,Yes
105622-1,"Campbell, Raymond U.",2023-04-23 00:00:00,0.0,Yes
105668-1,"Smith, Ashley M.",2023-04-24 00:00:00,0.0,Yes
105697-1,"Jones, Jacob Y.",2023-04-25 00:00:00,0.0,Yes
105698-1,"Anderson, Margaret F.",2023-04-25 00:00:00,0.0,Yes
105747-1,"Gonzalez, Kevin T.",2023-04-27 00:00:00,0.0,Yes
105750-1,"Reed, Heather E.",2023-04-27 00:00:00,0.0,No
105752-1,"Ruiz, George H.",2023-04-27 00:00:00,0.0,Yes
105758-1,"Turner, Kelly E.",2023-04-27 00:00:00,0.0,Yes
105775-1,"Morales, Richard A.",2023-04-27 00:00:00,0.0,No
105783-1,"Watson, Jack L.",2023-04-27 00:00:00,0.0,Yes
105790-1,"Johnson, Rachel J.",2023-04-28 00:00:00,0.0,Yes
105791-1,"Johnson, Rachel J.",2023-04-28 00:00:00,0.0,Yes
105840-1,"Mendoza, Matthew V.",2023-05-01 00:00:00,0.0,Yes
105850-1,"Bailey, Deborah Q.",2023-05-01 00:00:00,0.0,Yes
105915-1,"Gonzalez, Kevin T.",2023-05-02 00:00:00,0.0,Yes
105931-1,"Gutierrez, Anna M.",2023-05-03 00:00:00,0.0,Yes
105955-1,"Thompson, Benjamin K.",2023-05-03 00:00:00,0.0,Yes
106031-1,"Richardson, Ronald N.",2023-05-07 00:00:00,0.0,Yes
106086-1,"Wilson, Emily R.",2023-05-09 00:00:00,0.0,Yes
106094-1,"Hernandez, Victoria J.",2023-05-09 00:00:00,0.0,Yes
106096-1,"Johnson, Rachel J.",2023-05-09 00:00:00,0.0,Yes
106176-1,"Smith, Matthew K.",2023-05-12 00:00:00,0.0,Yes
106189-1,"Gonzalez, Kevin T.",2023-05-12 00:00:00,0.0,No
106305-1,"Bailey, Deborah Q.",2023-05-16 00:00:00,0.0,Yes
106312-1,"Roberts, Peter S.",2023-05-16 00:00:00,0.0,Yes
106328-1,Business Tenant 5,2023-05-17 00:00:00,0.0,No
106446-1,"Torres, Laura D.",2023-05-22 00:00:00,0.0,No
106503-1,"Gonzalez, Kevin T.",2023-05-24 00:00:00,0.0,Yes
106506-1,"Gutierrez, Emma B.",2023-05-24 00:00:00,0.0,Yes
106526-1,"Hughes, Karen H.",2023-05-24 00:00:00,0.0,Yes
106581-1,"Wood, Alexander R.",2023-05-26 00:00:00,0.0,Yes
106638-1,"Hernandez, Victoria J.",2023-05-27 00:00:00,0.0,Yes
106671-1,"Harris, Melissa F.",2023-05-29 00:00:00,0.0,Yes
106682-1,"Harris, Michael V.",2023-05-29 00:00:00,0.0,Yes
106685-1,"Nguyen, Sharon A.",2023-05-29 00:00:00,0.0,Yes
106699-1,"Evans, Justin H.",2023-05-30 00:00:00,0.0,Yes
106722-1,"Salinas Cortes, Katherine R.",2023-05-30 00:00:00,0.0,Yes
106763-1,"Harris, Michael V.",2023-05-31 00:00:00,0.0,Yes
106764-1,"Harris, Michael V.",2023-05-31 00:00:00,0.0,Yes
106775-1,"Hill, Jason P.",2023-05-31 00:00:00,0.0,Yes
106829-1,"Diaz, Melissa R.",2023-06-02 00:00:00,0.0,Yes
106830-1,"Harris, Michael V.",2023-06-02 00:00:00,0.0,Yes
106865-1,"Watson, Jack L.",2023-06-03 00:00:00,0.0,Yes
106867-1,"Gutierrez, Anna M.",2023-06-03 00:00:00,0.0,Yes
106889-1,"Jackson, Joseph S.",2023-06-03 00:00:00,0.0,Yes
106891-1,"Cox, Steven W.",2023-06-03 00:00:00,0.0,Yes
106910-1,"Phillips, Frank T.",2023-06-04 00:00:00,0.0,Yes
106921-1,"Brown, Joyce L.",2023-06-05 00:00:00,0.0,Yes
106927-1,Business Tenant 11,2023-06-05 00:00:00,0.0,Yes
106928-1,"White, Kyle G.",2023-06-05 00:00:00,0.0,No
106949-1,"Chavez, Christopher N.",2023-06-05 00:00:00,0.0,Yes
106952-1,"Sanchez, Dennis W.",2023-06-05 00:00:00,0.0,Yes
106957-1,"Wood, Alexander R.",2023-06-06 00:00:00,0.0,Yes
106989-1,"Young, Tyler A.",2023-06-07 00:00:00,0.0,Yes
107020-1,"Wood, Alexander R.",2023-06-07 00:00:00,0.0,Yes
107033-1,"Gutierrez, Emma B.",2023-06-08 00:00:00,0.0,Yes
107047-1,"Harris, Melissa F.",2023-06-08 00:00:00,0.0,No
107068-1,"Cuevas Bermudez, Daniel H.",2023-06-09 00:00:00,0.0,No
107071-1,"Ramirez, Joan M.",2023-06-09 00:00:00,0.0,No
107106-1,"Ramirez, Joan M.",2023-06-11 00:00:00,0.0,Yes
107134-1,"Gomez, Helen S.",2023-06-12 00:00:00,0.0,Yes
107156-1,"Rogers, Aaron N.",2023-06-13 00:00:00,0.0,Yes
107158-1,"Garcia, Donald W.",2023-06-13 00:00:00,0.0,Yes
107160-1,"Jones, Jacob Y.",2023-06-13 00:00:00,0.0,Yes
107178-1,"Clark, Brenda J.",2023-06-13 00:00:00,0.0,Yes
107184-1,"Lewis, Kimberly T.",2023-06-14 00:00:00,0.0,Yes
107197-1,"Gray, Thomas V.",2023-06-14 00:00:00,0.0,Yes
107205-1,"Ortiz, Jack A.",2023-06-14 00:00:00,0.0,Yes
107210-1,"Garcia, Donald W.",2023-06-14 00:00:00,0.0,Yes
107213-1,"Campbell, Susan E.",2023-06-14 00:00:00,0.0,Yes
107249-1,"Cuevas Bermudez, Daniel H.",2023-06-15 00:00:00,0.0,Yes
107284-1,"Wood, Alexander R.",2023-06-18 00:00:00,0.0,Yes
107318-1,"Jackson, Joseph S.",2023-06-20 00:00:00,0.0,Yes
107331-1,"Cruz, Charles E.",2023-06-20 00:00:00,0.0,No
107378-1,"Cabral Nunez, Stephen E.",2023-06-22 00:00:00,0.0,Yes
107558-1,"Stewart, Christina P.",2023-06-28 00:00:00,0.0,Yes
107591-1,"Anderson, Margaret F.",2023-06-29 00:00:00,0.0,Yes
107596-1,"Davis, Daniel T.",2023-06-29 00:00:00,0.0,Yes
107709-1,"Davis, Daniel T.",2023-07-03 00:00:00,0.0,Yes
107756-1,"James, Rachel E.",2023-07-05 00:00:00,0.0,No
107811-1,"Ramirez, Joan M.",2023-07-06 00:00:00,0.0,Yes
107859-1,"Jones, Jacob Y.",2023-07-06 00:00:00,0.0,Yes
107861-1,"Ramirez, Joan M.",2023-07-07 00:00:00,0.0,Yes
107890-1,"Jones, Jacob Y.",2023-07-07 00:00:00,0.0,Yes
107959-1,"Cox, Larry U.",2023-07-10 00:00:00,0.0,Yes
107969-1,"Clark, Brenda J.",2023-07-10 00:00:00,0.0,Yes
107984-1,"Hughes, Karen H.",2023-07-10 00:00:00,0.0,No
108281-1,"Watson, Sandra W.",2023-07-17 00:00:00,0.0,Yes
108416-1,"Wilson, Emily R.",2023-07-19 00:00:00,0.0,Yes
108445-1,"Bennett, James J.",2023-07-19 00:00:00,0.0,Yes
108489-1,"Phillips, Frank T.",2023-07-20 00:00:00,0.0,Yes
108499-1,"Nguyen, Sharon A.",2023-07-21 00:00:00,0.0,Yes
108559-1,"Rivera, Nathan M.",2023-07-22 00:00:00,0.0,Yes
108562-1,"Nguyen, Sharon A.",2023-07-22 00:00:00,0.0,Yes
108655-1,"Scott, David B.",2023-07-25 00:00:00,0.0,No
108727-1,"Smith, Ashley M.",2023-07-26 00:00:00,0.0,Yes
108864-1,"Phillips, Frank T.",2023-07-29 00:00:00,0.0,Yes
108865-1,"Robinson, Evelyn L.",2023-07-29 00:00:00,0.0,Yes
108897-1,"Lewis, Kimberly T.",2023-07-31 00:00:00,0.0,Yes
108904-1,"Morris, Jeffrey D.",2023-07-31 00:00:00,0.0,Yes
108929-1,"Nguyen, Jessica C.",2023-07-31 00:00:00,0.0,Yes
108934-1,"Robinson, Evelyn L.",2023-07-31 00:00:00,0.0,Yes
109258-1,"Nguyen, Jessica C.",2023-08-07 00:00:00,0.0,Yes
109430-1,"Turner, Douglas Q.",2023-08-10 00:00:00,0.0,No
109486-1,"Robinson, Evelyn L.",2023-08-11 00:00:00,0.0,Yes
109626-1,"Morales, Richard A.",2023-08-15 00:00:00,0.0,Yes
109844-1,"King, Betty K.",2023-08-21 00:00:00,0.0,No
109902-1,"Clark, Brenda J.",2023-08-21 00:00:00,0.0,Yes
110029-1,"Gomez, Helen S.",2023-08-24 00:00:00,0.0,Yes
110063-1,"Hernandez, William L.",2023-08-25 00:00:00,0.0,No
110078-1,"Torres, Emma F.",2023-08-25 00:00:00,0.0,No
110141-1,"Hill, Diane B.",2023-08-27 00:00:00,0.0,Yes
110145-1,"Johnson, Rachel J.",2023-08-27 00:00:00,0.0,Yes
101168-1,"Rogers, Evelyn Q.",2022-11-17 00:00:00,0.0,No
101227-1,"Sanchez, Dennis W.",2022-11-18 00:00:00,0.0,No
95553-1,"Clark, Aaron L.",2022-04-22 00:00:00,0.0,No
96154-1,"Flores, Kenneth N.",2022-05-16 00:00:00,0.0,No
96266-1,"Mitchell, Kevin B.",2022-05-20 00:00:00,0.0,No
105409-1,"Harris, Michael V.",2023-04-13 00:00:00,0.0,Yes
96989-1,"Murphy, Walter Y.",2022-06-16 00:00:00,95.0,Yes
107283-1,"Brown, Joyce L.",2023-06-18 00:00:00,0.0,Yes
97005-1,"Taylor, Steven E.",2022-06-17 00:00:00,0.0,Yes
97025-1,"Lopez, Henry T.",2022-06-18 00:00:00,0.0,Yes
97257-1,"Evans, Jonathan F.",2022-06-28 00:00:00,0.0,Yes
97497-1,"Lopez, Katherine K.",2022-07-06 00:00:00,0.0,Yes
94616-1,"Gutierrez, Anna M.",2022-03-11 00:00:00,0.0,Yes
94973-1,Business Tenant 11,2022-03-25 00:00:00,0.0,Yes
96617-1,"Thompson, Benjamin K.",2022-06-02 00:00:00,190.0,Yes
97389-1,"Martinez, Paul C.",2022-07-03 00:00:00,0.0,Yes
97417-1,"Chavez, Dorothy L.",2022-07-04 00:00:00,120.0,Yes
97495-1,"Lopez, Katherine K.",2022-07-06 00:00:00,0.0,Yes
97544-1,"Collins, Brian L.",2022-07-08 00:00:00,0.0,No
97723-1,"Adams, Joshua F.",2022-07-14 00:00:00,120.0,No
97792-1,"Diaz, Michael P.",2022-07-18 00:00:00,0.0,Yes
97795-1,"Green, Amanda P.",2022-07-18 00:00:00,0.0,No
97810-1,"Diaz, Michael P.",2022-07-19 00:00:00,0.0,Yes
99096-1,"Ruiz, Kathleen F.",2022-09-02 00:00:00,0.0,Yes
99710-1,"Martinez, Paul C.",2022-09-26 00:00:00,0.0,Yes
66504-1,"Williams, Daniel V.",2020-01-27 00:00:00,0.0,Yes
66681-1,"Chavez, Charles J.",2020-02-01 00:00:00,0.0,Yes
66699-1,"Kelly, Rachel W.",2020-02-02 00:00:00,0.0,Yes
66708-1,"Clark, Evelyn E.",2020-02-03 00:00:00,0.0,Yes
66719-1,"Evans, Christina D.",2020-02-03 00:00:00,0.0,No
66738-1,"Wilson, Donna P.",2020-02-03 00:00:00,0.0,No
66745-1,Business Tenant 12,2020-02-03 00:00:00,0.0,Yes
66760-1,"Williams, Joshua V.",2020-02-04 00:00:00,0.0,Yes
66601-1,Business Tenant 17,2020-01-30 00:00:00,0.0,No
66604-1,Business Tenant 18,2020-01-30 00:00:00,0.0,No
66605-1,Business Tenant 19,2020-01-30 00:00:00,0.0,No
66606-1,Business Tenant 20,2020-01-30 00:00:00,0.0,No
66607-1,Business Tenant 21,2020-01-30 00:00:00,0.0,No
66608-1,Business Tenant 21,2020-01-30 00:00:00,0.0,No
66852-1,"Flores, Kenneth L.",2020-02-06 00:00:00,0.0,Yes
98003-1,"Morris, Judith T.",2022-07-22 00:00:00,0.0,Yes
98682-1,"Campbell, Raymond U.",2022-08-18 00:00:00,0.0,Yes
100849-1,"Rodriguez, Kenneth W.",2022-11-07 00:00:00,0.0,Yes
100913-1,"Rivera, Nathan M.",2022-11-08 00:00:00,0.0,No
101094-1,"Murphy, Walter Y.",2022-11-15 00:00:00,0.0,Yes
101177-1,"Ortiz, Jack A.",2022-11-17 00:00:00,0.0,Yes
101182-1,"Gonzalez, Sarah H.",2022-11-17 00:00:00,0.0,No
101190-1,"Ortiz, Jack A.",2022-11-17 00:00:00,0.0,Yes
101355-1,Business Tenant 11,2022-11-22 00:00:00,0.0,No
101460-1,"Rivera, Kimberly B.",2022-11-28 00:00:00,0.0,Yes
101477-1,"Lopez, Henry T.",2022-11-29 00:00:00,0.0,Yes
101484-1,"Green, Amanda M.",2022-11-29 00:00:00,0.0,Yes
101548-1,"Campbell, Susan W.",2022-11-30 00:00:00,0.0,Yes
101558-1,"Ward, Carolyn G.",2022-11-30 00:00:00,0.0,Yes
101588-1,"Gonzalez, Sarah H.",2022-12-01 00:00:00,0.0,No
101604-1,"Richardson, Ronald N.",2022-12-01 00:00:00,0.0,Yes
101644-1,"Edwards, Mark U.",2022-12-02 00:00:00,0.0,Yes
101654-1,"Howard, Lauren B.",2022-12-03 00:00:00,0.0,Yes
101682-1,"White, Kyle G.",2022-12-03 00:00:00,0.0,Yes
101685-1,"Kelly, Gary A.",2022-12-04 00:00:00,0.0,Yes
101725-1,"Hill, Jason P.",2022-12-05 00:00:00,0.0,Yes
101736-1,"Campbell, Susan W.",2022-12-05 00:00:00,0.0,Yes
101754-1,"Smith, Ashley M.",2022-12-06 00:00:00,0.0,No
101759-1,"Miller, Eric F.",2022-12-06 00:00:00,0.0,Yes
101763-1,"White, Kyle G.",2022-12-06 00:00:00,0.0,Yes
101765-1,"Ruiz, George H.",2022-12-06 00:00:00,0.0,Yes
101766-1,"Mitchell, Barbara K.",2022-12-06 00:00:00,0.0,Yes
101767-1,"Wood, Alexander R.",2022-12-06 00:00:00,0.0,Yes
101768-1,"Wood, Alexander R.",2022-12-06 00:00:00,0.0,Yes
101772-1,"Rodriguez, Kenneth W.",2022-12-07 00:00:00,0.0,Yes
101778-1,"Kim, Nancy G.",2022-12-07 00:00:00,0.0,Yes
101780-1,"Howard, Betty Y.",2022-12-07 00:00:00,0.0,Yes
101781-1,"Howard, Lauren B.",2022-12-07 00:00:00,0.0,No
101796-1,"Wood, Alexander R.",2022-12-08 00:00:00,0.0,Yes
101804-1,"Parker, Lisa C.",2022-12-08 00:00:00,0.0,No
101820-1,"Watson, Jack L.",2022-12-09 00:00:00,0.0,Yes
101830-1,"Rogers, Aaron N.",2022-12-09 00:00:00,0.0,Yes
101834-1,"Morales, Kelly W.",2022-12-09 00:00:00,0.0,Yes
101839-1,"Rivera, Nathan M.",2022-12-09 00:00:00,0.0,Yes
101885-1,"Ortiz, Sandra C.",2022-12-12 00:00:00,0.0,Yes
101905-1,"Phillips, Andrew R.",2022-12-12 00:00:00,0.0,No
101905-2,"Phillips, Andrew R.",2022-12-12 00:00:00,0.0,No
101905-3,"Phillips, Andrew R.",2022-12-12 00:00:00,0.0,No
101905-4,"Phillips, Andrew R.",2022-12-12 00:00:00,0.0,No
101905-5,"Phillips, Andrew R.",2022-12-12 00:00:00,0.0,No
101905-6,"Phillips, Andrew R.",2022-12-12 00:00:00,0.0,No
101905-7,"Phillips, Andrew R.",2022-12-12 00:00:00,0.0,No
101912-1,"Turner, Kelly E.",2022-12-12 00:00:00,0.0,Yes
101945-1,"Johnson, Rachel J.",2022-12-14 00:00:00,0.0,Yes
101957-1,"Ortiz, Jack A.",2022-12-14 00:00:00,0.0,Yes
102057-1,"Ortiz, Sandra C.",2022-12-19 00:00:00,0.0,Yes
102126-1,"Kim, Nancy G.",2022-12-21 00:00:00,0.0,No
102127-1,"Lopez, Henry T.",2022-12-21 00:00:00,0.0,No
102128-1,"Campbell, Raymond U.",2022-12-21 00:00:00,0.0,No
102129-1,"James, Timothy S.",2022-12-21 00:00:00,0.0,No
102137-1,"Mitchell, Kevin H.",2022-12-21 00:00:00,0.0,No
102138-1,"Ramos, Maria L.",2022-12-21 00:00:00,0.0,No
102181-1,"Campbell, Susan W.",2022-12-22 00:00:00,0.0,No
102183-1,"James, Brandon Q.",2022-12-22 00:00:00,0.0,No
102293-1,"Thompson, Adam B.",2022-12-25 00:00:00,0.0,Yes
102333-1,"Williams, Daniel V.",2022-12-26 00:00:00,0.0,Yes
102349-1,"Torres, Emma F.",2022-12-27 00:00:00,0.0,Yes
102364-1,"Morris, Judith T.",2022-12-27 00:00:00,0.0,No
102380-1,"Kelly, Gary A.",2022-12-27 00:00:00,0.0,Yes
102393-1,"Morris, Jeffrey D.",2022-12-27 00:00:00,0.0,No
102464-1,"Cox, Steven W.",2022-12-28 00:00:00,0.0,Yes
102481-1,"Walker, Pamela P.",2022-12-29 00:00:00,0.0,No
102528-1,"Gomez, Lisa J.",2022-12-30 00:00:00,0.0,Yes
102529-1,"Morris, Jeffrey D.",2022-12-30 00:00:00,0.0,Yes
102575-1,"Torres, Emma F.",2023-01-02 00:00:00,0.0,Yes
102591-1,"White, Kyle G.",2023-01-03 00:00:00,0.0,Yes
102595-1,"Martin, Donna B.",2023-01-03 00:00:00,0.0,Yes
102616-1,Business Tenant 11,2023-01-03 00:00:00,0.0,Yes
102867-1,"Thompson, Judith M.",2023-01-10 00:00:00,0.0,No
102868-1,"Reed, Samuel C.",2023-01-10 00:00:00,0.0,No
102950-1,"Phillips, Frank T.",2023-01-12 00:00:00,0.0,Yes
102956-1,"Thompson, Benjamin K.",2023-01-12 00:00:00,0.0,Yes
102971-1,"Gomez, Lisa J.",2023-01-13 00:00:00,0.0,Yes
103012-1,"Martinez, Paul C.",2023-01-16 00:00:00,0.0,No
103027-1,"King, Betty K.",2023-01-16 00:00:00,0.0,Yes
103282-1,"Thompson, Judith M.",2023-01-24 00:00:00,0.0,No
103303-1,"Ruiz, George H.",2023-01-25 00:00:00,0.0,Yes
103309-1,"Hill, Jason P.",2023-01-25 00:00:00,0.0,No
103366-1,"Walker, Cynthia M.",2023-01-27 00:00:00,0.0,Yes
103513-1,"Campbell, Raymond U.",2023-02-02 00:00:00,0.0,Yes
103610-1,"James, Brandon Q.",2023-02-07 00:00:00,0.0,No
103693-1,"Cooper, Diane F.",2023-02-09 00:00:00,0.0,Yes
103700-1,"Nelson, Jose V.",2023-02-09 00:00:00,0.0,Yes
103704-1,"Kim, Nancy G.",2023-02-10 00:00:00,0.0,No
103705-1,"White, Kyle G.",2023-02-10 00:00:00,0.0,No
103719-1,"Perez, Adam T.",2023-02-10 00:00:00,0.0,Yes
103721-1,"Evans, Jonathan F.",2023-02-10 00:00:00,0.0,Yes
103735-1,"Morales, Richard A.",2023-02-11 00:00:00,0.0,Yes
103776-1,"James, Timothy S.",2023-02-13 00:00:00,0.0,Yes
103778-1,"James, Timothy S.",2023-02-13 00:00:00,0.0,Yes
103820-1,"Morales, Richard A.",2023-02-15 00:00:00,0.0,Yes
103829-1,"Martinez, Paul C.",2023-02-16 00:00:00,0.0,No
103852-1,"Morales, Richard A.",2023-02-17 00:00:00,0.0,Yes
103864-1,"Hall, Shirley D.",2023-02-17 00:00:00,0.0,Yes
103867-1,"Morales, Richard A.",2023-02-18 00:00:00,0.0,Yes
103889-1,"Mitchell, Barbara K.",2023-02-19 00:00:00,0.0,Yes
104022-1,"Phillips, Frank T.",2023-02-22 00:00:00,0.0,Yes
104024-1,"Morales, Richard A.",2023-02-23 00:00:00,0.0,Yes
104050-1,"Allen, Katherine D.",2023-02-24 00:00:00,0.0,Yes
104090-1,"Thompson, Judith M.",2023-02-25 00:00:00,0.0,Yes
104101-1,"Mitchell, Kevin H.",2023-02-26 00:00:00,0.0,Yes
104120-1,"Diaz, Michael P.",2023-02-27 00:00:00,0.0,Yes
104164-1,"Kelly, Gary A.",2023-02-28 00:00:00,0.0,No
104203-1,"Miller, Pamela V.",2023-03-01 00:00:00,0.0,No
104214-1,"Morales, Richard A.",2023-03-01 00:00:00,0.0,Yes
104275-1,"Jackson, Joseph S.",2023-03-03 00:00:00,0.0,Yes
104279-1,"Morales, Richard A.",2023-03-03 00:00:00,0.0,Yes
104314-1,"Clark, Angela G.",2023-03-06 00:00:00,0.0,Yes
104318-1,"Morales, Richard A.",2023-03-06 00:00:00,0.0,Yes
104347-1,"Morales, Richard A.",2023-03-07 00:00:00,0.0,Yes
104397-1,"Miller, Pamela V.",2023-03-08 00:00:00,0.0,No
104414-1,"Evans, Jonathan F.",2023-03-09 00:00:00,0.0,Yes
104416-1,"Hill, Jason P.",2023-03-09 00:00:00,0.0,Yes
104430-1,"Garcia, Donald W.",2023-03-09 00:00:00,0.0,Yes
104466-1,"Allen, Katherine D.",2023-03-10 00:00:00,0.0,Yes
104483-1,"Chavez, Christopher N.",2023-03-12 00:00:00,0.0,Yes
104537-1,"Diaz, Michael P.",2023-03-14 00:00:00,0.0,Yes
104605-1,"James, Timothy S.",2023-03-16 00:00:00,0.0,No
104622-1,"Allen, Katherine D.",2023-03-16 00:00:00,0.0,Yes
104637-1,"Campbell, Susan E.",2023-03-17 00:00:00,0.0,Yes
104706-1,"Howard, Betty Y.",2023-03-21 00:00:00,0.0,No
104747-1,"Lewis, Kimberly T.",2023-03-22 00:00:00,0.0,No
104816-1,"Rodriguez, Kenneth W.",2023-03-24 00:00:00,0.0,No
104823-1,"Anderson, Margaret F.",2023-03-25 00:00:00,0.0,No
104900-1,"Smith, Ashley M.",2023-03-27 00:00:00,0.0,Yes
104950-1,"Stewart, Jacob F.",2023-03-29 00:00:00,0.0,Yes
105072-1,"Johnson, Rachel J.",2023-04-03 00:00:00,0.0,Yes
105073-1,"Roberts, Sandra S.",2023-04-03 00:00:00,0.0,Yes
105136-1,"Jones, Jacob Y.",2023-04-04 00:00:00,0.0,Yes
105160-1,"Gonzalez, Kevin T.",2023-04-05 00:00:00,0.0,No
105162-1,"Wright, Jennifer Q.",2023-04-05 00:00:00,0.0,No
105222-1,"Lee, Gregory U.",2023-04-07 00:00:00,0.0,No
123105-1,"Gray, Anna Y.",2024-08-12 00:00:00,0.0,Yes
130886-1,"Gray, Thomas V.",2025-01-26 00:00:00,0.0,Yes
131357-1,"Young, Jennifer C.",2025-02-04 00:00:00,0.0,Yes
131436-1,"Evans, Justin H.",2025-02-06 00:00:00,0.0,Yes
131506-1,"Delgado Pena, Emily D.",2025-02-07 00:00:00,0.0,Yes
131538-1,"Johnson, Rachel J.",2025-02-08 00:00:00,0.0,Yes
131553-1,"Ward, Richard L.",2025-02-09 00:00:00,0.0,Yes
131555-1,"Anderson, Margaret F.",2025-02-09 00:00:00,0.0,Yes
131558-1,"Watson, Jack L.",2025-02-09 00:00:00,0.0,Yes
131560-1,"Walker, Eric R.",2025-02-09 00:00:00,0.0,Yes
131562-1,"Hughes, Megan K.",2025-02-09 00:00:00,0.0,Yes
131652-1,"Cuevas Bermudez, Daniel H.",2025-02-11 00:00:00,0.0,Yes
131659-1,"Cook, William W.",2025-02-11 00:00:00,0.0,Yes
131873-1,"Cooper, Jose H.",2025-02-13 00:00:00,0.0,Yes
131886-1,"Bailey, Kyle S.",2025-02-14 00:00:00,0.0,No
131910-1,"Murphy, Michael B.",2025-02-14 00:00:00,0.0,No
131964-1,"Parker, Helen E.",2025-02-16 00:00:00,0.0,Yes
131969-1,"Mitchell, Barbara K.",2025-02-17 00:00:00,0.0,Yes
131975-1,"Lewis, John V.",2025-02-17 00:00:00,0.0,No
131992-1,"Williams, Scott B.",2025-02-17 00:00:00,0.0,No
131994-1,"Jackson, Patricia U.",2025-02-17 00:00:00,0.0,Yes
131996-1,"Hernandez, William L.",2025-02-17 00:00:00,0.0,Yes
132016-1,"Jones, Christina B.",2025-02-17 00:00:00,0.0,Yes
132032-1,"Mitchell, Sarah M.",2025-02-18 00:00:00,0.0,Yes
132152-1,"Rodriguez, Christine A.",2025-02-19 00:00:00,0.0,No
132275-1,"Hughes, Megan K.",2025-02-21 00:00:00,0.0,Yes
132675-1,"Rogers, Evelyn Q.",2025-02-28 00:00:00,0.0,Yes
132957-1,"Smith, Stephanie P.",2025-03-07 00:00:00,0.0,Yes
134625-1,Business Tenant 1,2025-04-17 00:00:00,0.0,No
147973-1,"Delgado Pena, Emily D.",2026-01-14 00:00:00,0.0,Yes
148329-1,"Ortiz, Peter E.",2026-01-20 00:00:00,0.0,Yes
151193-1,"King, Lauren M.",2026-02-23 00:00:00,0.0,Yes
151321-1,"Williams, Joshua D.",2026-02-25 00:00:00,0.0,Yes
151323-1,"Mitchell, Barbara K.",2026-02-25 00:00:00,0.0,Yes
152160-5,"Torres, Thomas H.",2026-03-25 00:00:00,0.0,No
153753-4,"Lopez, Rebecca V.",2026-04-07 00:00:00,0.0,No
154894-4,"Ward, Kelly J.",2026-04-08 00:00:00,0.0,No
155425-1,"Kim, Kenneth J.",2026-04-13 00:00:00,0.0,No
145023-3,"Wilson, Emily B.",2026-04-20 00:00:00,0.0,No
157939-1,"Garcia, Ronald A.",2026-05-07 00:00:00,0.0,No
158822-1,"Mitchell, Kevin H.",2026-05-17 00:00:00,0.0,Yes
159494-1,"Gonzalez, Sarah Y.",2026-05-25 00:00:00,0.0,No
48654-1,"Chavez, Charles J.",2019-07-02 00:00:00,0.0,Yes
48665-1,"Brown, Helen G.",2019-07-03 00:00:00,0.0,Yes
48672-1,"Martinez, Brian A.",2019-07-03 00:00:00,0.0,No
48691-1,Business Tenant 22,2019-07-03 00:00:00,0.0,No
48701-1,"Lewis, Shirley T.",2019-07-03 00:00:00,0.0,No
48702-1,Business Tenant 12,2019-07-03 00:00:00,0.0,No
48742-1,"Gutierrez, Thomas K.",2019-07-04 00:00:00,0.0,Yes
48743-1,Business Tenant 23,2019-07-04 00:00:00,0.0,No
48753-1,Business Tenant 24,2019-07-05 00:00:00,0.0,No
48771-1,"Clark, Evelyn G.",2019-07-05 00:00:00,0.0,No
48774-1,Business Tenant 9,2019-07-05 00:00:00,0.0,Yes
48775-1,Business Tenant 9,2019-07-05 00:00:00,0.0,Yes
48900-1,"Nguyen, Joseph W.",2019-07-08 00:00:00,0.0,Yes
49326-1,"Evans, Jacob D.",2019-07-15 00:00:00,0.0,Yes
49349-1,"Martinez, Gregory A.",2019-07-15 00:00:00,0.0,Yes
49383-1,"Chavez, Charles J.",2019-07-16 00:00:00,0.0,Yes
49698-1,"Williams, Joshua V.",2019-07-23 00:00:00,0.0,No
49977-1,"Brown, Lisa G.",2019-07-29 00:00:00,0.0,Yes
50005-1,Business Tenant 9,2019-07-29 00:00:00,0.0,Yes
50056-1,Business Tenant 9,2019-07-30 00:00:00,0.0,Yes
50138-1,"Wilson, Donna P.",2019-07-31 00:00:00,0.0,Yes
50208-1,"Williams, Joshua V.",2019-08-01 00:00:00,0.0,No
50331-1,"Brown, Lisa G.",2019-08-04 00:00:00,0.0,Yes
50397-1,"Kelly, Rachel W.",2019-08-05 00:00:00,0.0,Yes
50716-1,"Ruiz, Amanda D.",2019-08-12 00:00:00,0.0,No
50734-1,"Clark, Evelyn E.",2019-08-12 00:00:00,0.0,Yes
50758-1,"Martinez, Brian A.",2019-08-12 00:00:00,0.0,Yes
50883-1,"Ramos, Mark J.",2019-08-14 00:00:00,0.0,Yes
51128-1,Business Tenant 4,2019-08-20 00:00:00,0.0,No
51163-1,"Chavez, Charles J.",2019-08-20 00:00:00,0.0,No
51181-1,"Ruiz, Amanda D.",2019-08-20 00:00:00,0.0,Yes
51269-1,Business Tenant 10,2019-08-22 00:00:00,0.0,Yes
51274-1,Business Tenant 10,2019-08-22 00:00:00,0.0,Yes
51313-1,"Kelly, Rachel W.",2019-08-23 00:00:00,0.0,Yes
51478-1,"Ruiz, Amanda D.",2019-08-26 00:00:00,0.0,Yes
51570-1,"Ruiz, Amanda D.",2019-08-27 00:00:00,0.0,Yes
51581-1,"Kelly, Rachel W.",2019-08-28 00:00:00,0.0,Yes
51600-1,"Evans, Christina D.",2019-08-28 00:00:00,0.0,Yes
51640-1,"Garcia, Ronald S.",2019-08-29 00:00:00,0.0,No
51666-1,"Chavez, Charles J.",2019-08-30 00:00:00,0.0,No
51771-1,"Chavez, Charles J.",2019-09-02 00:00:00,0.0,Yes
51856-1,Business Tenant 9,2019-09-03 00:00:00,0.0,Yes
51871-1,"Morgan, Joseph G.",2019-09-03 00:00:00,0.0,Yes
51897-1,Business Tenant 9,2019-09-04 00:00:00,0.0,Yes
51928-1,Business Tenant 9,2019-09-04 00:00:00,0.0,Yes
51998-1,"Chavez, Charles J.",2019-09-05 00:00:00,0.0,Yes
52019-1,Business Tenant 11,2019-09-06 00:00:00,0.0,Yes
52215-1,"Morris, Judith B.",2019-09-10 00:00:00,0.0,Yes
52267-1,"Hernandez, Victoria J.",2019-09-11 00:00:00,0.0,Yes
52551-1,Business Tenant 9,2019-09-18 00:00:00,0.0,Yes
52553-1,Business Tenant 9,2019-09-18 00:00:00,0.0,Yes
52553-2,Business Tenant 9,2019-09-18 00:00:00,0.0,No
52566-1,Business Tenant 9,2019-09-18 00:00:00,0.0,Yes
52567-1,Business Tenant 9,2019-09-18 00:00:00,0.0,Yes
62021-1,"Clark, Evelyn E.",2019-10-01 00:00:00,0.0,Yes
62044-1,"Roberts, Sandra Q.",2019-10-01 00:00:00,0.0,No
62140-1,"Ramirez, Henry H.",2019-10-03 00:00:00,0.0,Yes
62141-1,"Roberts, Sandra Q.",2019-10-03 00:00:00,0.0,No
62190-1,"Roberts, Sandra Q.",2019-10-03 00:00:00,0.0,Yes
62309-1,"Roberts, Sandra Q.",2019-10-07 00:00:00,0.0,Yes
62328-1,"Brown, Lisa G.",2019-10-08 00:00:00,0.0,Yes
62393-1,Business Tenant 10,2019-10-09 00:00:00,0.0,Yes
62500-1,Business Tenant 10,2019-10-11 00:00:00,0.0,Yes
62962-1,"Martin, Emily V.",2019-10-22 00:00:00,0.0,No
62973-1,"Anderson, Ashley B.",2019-10-22 00:00:00,0.0,No
63232-1,"James, Rachel N.",2019-10-29 00:00:00,0.0,Yes
63750-1,"Kelly, Rachel W.",2019-11-08 00:00:00,0.0,Yes
63801-1,"Chavez, Charles J.",2019-11-09 00:00:00,0.0,Yes
63854-1,"Wilson, Donna P.",2019-11-11 00:00:00,0.0,Yes
64006-1,Business Tenant 11,2019-11-14 00:00:00,0.0,Yes
64113-1,"Kelly, Rachel W.",2019-11-18 00:00:00,0.0,No
64235-1,"Roberts, Sandra Q.",2019-11-21 00:00:00,0.0,Yes
64260-1,"Wilson, Donna P.",2019-11-22 00:00:00,0.0,Yes
64269-1,"Kelly, Rachel W.",2019-11-22 00:00:00,0.0,Yes
64302-1,"Morris, Judith B.",2019-11-24 00:00:00,0.0,Yes
64320-1,"James, Rachel N.",2019-11-25 00:00:00,0.0,Yes
64347-1,"Ruiz, Amanda D.",2019-11-25 00:00:00,0.0,Yes
64374-1,Business Tenant 12,2019-11-26 00:00:00,0.0,Yes
64375-1,Business Tenant 12,2019-11-26 00:00:00,0.0,Yes
64377-1,Business Tenant 12,2019-11-26 00:00:00,0.0,Yes
64444-1,"Kelly, Rachel W.",2019-11-27 00:00:00,0.0,Yes
64520-1,"Evans, Jacob D.",2019-12-01 00:00:00,0.0,Yes
64548-1,"Evans, Christina D.",2019-12-02 00:00:00,0.0,Yes
64612-1,"Wright, Tyler N.",2019-12-03 00:00:00,0.0,Yes
64628-1,Business Tenant 12,2019-12-03 00:00:00,0.0,Yes
64710-1,"Ruiz, Amanda D.",2019-12-05 00:00:00,0.0,Yes
64716-1,Business Tenant 12,2019-12-05 00:00:00,0.0,Yes
64730-1,"Cox, Raymond S.",2019-12-05 00:00:00,0.0,No
64748-1,Business Tenant 12,2019-12-06 00:00:00,0.0,Yes
64753-1,"Chavez, Charles J.",2019-12-06 00:00:00,0.0,No
64821-1,Business Tenant 1,2019-12-09 00:00:00,0.0,No
64884-1,Business Tenant 12,2019-12-10 00:00:00,0.0,Yes
64885-1,Business Tenant 12,2019-12-10 00:00:00,0.0,Yes
64954-1,"James, Rachel N.",2019-12-11 00:00:00,0.0,Yes
64971-1,"Green, Amanda M.",2019-12-12 00:00:00,0.0,No
64976-1,"Ramirez, Henry H.",2019-12-12 00:00:00,0.0,No
65086-1,"Kelly, Rachel W.",2019-12-16 00:00:00,0.0,Yes
65099-1,"Edwards, Maria Q.",2019-12-16 00:00:00,0.0,No
65103-1,Business Tenant 12,2019-12-16 00:00:00,0.0,Yes
65109-1,Business Tenant 12,2019-12-16 00:00:00,0.0,Yes
65128-1,"Chavez, Charles J.",2019-12-16 00:00:00,0.0,Yes
65129-1,"Chavez, Charles J.",2019-12-16 00:00:00,0.0,Yes
65187-1,"Evans, Jacob D.",2019-12-17 00:00:00,0.0,Yes
65193-1,"Green, Amanda M.",2019-12-18 00:00:00,0.0,No
65197-1,"James, Rachel N.",2019-12-18 00:00:00,0.0,Yes
65221-1,"Hernandez, Victoria J.",2019-12-19 00:00:00,0.0,Yes
65222-1,"Evans, Jacob D.",2019-12-19 00:00:00,0.0,Yes
65226-1,Business Tenant 12,2019-12-19 00:00:00,0.0,Yes
65326-1,"Ramos, Mark J.",2019-12-23 00:00:00,0.0,Yes
65347-1,Business Tenant 12,2019-12-23 00:00:00,0.0,Yes
65360-1,Business Tenant 12,2019-12-24 00:00:00,0.0,Yes
65383-1,Business Tenant 12,2019-12-26 00:00:00,0.0,Yes
65394-1,"Campbell, Raymond C.",2019-12-26 00:00:00,0.0,Yes
65399-1,Business Tenant 12,2019-12-26 00:00:00,0.0,Yes
65400-1,Business Tenant 12,2019-12-26 00:00:00,0.0,Yes
65464-1,"James, Rachel N.",2019-12-29 00:00:00,0.0,Yes
65473-1,"Hernandez, Victoria J.",2019-12-30 00:00:00,0.0,Yes
65527-1,Business Tenant 12,2019-12-31 00:00:00,0.0,Yes
65543-1,"James, Rachel N.",2020-01-01 00:00:00,0.0,Yes
65545-1,Business Tenant 12,2020-01-01 00:00:00,0.0,Yes
65546-1,Business Tenant 12,2020-01-01 00:00:00,0.0,Yes
65560-1,"Edwards, Maria Q.",2020-01-01 00:00:00,0.0,Yes
65561-1,"Edwards, Maria Q.",2020-01-01 00:00:00,0.0,Yes
65599-1,"Kelly, Rachel W.",2020-01-02 00:00:00,0.0,Yes
65599-2,"Kelly, Rachel W.",2020-01-02 00:00:00,0.0,No
65613-1,Business Tenant 25,2020-01-02 00:00:00,0.0,Yes
65649-1,"Morgan, Joseph G.",2020-01-03 00:00:00,0.0,Yes
65661-1,"Hughes, Emily F.",2020-01-03 00:00:00,0.0,No
65664-1,"Kelly, Rachel W.",2020-01-03 00:00:00,0.0,Yes
65721-1,Business Tenant 12,2020-01-05 00:00:00,0.0,Yes
65728-1,"Clark, Evelyn E.",2020-01-06 00:00:00,0.0,Yes
65742-1,Business Tenant 4,2020-01-06 00:00:00,0.0,No
65745-1,Business Tenant 12,2020-01-06 00:00:00,0.0,Yes
65774-1,"Martinez, Brian A.",2020-01-06 00:00:00,0.0,Yes
65776-1,"Edwards, Maria Q.",2020-01-06 00:00:00,0.0,Yes
65777-1,"Edwards, Maria Q.",2020-01-06 00:00:00,0.0,Yes
65778-1,"Edwards, Maria Q.",2020-01-06 00:00:00,0.0,Yes
65854-1,"Ruiz, Amanda D.",2020-01-08 00:00:00,0.0,Yes
65857-1,"Diaz, Jerry M.",2020-01-08 00:00:00,0.0,No
65858-1,"Diaz, Jerry M.",2020-01-08 00:00:00,0.0,No
65897-1,"Brown, Helen G.",2020-01-09 00:00:00,0.0,Yes
65905-1,"Reed, Maria A.",2020-01-09 00:00:00,0.0,Yes
66009-1,"Diaz, Jerry M.",2020-01-13 00:00:00,0.0,No
66025-1,"Ruiz, Amanda D.",2020-01-14 00:00:00,0.0,Yes
66029-1,"Garcia, Ronald S.",2020-01-14 00:00:00,0.0,Yes
66040-1,"Wood, Lauren P.",2020-01-14 00:00:00,0.0,Yes
66109-1,"Anderson, Matthew B.",2020-01-16 00:00:00,0.0,Yes
66110-1,"Rivera, Shirley H.",2020-01-16 00:00:00,0.0,Yes
66111-1,"Wilson, Donna P.",2020-01-16 00:00:00,0.0,Yes
66197-1,"Brown, Helen G.",2020-01-18 00:00:00,0.0,Yes
66215-1,"Rivera, Shirley H.",2020-01-18 00:00:00,0.0,Yes
66230-1,"Clark, Evelyn E.",2020-01-20 00:00:00,0.0,Yes
66232-1,"Ruiz, Amanda D.",2020-01-20 00:00:00,0.0,Yes
66238-1,Business Tenant 11,2020-01-20 00:00:00,0.0,Yes
66249-1,"Kelly, Rachel W.",2020-01-20 00:00:00,0.0,Yes
66271-1,"Peterson, Ronald C.",2020-01-21 00:00:00,0.0,Yes
66301-1,"Diaz, Jerry M.",2020-01-21 00:00:00,0.0,No
66319-1,"Campbell, Raymond C.",2020-01-22 00:00:00,0.0,No
66404-1,"Cook, Elizabeth S.",2020-01-24 00:00:00,0.0,No
66416-1,Business Tenant 12,2020-01-24 00:00:00,0.0,Yes
66479-1,"Gray, Emma T.",2020-01-27 00:00:00,0.0,Yes
66522-1,Business Tenant 3,2020-01-28 00:00:00,0.0,No
66574-1,Business Tenant 22,2020-01-29 00:00:00,0.0,No
66633-1,Business Tenant 12,2020-01-31 00:00:00,0.0,Yes
66654-1,"Salinas Cortes, Katherine R.",2020-01-31 00:00:00,0.0,No
66767-1,"Reed, Maria A.",2020-02-04 00:00:00,0.0,No
66801-1,Business Tenant 12,2020-02-05 00:00:00,0.0,Yes
66812-1,Business Tenant 12,2020-02-05 00:00:00,0.0,Yes
66868-1,Business Tenant 1,2020-02-06 00:00:00,0.0,No
66964-1,"Watson, Sandra G.",2020-02-09 00:00:00,0.0,Yes
66972-1,"Garcia, Ronald S.",2020-02-09 00:00:00,0.0,Yes
67009-1,"Gomez, Lisa Q.",2020-02-10 00:00:00,0.0,No
67028-1,Business Tenant 9,2020-02-10 00:00:00,0.0,Yes
67121-1,Business Tenant 12,2020-02-13 00:00:00,0.0,Yes
67122-1,Business Tenant 23,2020-02-13 00:00:00,0.0,No
67123-1,"Diaz, Jerry M.",2020-02-13 00:00:00,0.0,No
67149-1,"Cook, Elizabeth S.",2020-02-14 00:00:00,0.0,No
67226-1,"Garcia, Ronald S.",2020-02-16 00:00:00,0.0,Yes
67318-1,"Kelly, Rachel W.",2020-02-18 00:00:00,0.0,Yes
67385-1,Business Tenant 12,2020-02-20 00:00:00,0.0,Yes
67414-1,Business Tenant 12,2020-02-20 00:00:00,0.0,Yes
67450-1,"Smith, Matthew K.",2020-02-21 00:00:00,0.0,No
67451-1,"Ramirez, Henry H.",2020-02-21 00:00:00,0.0,No
67523-1,"Rodriguez, Nancy U.",2020-02-24 00:00:00,0.0,No
67623-1,Business Tenant 23,2020-02-26 00:00:00,0.0,No
67625-1,Business Tenant 23,2020-02-26 00:00:00,0.0,No
67626-1,Business Tenant 23,2020-02-26 00:00:00,0.0,No
67627-1,"Scott, Nicole Y.",2020-02-26 00:00:00,0.0,Yes
67628-1,Business Tenant 23,2020-02-26 00:00:00,0.0,No
67630-1,Business Tenant 26,2020-02-26 00:00:00,0.0,No
67633-1,Business Tenant 27,2020-02-26 00:00:00,0.0,No
67678-1,"Clark, Evelyn G.",2020-02-27 00:00:00,0.0,No
67931-1,"Hughes, Emily F.",2020-03-04 00:00:00,0.0,Yes
67984-1,"Smith, Matthew K.",2020-03-05 00:00:00,0.0,No
67992-1,Business Tenant 12,2020-03-05 00:00:00,0.0,Yes
68043-1,"Chavez, Charles J.",2020-03-07 00:00:00,0.0,Yes
68086-1,"Clark, Evelyn G.",2020-03-09 00:00:00,0.0,No
68117-1,"Williams, Joshua V.",2020-03-09 00:00:00,0.0,Yes
67635-2,Business Tenant 13,2020-03-10 00:00:00,0.0,No
68168-1,"Evans, Christina D.",2020-03-11 00:00:00,0.0,Yes
68275-1,Business Tenant 12,2020-03-13 00:00:00,0.0,Yes
68298-1,Business Tenant 5,2020-03-13 00:00:00,0.0,No
68460-1,"Chavez, Charles J.",2020-03-18 00:00:00,0.0,No
68498-1,"Hughes, Emily F.",2020-03-19 00:00:00,0.0,Yes
68511-1,"Collins, Paul G.",2020-03-19 00:00:00,0.0,Yes
68906-1,"Ortiz, Jack A.",2020-04-01 00:00:00,0.0,No
68933-1,"Johnson, Gary E.",2020-04-02 00:00:00,0.0,No
68955-1,"Howard, Betty Y.",2020-04-03 00:00:00,0.0,Yes
68971-1,"Cooper, Jason D.",2020-04-03 00:00:00,0.0,Yes
68972-1,"Lewis, Shirley R.",2020-04-03 00:00:00,0.0,Yes
69044-1,"Evans, Jacob D.",2020-04-06 00:00:00,0.0,Yes
69119-1,"Moore, Charles S.",2020-04-08 00:00:00,0.0,Yes
69381-1,"Gray, Emma T.",2020-04-20 00:00:00,0.0,No
69507-1,"Howard, Alexander V.",2020-04-24 00:00:00,0.0,No
69777-1,"White, Deborah E.",2020-05-02 00:00:00,0.0,Yes
69817-1,"Cruz, Christopher C.",2020-05-04 00:00:00,0.0,Yes
69828-1,"Wilson, Donna P.",2020-05-04 00:00:00,0.0,Yes
69880-1,"Ramirez, Henry H.",2020-05-05 00:00:00,0.0,Yes
69918-1,"Kelly, Rachel W.",2020-05-05 00:00:00,0.0,Yes
69919-1,"Kelly, Rachel W.",2020-05-05 00:00:00,0.0,Yes
70053-1,"Morales, Carolyn W.",2020-05-10 00:00:00,0.0,Yes
70065-1,Business Tenant 11,2020-05-11 00:00:00,0.0,Yes
70147-1,"Carter, Frank H.",2020-05-13 00:00:00,0.0,No
70192-1,"Walker, Eric K.",2020-05-15 00:00:00,0.0,Yes
70242-1,"Carter, Frank H.",2020-05-16 00:00:00,0.0,Yes
70255-1,"Carter, Frank H.",2020-05-16 00:00:00,0.0,Yes
70339-1,"Diaz, Michael P.",2020-05-18 00:00:00,0.0,Yes
70491-1,"Walker, Eric K.",2020-05-21 00:00:00,0.0,Yes
70546-1,"Wilson, Donna P.",2020-05-22 00:00:00,0.0,Yes
70592-1,"Reed, Maria A.",2020-05-22 00:00:00,0.0,Yes
70747-1,"James, Rachel N.",2020-05-26 00:00:00,0.0,Yes
70831-1,"Howard, Betty Y.",2020-05-27 00:00:00,0.0,Yes
70912-1,"Morris, Judith B.",2020-05-28 00:00:00,0.0,Yes
70913-1,"Walker, Eric K.",2020-05-28 00:00:00,0.0,Yes
70914-1,"Walker, Eric K.",2020-05-28 00:00:00,0.0,Yes
70917-1,"Campbell, Raymond C.",2020-05-28 00:00:00,0.0,Yes
70956-1,"Johnson, Gary E.",2020-05-29 00:00:00,0.0,No
71054-1,"Ramirez, Henry H.",2020-06-01 00:00:00,0.0,Yes
71229-1,"Johnson, Gary E.",2020-06-04 00:00:00,0.0,No
71254-1,"Collins, Paul G.",2020-06-04 00:00:00,0.0,Yes
71308-1,"White, Deborah E.",2020-06-05 00:00:00,0.0,Yes
71362-1,"Peterson, Ronald C.",2020-06-08 00:00:00,0.0,No
71369-1,"Mitchell, Kevin H.",2020-06-08 00:00:00,0.0,Yes
71515-1,"White, Deborah E.",2020-06-10 00:00:00,0.0,Yes
71563-1,"Davis, Scott P.",2020-06-11 00:00:00,0.0,No
71573-1,"Collins, Paul G.",2020-06-11 00:00:00,0.0,Yes
71654-1,"Ward, Douglas E.",2020-06-14 00:00:00,0.0,Yes
71810-1,"Sanchez, Kyle U.",2020-06-19 00:00:00,0.0,No
71850-1,"Thomas, Victoria A.",2020-06-21 00:00:00,0.0,Yes
71877-1,"Diaz, Michael P.",2020-06-22 00:00:00,0.0,Yes
71925-1,"Carter, Frank H.",2020-06-22 00:00:00,0.0,Yes
71930-1,"Clark, Evelyn E.",2020-06-22 00:00:00,0.0,Yes
72077-1,"Gonzalez, Amy R.",2020-06-25 00:00:00,0.0,Yes
72117-1,"Collins, Paul G.",2020-06-26 00:00:00,0.0,Yes
72206-1,"Wood, Lauren P.",2020-06-29 00:00:00,0.0,Yes
72460-1,"Hernandez, Victoria J.",2020-07-05 00:00:00,0.0,Yes
72466-1,"Carter, Frank H.",2020-07-05 00:00:00,0.0,Yes
72467-1,"Carter, Frank H.",2020-07-05 00:00:00,0.0,Yes
72637-1,"Wood, Lauren P.",2020-07-08 00:00:00,0.0,No
72638-1,"Cox, Larry U.",2020-07-08 00:00:00,0.0,No
72781-1,"Ramirez, Henry H.",2020-07-11 00:00:00,0.0,Yes
72801-1,"Howard, Betty Y.",2020-07-12 00:00:00,0.0,Yes
72876-1,"Jackson, Jessica Q.",2020-07-14 00:00:00,0.0,No
72939-1,"Johnson, Gary E.",2020-07-15 00:00:00,0.0,No
72958-1,"Martin, Megan Y.",2020-07-15 00:00:00,0.0,No
72993-1,"Campbell, Raymond C.",2020-07-16 00:00:00,0.0,Yes
73019-1,"Wood, Lauren P.",2020-07-17 00:00:00,0.0,Yes
73098-1,"James, Rachel N.",2020-07-20 00:00:00,0.0,Yes
73180-1,Business Tenant 1,2020-07-22 00:00:00,0.0,No
73237-1,Business Tenant 1,2020-07-23 00:00:00,0.0,No
73249-1,"Thomas, Victoria A.",2020-07-23 00:00:00,0.0,Yes
73267-1,"James, Rachel N.",2020-07-24 00:00:00,0.0,Yes
73298-1,"Johnson, Gary E.",2020-07-24 00:00:00,0.0,No
73347-1,"Kelly, Rachel W.",2020-07-26 00:00:00,0.0,Yes
73403-1,"Carter, Frank H.",2020-07-27 00:00:00,0.0,No
73538-1,"Collins, Gregory J.",2020-07-29 00:00:00,0.0,Yes
73569-1,"Lewis, John P.",2020-07-29 00:00:00,0.0,Yes
73591-1,"Collins, Gregory J.",2020-07-30 00:00:00,0.0,Yes
73652-1,"Lewis, John P.",2020-07-31 00:00:00,0.0,Yes
73780-1,"Thomas, Nicholas C.",2020-08-03 00:00:00,0.0,No
73781-1,"Green, Amanda M.",2020-08-03 00:00:00,0.0,No
73828-1,"Adams, Joshua F.",2020-08-04 00:00:00,0.0,Yes
73829-1,"Kelly, Rachel W.",2020-08-04 00:00:00,0.0,Yes
73844-1,"Harris, Melissa F.",2020-08-04 00:00:00,0.0,Yes
73912-1,"Brooks, George V.",2020-08-05 00:00:00,0.0,No
73920-1,"Collins, Gregory J.",2020-08-05 00:00:00,0.0,Yes
74291-1,"Gonzalez, Amy R.",2020-08-14 00:00:00,0.0,Yes
74372-1,"White, Deborah E.",2020-08-16 00:00:00,0.0,Yes
74396-1,"Torres, Laura D.",2020-08-17 00:00:00,0.0,Yes
74397-1,"Torres, Laura D.",2020-08-17 00:00:00,0.0,Yes
74407-1,"Walker, Eric K.",2020-08-17 00:00:00,0.0,No
74464-1,"Brooks, George V.",2020-08-18 00:00:00,0.0,Yes
74487-1,"Thomas, Victoria A.",2020-08-18 00:00:00,0.0,Yes
74529-1,"Allen, Joan B.",2020-08-19 00:00:00,0.0,No
74741-1,"Ortiz, Jack A.",2020-08-24 00:00:00,0.0,No
74771-1,"Allen, Joan B.",2020-08-25 00:00:00,0.0,No
74890-1,"Thomas, Nicholas C.",2020-08-27 00:00:00,0.0,No
74960-1,"Kelly, Rachel W.",2020-08-28 00:00:00,0.0,No
75063-1,"Turner, Richard N.",2020-08-31 00:00:00,0.0,Yes
75359-1,"Campbell, Raymond C.",2020-09-06 00:00:00,0.0,Yes
75369-1,"Kelly, Rachel W.",2020-09-06 00:00:00,0.0,Yes
75407-1,"Adams, Joshua F.",2020-09-08 00:00:00,0.0,Yes
75410-1,"Harris, Walter D.",2020-09-08 00:00:00,0.0,No
75413-1,"Kim, Robert E.",2020-09-08 00:00:00,0.0,Yes
75461-1,"Morris, Judith B.",2020-09-08 00:00:00,0.0,Yes
75514-1,"Turner, Richard N.",2020-09-10 00:00:00,0.0,Yes
75556-1,"Wood, Ryan M.",2020-09-10 00:00:00,0.0,No
75574-1,"Stewart, Jacob M.",2020-09-10 00:00:00,0.0,Yes
75584-1,"Rodriguez, Nancy U.",2020-09-11 00:00:00,0.0,No
75671-1,Business Tenant 2,2020-09-14 00:00:00,0.0,No
75693-1,"Edwards, Heather S.",2020-09-14 00:00:00,0.0,Yes
75705-1,"Wood, Ryan M.",2020-09-14 00:00:00,0.0,Yes
75756-1,"Howard, Betty Y.",2020-09-15 00:00:00,0.0,Yes
75769-1,"Stewart, Jacob M.",2020-09-16 00:00:00,0.0,Yes
76075-1,"Rodriguez, Nancy U.",2020-09-23 00:00:00,0.0,Yes
76220-1,"Sanchez, Kyle U.",2020-09-27 00:00:00,0.0,Yes
76253-1,"Ward, Douglas E.",2020-09-28 00:00:00,0.0,Yes
76256-1,"Ward, Douglas E.",2020-09-28 00:00:00,0.0,Yes
76301-1,"Ward, Douglas E.",2020-09-28 00:00:00,0.0,Yes
76541-1,"Sanchez, Kyle U.",2020-10-04 00:00:00,0.0,Yes
76565-1,"Ortiz, Jack A.",2020-10-05 00:00:00,0.0,No
76620-1,"Carter, Frank H.",2020-10-06 00:00:00,0.0,Yes
76981-1,"Kelly, Rachel W.",2020-10-14 00:00:00,0.0,Yes
77006-1,"Green, Amanda M.",2020-10-15 00:00:00,0.0,No
77108-1,"Cooper, Jason D.",2020-10-16 00:00:00,0.0,Yes
77159-1,"Campbell, Raymond C.",2020-10-18 00:00:00,0.0,Yes
77160-1,"Cooper, Jason D.",2020-10-18 00:00:00,0.0,Yes
77169-1,"Cooper, Jason D.",2020-10-19 00:00:00,0.0,Yes
77199-1,"Hill, Anthony M.",2020-10-19 00:00:00,0.0,No
77313-1,"Hall, Nathan B.",2020-10-21 00:00:00,0.0,Yes
77709-1,"Cooper, Jason D.",2020-10-30 00:00:00,0.0,Yes
78118-1,"Watson, Edward J.",2020-11-09 00:00:00,0.0,No
78336-1,"Lewis, John P.",2020-11-16 00:00:00,0.0,Yes
78413-1,"Kelly, Rachel W.",2020-11-18 00:00:00,0.0,Yes
78854-1,"Gutierrez, Laura H.",2020-12-01 00:00:00,0.0,Yes
78969-1,"Martin, Megan Y.",2020-12-03 00:00:00,0.0,No
78992-1,"Ramirez, Henry H.",2020-12-03 00:00:00,0.0,Yes
79118-1,"Brooks, George V.",2020-12-07 00:00:00,0.0,Yes
79119-1,"Brooks, George V.",2020-12-07 00:00:00,0.0,Yes
79179-1,"Ramirez, Henry H.",2020-12-08 00:00:00,0.0,Yes
79209-1,"Gutierrez, Laura H.",2020-12-09 00:00:00,0.0,Yes
79219-1,"Flores, Kenneth L.",2020-12-09 00:00:00,0.0,Yes
79286-1,"Sanchez, Kyle U.",2020-12-10 00:00:00,0.0,Yes
79419-1,"Flores, Kenneth L.",2020-12-14 00:00:00,0.0,Yes
79425-1,"Kim, Christine E.",2020-12-15 00:00:00,0.0,No
79438-1,"Brooks, George V.",2020-12-15 00:00:00,0.0,Yes
79494-1,"Brooks, George V.",2020-12-16 00:00:00,0.0,Yes
79539-1,"Gutierrez, Laura H.",2020-12-17 00:00:00,0.0,Yes
79813-1,"Ramirez, Henry H.",2020-12-28 00:00:00,0.0,Yes
79893-1,"Ward, Douglas E.",2020-12-30 00:00:00,0.0,Yes
79976-1,"Mendoza, Margaret T.",2021-01-04 00:00:00,0.0,No
80059-1,"Morgan, Joseph G.",2021-01-05 00:00:00,0.0,No
80073-1,"White, Deborah E.",2021-01-05 00:00:00,0.0,Yes
80111-1,"Davis, Scott P.",2021-01-07 00:00:00,0.0,Yes
80223-1,"Wood, Ryan M.",2021-01-11 00:00:00,0.0,No
80341-1,"Mendoza, Margaret T.",2021-01-13 00:00:00,0.0,Yes
80440-1,"Sanchez, Kyle U.",2021-01-17 00:00:00,0.0,Yes
80460-1,"Diaz, Michael P.",2021-01-18 00:00:00,0.0,No
80523-1,"Martin, Megan Y.",2021-01-19 00:00:00,0.0,Yes
80524-1,"Martin, Megan Y.",2021-01-19 00:00:00,0.0,Yes
80654-1,"Edwards, Heather S.",2021-01-23 00:00:00,0.0,Yes
80694-1,"Thomas, Nicholas C.",2021-01-25 00:00:00,0.0,Yes
80713-1,Business Tenant 5,2021-01-25 00:00:00,0.0,No
81081-1,"Adams, Joshua F.",2021-02-04 00:00:00,0.0,Yes
81116-1,"Ortiz, Jack A.",2021-02-05 00:00:00,0.0,No
81143-1,"Allen, Joan B.",2021-02-06 00:00:00,0.0,Yes
81199-1,"Howard, Betty Y.",2021-02-08 00:00:00,0.0,No
81211-1,"Campbell, Raymond C.",2021-02-08 00:00:00,0.0,Yes
81260-1,"Ortiz, Jack A.",2021-02-09 00:00:00,0.0,No
81299-1,"Cooper, Jason D.",2021-02-09 00:00:00,0.0,Yes
81323-1,"Watson, Edward J.",2021-02-10 00:00:00,0.0,No
81324-1,Business Tenant 1,2021-02-10 00:00:00,0.0,No
81356-1,"Cooper, Jason D.",2021-02-10 00:00:00,0.0,Yes
81505-1,"Campbell, Raymond C.",2021-02-14 00:00:00,0.0,Yes
81527-1,"Davis, Scott P.",2021-02-15 00:00:00,0.0,Yes
81540-1,"Wood, Lauren P.",2021-02-15 00:00:00,0.0,Yes
81581-1,"Ramirez, Henry H.",2021-02-16 00:00:00,0.0,Yes
81597-1,"Kim, Robert E.",2021-02-16 00:00:00,0.0,Yes
81652-1,"Davis, Scott P.",2021-02-17 00:00:00,0.0,Yes
81667-1,"Wilson, Donna P.",2021-02-18 00:00:00,0.0,Yes
81682-1,"Wood, Lauren P.",2021-02-18 00:00:00,0.0,Yes
81707-1,"Brooks, George V.",2021-02-18 00:00:00,0.0,Yes
81718-1,"Torres, Laura D.",2021-02-19 00:00:00,0.0,Yes
81791-1,"Davis, Scott P.",2021-02-21 00:00:00,0.0,Yes
81794-1,"Campbell, Raymond C.",2021-02-22 00:00:00,0.0,Yes
81859-1,"Reed, Maria A.",2021-02-23 00:00:00,0.0,Yes
81912-1,"Ramirez, Henry H.",2021-02-24 00:00:00,0.0,Yes
81921-1,"Brooks, George V.",2021-02-24 00:00:00,0.0,Yes
81958-1,"Wood, Lauren P.",2021-02-25 00:00:00,0.0,Yes
81976-1,"Turner, Richard N.",2021-02-25 00:00:00,0.0,Yes
82157-1,"Brooks, George V.",2021-03-02 00:00:00,0.0,Yes
82159-1,"Richardson, Donald L.",2021-03-02 00:00:00,0.0,Yes
82336-1,"Flores, Kenneth L.",2021-03-07 00:00:00,0.0,Yes
82428-1,"Parker, Joyce A.",2021-03-10 00:00:00,0.0,No
82430-1,"Kim, Christine E.",2021-03-10 00:00:00,0.0,No
82431-1,"Davis, Joshua K.",2021-03-10 00:00:00,0.0,No
82496-1,"Howard, Betty Y.",2021-03-12 00:00:00,0.0,Yes
82500-1,"Flores, Kenneth L.",2021-03-12 00:00:00,0.0,Yes
82715-1,"Morgan, Joseph G.",2021-03-18 00:00:00,0.0,No
82766-1,"Davis, Joshua K.",2021-03-19 00:00:00,0.0,No
82814-1,"Campbell, Raymond C.",2021-03-20 00:00:00,0.0,Yes
82833-1,"Flores, Kenneth L.",2021-03-21 00:00:00,0.0,Yes
82834-1,"Flores, Kenneth L.",2021-03-21 00:00:00,0.0,Yes
82848-1,"Howard, Betty Y.",2021-03-22 00:00:00,0.0,Yes
82880-1,"Johnson, Timothy G.",2021-03-22 00:00:00,0.0,Yes
82899-1,"Murphy, Michael T.",2021-03-23 00:00:00,0.0,Yes
82905-1,"Wood, Ryan M.",2021-03-23 00:00:00,0.0,Yes
82934-1,"Ramirez, Henry H.",2021-03-23 00:00:00,0.0,Yes
82945-1,"Mendoza, Margaret T.",2021-03-23 00:00:00,0.0,Yes
83009-1,"Davis, Joshua K.",2021-03-25 00:00:00,0.0,Yes
83017-1,Business Tenant 5,2021-03-25 00:00:00,0.0,No
83021-1,"Adams, Joshua F.",2021-03-25 00:00:00,0.0,Yes
83164-1,"Adams, Joshua F.",2021-03-29 00:00:00,0.0,Yes
83169-1,"Phillips, Andrew R.",2021-03-29 00:00:00,0.0,No
83269-1,"Garcia, Julie U.",2021-04-01 00:00:00,0.0,Yes
83290-1,"Richardson, Donald L.",2021-04-01 00:00:00,0.0,Yes
83291-1,"Garcia, Julie U.",2021-04-01 00:00:00,0.0,Yes
83304-1,"Torres, Laura D.",2021-04-02 00:00:00,0.0,Yes
83315-1,"Ramirez, Henry H.",2021-04-02 00:00:00,0.0,Yes
83438-1,"Rogers, Aaron N.",2021-04-06 00:00:00,0.0,Yes
83439-1,"Rogers, Aaron N.",2021-04-06 00:00:00,0.0,Yes
83506-1,"Reed, Maria A.",2021-04-08 00:00:00,0.0,Yes
83508-1,"Murphy, Michael T.",2021-04-08 00:00:00,0.0,No
83516-1,"Brooks, George V.",2021-04-08 00:00:00,0.0,Yes
83538-1,"Brooks, George V.",2021-04-08 00:00:00,0.0,Yes
83589-1,"Garcia, Julie U.",2021-04-10 00:00:00,0.0,Yes
83618-1,"Williams, Daniel V.",2021-04-12 00:00:00,0.0,Yes
83627-1,"Rogers, Aaron N.",2021-04-12 00:00:00,0.0,Yes
83632-1,"Wilson, Donna P.",2021-04-12 00:00:00,0.0,Yes
83634-1,"Robinson, Brenda W.",2021-04-12 00:00:00,0.0,No
83642-1,"Williams, Daniel V.",2021-04-12 00:00:00,0.0,Yes
83709-1,"Brooks, George V.",2021-04-14 00:00:00,0.0,No
83744-1,"Cruz, Christopher C.",2021-04-15 00:00:00,0.0,Yes
83840-1,"Mendoza, Margaret T.",2021-04-19 00:00:00,0.0,No
83905-1,"Howard, Betty Y.",2021-04-20 00:00:00,0.0,No
83917-1,"Moore, Charles S.",2021-04-20 00:00:00,0.0,No
84137-1,"Garcia, Julie U.",2021-04-27 00:00:00,0.0,Yes
84156-1,Business Tenant 11,2021-04-27 00:00:00,0.0,Yes
84188-1,"Garcia, Julie U.",2021-04-28 00:00:00,0.0,Yes
84370-1,"Ward, Douglas E.",2021-05-03 00:00:00,0.0,Yes
84436-1,"Kim, Nancy A.",2021-05-04 00:00:00,0.0,Yes
84492-1,"Kim, Nancy A.",2021-05-05 00:00:00,0.0,No
84504-1,"Richardson, Donald L.",2021-05-06 00:00:00,0.0,Yes
84535-1,"Garcia, Julie U.",2021-05-06 00:00:00,0.0,Yes
84756-1,"Martin, Megan Y.",2021-05-14 00:00:00,0.0,Yes
84849-1,"Baker, Carol V.",2021-05-18 00:00:00,0.0,No
84881-1,"James, Brandon Q.",2021-05-18 00:00:00,0.0,Yes
84917-1,"Jones, Jacob R.",2021-05-19 00:00:00,0.0,Yes
84971-1,"Flores, Kenneth L.",2021-05-20 00:00:00,0.0,Yes
84991-1,"Ward, Douglas E.",2021-05-21 00:00:00,0.0,Yes
84992-1,"Ward, Douglas E.",2021-05-21 00:00:00,0.0,Yes
85007-1,"Thompson, Benjamin K.",2021-05-21 00:00:00,0.0,No
85051-1,"Campbell, Raymond C.",2021-05-23 00:00:00,0.0,Yes
85099-1,"Baker, Carol V.",2021-05-24 00:00:00,0.0,Yes
85128-1,"Ward, Douglas E.",2021-05-25 00:00:00,0.0,Yes
85216-1,"Torres, Laura D.",2021-05-26 00:00:00,0.0,Yes
85281-1,"Campbell, Raymond C.",2021-05-27 00:00:00,0.0,Yes
85289-1,"Hall, Kimberly Y.",2021-05-27 00:00:00,0.0,No
85359-1,"Morales, Kelly W.",2021-05-29 00:00:00,0.0,Yes
85361-1,"Morales, Kelly W.",2021-05-29 00:00:00,0.0,Yes
85402-1,"Morales, Kelly W.",2021-05-31 00:00:00,0.0,Yes
85454-1,"Reed, Maria A.",2021-06-01 00:00:00,0.0,Yes
85576-1,"James, Brandon Q.",2021-06-03 00:00:00,0.0,Yes
85726-1,"Wright, Tyler N.",2021-06-08 00:00:00,0.0,No
85744-1,"Jackson, Jessica Q.",2021-06-08 00:00:00,0.0,No
85762-1,"Cruz, Christopher C.",2021-06-08 00:00:00,0.0,No
85783-1,"Brooks, George V.",2021-06-09 00:00:00,0.0,Yes
85784-1,"Brooks, George V.",2021-06-09 00:00:00,0.0,Yes
85805-1,"Robinson, Brenda W.",2021-06-09 00:00:00,0.0,No
85888-1,"Mitchell, Kevin H.",2021-06-11 00:00:00,0.0,Yes
85999-1,"Brooks, George V.",2021-06-14 00:00:00,0.0,Yes
86225-1,"Mitchell, Kevin H.",2021-06-18 00:00:00,0.0,Yes
86286-1,"Brooks, George V.",2021-06-21 00:00:00,0.0,Yes
86303-1,"Bailey, Mary N.",2021-06-21 00:00:00,0.0,No
86305-1,"Reed, Maria A.",2021-06-21 00:00:00,0.0,Yes
86438-1,"Baker, Carol V.",2021-06-24 00:00:00,0.0,Yes
86480-1,"Morris, Judith B.",2021-06-25 00:00:00,0.0,Yes
86483-1,"Morris, Judith B.",2021-06-25 00:00:00,0.0,Yes
86504-1,"Morris, Judith B.",2021-06-25 00:00:00,0.0,Yes
86547-1,"Carter, Frank H.",2021-06-27 00:00:00,0.0,Yes
86549-1,"Flores, Christine N.",2021-06-27 00:00:00,0.0,Yes
86585-1,"Brooks, George V.",2021-06-28 00:00:00,0.0,Yes
86636-1,"Hill, Jason H.",2021-06-28 00:00:00,0.0,Yes
86637-1,"Hill, Jason H.",2021-06-28 00:00:00,0.0,Yes
86657-1,"Hill, Jason H.",2021-06-29 00:00:00,0.0,Yes
86700-1,"Roberts, Sandra Q.",2021-06-29 00:00:00,0.0,Yes
86725-1,"Adams, Joshua F.",2021-06-30 00:00:00,0.0,Yes
86746-1,"Johnson, Timothy G.",2021-06-30 00:00:00,0.0,Yes
86860-1,"Richardson, Donald L.",2021-07-02 00:00:00,0.0,Yes
86892-1,"Davis, Scott P.",2021-07-04 00:00:00,0.0,Yes
86992-1,"Edwards, Heather S.",2021-07-06 00:00:00,0.0,Yes
86999-1,"Morales, Kelly W.",2021-07-06 00:00:00,0.0,Yes
87248-1,"Clark, Angela G.",2021-07-12 00:00:00,0.0,Yes
87433-1,"Edwards, Heather S.",2021-07-18 00:00:00,0.0,Yes
87435-1,"Thompson, Benjamin K.",2021-07-18 00:00:00,0.0,Yes
87439-1,"Thompson, Benjamin K.",2021-07-18 00:00:00,0.0,Yes
87534-1,"Anderson, Stephanie D.",2021-07-21 00:00:00,0.0,Yes
87535-1,"Anderson, Stephanie D.",2021-07-21 00:00:00,0.0,Yes
87548-1,Business Tenant 5,2021-07-21 00:00:00,0.0,No
87572-1,"Morris, Judith B.",2021-07-22 00:00:00,0.0,Yes
87622-1,Business Tenant 1,2021-07-23 00:00:00,0.0,No
87710-1,"Hernandez, Victoria J.",2021-07-26 00:00:00,0.0,Yes
87755-1,"Morris, Judith B.",2021-07-27 00:00:00,0.0,Yes
87871-1,"Thompson, Benjamin K.",2021-07-28 00:00:00,0.0,Yes
87952-1,"Howard, Betty Y.",2021-07-30 00:00:00,0.0,Yes
87976-1,"James, Brandon Q.",2021-07-31 00:00:00,0.0,Yes
88002-1,"Anderson, Stephanie D.",2021-08-01 00:00:00,0.0,Yes
88005-1,"James, Brandon Q.",2021-08-02 00:00:00,0.0,Yes
88032-1,"Baker, Carol V.",2021-08-02 00:00:00,0.0,Yes
88050-1,"Flores, Christine N.",2021-08-02 00:00:00,0.0,Yes
88073-1,"Morris, Judith B.",2021-08-03 00:00:00,0.0,Yes
88076-1,"Hill, Jason H.",2021-08-03 00:00:00,0.0,Yes
88207-1,"Garcia, Julie U.",2021-08-08 00:00:00,0.0,Yes
88368-1,"Hernandez, Victoria J.",2021-08-12 00:00:00,0.0,Yes
88631-1,"Hernandez, Victoria J.",2021-08-19 00:00:00,0.0,Yes
88647-1,"Evans, Jonathan F.",2021-08-19 00:00:00,0.0,Yes
88668-1,"Howard, Betty Y.",2021-08-19 00:00:00,0.0,Yes
88728-1,"Gutierrez, Anna M.",2021-08-21 00:00:00,0.0,Yes
88742-1,"Carter, Frank H.",2021-08-22 00:00:00,0.0,Yes
88755-1,"Hernandez, William L.",2021-08-23 00:00:00,0.0,Yes
88756-1,"Hernandez, William L.",2021-08-23 00:00:00,0.0,Yes
88820-1,"Brown, Linda J.",2021-08-24 00:00:00,0.0,No
88941-1,"Nelson, Jose V.",2021-08-26 00:00:00,0.0,Yes
88982-1,"Gutierrez, Anna M.",2021-08-27 00:00:00,0.0,Yes
89037-1,"Nelson, Jose V.",2021-08-29 00:00:00,0.0,Yes
89052-1,"Gutierrez, Anna M.",2021-08-29 00:00:00,0.0,Yes
89125-1,"Nelson, Jose V.",2021-08-30 00:00:00,0.0,Yes
89129-1,"Nelson, Jose V.",2021-08-30 00:00:00,0.0,Yes
89361-1,"Johnson, Brandon G.",2021-09-04 00:00:00,0.0,Yes
89431-1,"Carter, Frank H.",2021-09-07 00:00:00,0.0,No
89547-1,"Brown, Linda J.",2021-09-09 00:00:00,0.0,No
89651-1,"Moore, Samantha U.",2021-09-13 00:00:00,0.0,Yes
89658-1,"Baker, Carol V.",2021-09-13 00:00:00,0.0,Yes
89670-1,"Kim, Christine E.",2021-09-13 00:00:00,0.0,No
89694-1,"Taylor, Raymond G.",2021-09-14 00:00:00,0.0,Yes
89738-1,"Evans, Jonathan F.",2021-09-15 00:00:00,0.0,Yes
89818-1,"Moore, Samantha U.",2021-09-19 00:00:00,0.0,Yes
89914-1,"Harris, Melissa F.",2021-09-21 00:00:00,0.0,No
89973-1,"Phillips, Andrew R.",2021-09-23 00:00:00,0.0,No
90073-1,"Wright, Tyler N.",2021-09-25 00:00:00,0.0,Yes
90081-1,"Wright, Tyler N.",2021-09-26 00:00:00,0.0,Yes
90148-1,"Garcia, Julie U.",2021-09-28 00:00:00,0.0,Yes
90212-1,"Gomez, Lisa Q.",2021-09-29 00:00:00,0.0,Yes
90262-1,"Perez, Adam T.",2021-09-30 00:00:00,0.0,Yes
90263-1,"Watson, Edward J.",2021-09-30 00:00:00,0.0,Yes
90337-1,"Morris, Judith B.",2021-10-02 00:00:00,0.0,Yes
90514-1,"Kim, Nancy A.",2021-10-06 00:00:00,0.0,Yes
90545-1,Business Tenant 11,2021-10-07 00:00:00,0.0,Yes
90565-1,"Kelly, Gary S.",2021-10-08 00:00:00,0.0,No
90683-1,"Howard, Betty Y.",2021-10-12 00:00:00,0.0,Yes
90697-1,"Kim, Christine E.",2021-10-12 00:00:00,0.0,No
90744-1,"Martin, Megan Y.",2021-10-13 00:00:00,0.0,Yes
90794-1,"Brown, Linda J.",2021-10-15 00:00:00,0.0,Yes
90861-1,"Harris, Melissa F.",2021-10-18 00:00:00,0.0,Yes
90876-1,"Kim, Christine E.",2021-10-18 00:00:00,0.0,No
90928-1,"Evans, Jonathan F.",2021-10-20 00:00:00,0.0,Yes
90961-1,"Johnson, Brandon G.",2021-10-21 00:00:00,0.0,No
91039-1,"King, Ryan H.",2021-10-24 00:00:00,0.0,No
91107-1,"Moore, Samantha U.",2021-10-26 00:00:00,0.0,Yes
91194-1,"Green, Amanda M.",2021-10-28 00:00:00,0.0,No
91242-1,"Kelly, Gary S.",2021-10-30 00:00:00,0.0,Yes
91337-1,"Wilson, Donna P.",2021-11-02 00:00:00,0.0,No
91456-1,"Wright, Jennifer J.",2021-11-06 00:00:00,0.0,Yes
91541-1,"Campbell, Susan E.",2021-11-08 00:00:00,0.0,No
91573-1,"Garcia, Julie U.",2021-11-09 00:00:00,0.0,Yes
91579-1,"Wright, Jennifer Q.",2021-11-09 00:00:00,0.0,No
91582-1,"Murphy, Walter R.",2021-11-09 00:00:00,0.0,No
91608-1,"Reed, Maria A.",2021-11-10 00:00:00,0.0,Yes
91668-1,"Chavez, Dorothy L.",2021-11-11 00:00:00,0.0,Yes
91705-1,"Cabral Nunez, Stephen E.",2021-11-12 00:00:00,0.0,Yes
91850-1,"Brown, Linda J.",2021-11-18 00:00:00,0.0,No
91921-1,"Baker, Carol V.",2021-11-22 00:00:00,0.0,Yes
91923-1,Business Tenant 1,2021-11-22 00:00:00,0.0,No
91943-1,"Anderson, Stephanie D.",2021-11-23 00:00:00,0.0,Yes
91948-1,"Murphy, Walter Y.",2021-11-23 00:00:00,0.0,Yes
91975-1,"Murphy, Walter Y.",2021-11-24 00:00:00,0.0,Yes
91976-1,"Green, Amanda M.",2021-11-24 00:00:00,0.0,No
92201-1,"Garcia, Julie U.",2021-12-03 00:00:00,0.0,Yes
92233-1,"Murphy, Walter Y.",2021-12-05 00:00:00,0.0,Yes
92272-1,Business Tenant 5,2021-12-07 00:00:00,0.0,No
92295-1,"Baker, Carol V.",2021-12-08 00:00:00,0.0,Yes
92296-1,"Baker, Carol V.",2021-12-08 00:00:00,0.0,Yes
92308-1,"Ortiz, Jack A.",2021-12-08 00:00:00,0.0,No
92356-1,"Campbell, Susan W.",2021-12-11 00:00:00,0.0,No
92377-1,"Johnson, Brandon G.",2021-12-12 00:00:00,0.0,Yes
92415-1,"Campbell, Susan W.",2021-12-14 00:00:00,0.0,No
92441-1,"Cabral Nunez, Stephen E.",2021-12-15 00:00:00,0.0,Yes
92442-1,"Wright, Jennifer Q.",2021-12-15 00:00:00,0.0,No
92447-1,"Cordero Vega, William E.",2021-12-15 00:00:00,0.0,No
92494-1,"Reyes, Sarah B.",2021-12-18 00:00:00,0.0,Yes
92530-1,"Ward, Kelly J.",2021-12-20 00:00:00,0.0,Yes
92596-1,"Murphy, Walter R.",2021-12-22 00:00:00,0.0,No
92604-1,"Garcia, Julie U.",2021-12-23 00:00:00,0.0,Yes
92678-1,"Flores, Kenneth L.",2021-12-29 00:00:00,0.0,Yes
92707-1,"Ramirez, Rebecca D.",2021-12-30 00:00:00,0.0,Yes
92732-1,"Moore, Samantha U.",2022-01-01 00:00:00,0.0,Yes
92755-1,"Campbell, Susan W.",2022-01-03 00:00:00,0.0,Yes
92758-1,"Campbell, Susan W.",2022-01-03 00:00:00,0.0,Yes
92784-1,Business Tenant 5,2022-01-04 00:00:00,0.0,No
92786-1,"Campbell, Susan W.",2022-01-04 00:00:00,0.0,Yes
92802-1,"Kelly, Gary A.",2022-01-04 00:00:00,0.0,Yes
92856-1,"Sanchez, Dennis W.",2022-01-07 00:00:00,0.0,No
92857-1,"Kim, Christine E.",2022-01-07 00:00:00,0.0,No
92894-1,"Cabral Nunez, Stephen E.",2022-01-08 00:00:00,0.0,Yes
92903-1,"Wright, Jennifer Q.",2022-01-08 00:00:00,0.0,Yes
92906-1,"Nelson, Jose V.",2022-01-08 00:00:00,0.0,Yes
92909-1,"Murphy, Jerry Y.",2022-01-08 00:00:00,0.0,Yes
92927-1,"Thompson, Benjamin K.",2022-01-09 00:00:00,0.0,Yes
92973-1,"Wright, Jennifer Q.",2022-01-11 00:00:00,0.0,Yes
93011-1,"Wright, Jennifer Q.",2022-01-12 00:00:00,0.0,Yes
93043-1,"Martin, Megan Y.",2022-01-12 00:00:00,0.0,Yes
93061-1,"Moore, Samantha U.",2022-01-14 00:00:00,0.0,Yes
93102-1,"Garcia, Julie U.",2022-01-16 00:00:00,0.0,Yes
93132-1,"Kim, Robert W.",2022-01-17 00:00:00,0.0,Yes
93149-1,Business Tenant 1,2022-01-18 00:00:00,0.0,No
93150-1,"Murphy, Walter Y.",2022-01-18 00:00:00,0.0,Yes
93182-1,"Evans, Jonathan F.",2022-01-18 00:00:00,0.0,Yes
93183-1,"Evans, Jonathan F.",2022-01-18 00:00:00,0.0,Yes
93254-1,"Nelson, Jose V.",2022-01-21 00:00:00,0.0,Yes
93391-1,"Campbell, Susan W.",2022-01-26 00:00:00,0.0,Yes
93445-1,"Wood, Alexander R.",2022-01-27 00:00:00,0.0,No
93534-1,"Howard, Betty Y.",2022-01-30 00:00:00,0.0,Yes
93537-1,"Watson, Edward C.",2022-01-30 00:00:00,0.0,Yes
93538-1,"Chavez, Dorothy L.",2022-01-30 00:00:00,0.0,Yes
93599-1,"Nguyen, Sharon A.",2022-01-31 00:00:00,0.0,Yes
93601-1,"Nguyen, Sharon A.",2022-01-31 00:00:00,0.0,Yes
93770-1,"Anderson, Stephanie D.",2022-02-06 00:00:00,0.0,Yes
93790-1,"Sanchez, Dennis W.",2022-02-07 00:00:00,0.0,No
93910-1,"Roberts, Peter S.",2022-02-11 00:00:00,0.0,Yes
93941-1,"Nelson, Jose V.",2022-02-14 00:00:00,0.0,Yes
93952-1,"Campbell, Susan W.",2022-02-14 00:00:00,0.0,No
93977-1,"Baker, Carol V.",2022-02-15 00:00:00,0.0,Yes
93981-1,"Campbell, Susan E.",2022-02-15 00:00:00,0.0,No
94013-1,"Watson, Edward C.",2022-02-16 00:00:00,0.0,Yes
94077-1,"Martin, Megan Y.",2022-02-19 00:00:00,0.0,Yes
94078-1,"Wood, Alexander R.",2022-02-19 00:00:00,0.0,Yes
94163-1,"Gutierrez, Anna M.",2022-02-23 00:00:00,0.0,Yes
71928-1,"Carter, Frank H.",2020-06-22 00:00:00,0.0,Yes
69816-1,"Adams, Joshua F.",2020-05-04 00:00:00,0.0,Yes
70377-1,"Davis, Scott P.",2020-05-19 00:00:00,0.0,Yes
71402-1,"Carter, Frank H.",2020-06-08 00:00:00,0.0,Yes
71413-1,"Gomez, Lisa Q.",2020-06-08 00:00:00,0.0,Yes
71459-1,"Turner, Carolyn L.",2020-06-09 00:00:00,0.0,Yes
71497-1,"Diaz, Michael P.",2020-06-10 00:00:00,0.0,Yes
71510-1,"Cooper, Jason D.",2020-06-10 00:00:00,0.0,Yes
73097-1,"Lewis, Shirley R.",2020-07-20 00:00:00,0.0,No
73120-1,"Howard, Betty Y.",2020-07-20 00:00:00,0.0,Yes
75039-1,"White, Deborah E.",2020-08-30 00:00:00,0.0,Yes
75040-1,"White, Deborah E.",2020-08-30 00:00:00,0.0,Yes
88947-1,"Johnson, Brandon G.",2021-08-26 00:00:00,0.0,Yes
89813-1,"Moore, Samantha U.",2021-09-18 00:00:00,0.0,Yes
91869-1,"Garcia, Julie U.",2021-11-19 00:00:00,0.0,No
92816-1,"Kim, Christine E.",2022-01-05 00:00:00,0.0,No
93804-1,"Roberts, Peter S.",2022-02-08 00:00:00,0.0,Yes
49489-1,Business Tenant 16,2019-07-18 00:00:00,0.0,No
49623-1,"James, Rachel N.",2019-07-22 00:00:00,0.0,No
49964-1,Business Tenant 9,2019-07-28 00:00:00,0.0,Yes
50328-1,Business Tenant 10,2019-08-04 00:00:00,0.0,Yes
52599-1,Business Tenant 3,2019-09-19 00:00:00,0.0,No
61684-1,Business Tenant 10,2019-09-23 00:00:00,0.0,Yes
61731-1,Business Tenant 3,2019-09-24 00:00:00,0.0,No
61752-1,"Anderson, Matthew B.",2019-09-24 00:00:00,0.0,Yes
61802-1,"Garcia, Ronald S.",2019-09-25 00:00:00,0.0,Yes
61818-1,"James, Rachel N.",2019-09-26 00:00:00,0.0,Yes
61870-1,"James, Rachel N.",2019-09-27 00:00:00,0.0,Yes
62160-1,Business Tenant 3,2019-10-03 00:00:00,0.0,No
63192-1,"Martin, Emily V.",2019-10-28 00:00:00,0.0,No
63885-1,Business Tenant 3,2019-11-12 00:00:00,0.0,No
118633-1,"Martinez, Zachary E.",2024-04-29 00:00:00,0.0,Yes
119087-1,"Sanchez, Mary A.",2024-05-11 00:00:00,0.0,Yes
119247-1,"Garcia, Donald W.",2024-05-15 00:00:00,0.0,Yes
119389-1,"Johnson, Rachel J.",2024-05-19 00:00:00,0.0,Yes
119390-1,"Lopez, Rebecca F.",2024-05-19 00:00:00,0.0,Yes
119426-1,"Wilson, Karen T.",2024-05-20 00:00:00,0.0,Yes
119475-1,"Howard, Lauren B.",2024-05-21 00:00:00,0.0,Yes
119479-1,"Carter, Nicole K.",2024-05-21 00:00:00,0.0,Yes
119492-1,"Rivera, Nathan M.",2024-05-21 00:00:00,0.0,Yes
119515-1,"Diaz, Michael P.",2024-05-21 00:00:00,0.0,Yes
119530-1,"Howard, Lauren B.",2024-05-22 00:00:00,0.0,Yes
119541-1,"Garcia, Donald W.",2024-05-22 00:00:00,0.0,Yes
119572-1,"Mitchell, Sarah M.",2024-05-23 00:00:00,0.0,Yes
119649-1,"Baker, Cynthia Y.",2024-05-26 00:00:00,0.0,Yes
119849-1,"Lopez, Rebecca V.",2024-05-30 00:00:00,0.0,Yes
119850-1,"Lopez, Rebecca V.",2024-05-30 00:00:00,0.0,Yes
120066-1,"Wilson, Karen T.",2024-06-04 00:00:00,0.0,Yes
120092-1,"Sanchez, Mary A.",2024-06-05 00:00:00,0.0,Yes
120146-1,"Ortiz, Jack A.",2024-06-06 00:00:00,0.0,Yes
120232-1,"Ramirez, Joan M.",2024-06-08 00:00:00,0.0,Yes
120280-1,"Rodriguez, Christine A.",2024-06-10 00:00:00,0.0,Yes
120377-1,"Green, George D.",2024-06-12 00:00:00,0.0,Yes
120378-1,"Green, George D.",2024-06-12 00:00:00,0.0,Yes
120379-1,"Green, George D.",2024-06-12 00:00:00,0.0,Yes
120392-1,"Gray, Anna H.",2024-06-13 00:00:00,0.0,Yes
120428-1,"Gutierrez, Anna M.",2024-06-13 00:00:00,0.0,Yes
120474-1,"Gutierrez, Anna M.",2024-06-15 00:00:00,0.0,Yes
120498-1,"Clark, Brenda S.",2024-06-16 00:00:00,0.0,Yes
120544-1,"Wilson, Donna P.",2024-06-17 00:00:00,0.0,Yes
120561-1,"Jones, Jacob Y.",2024-06-17 00:00:00,0.0,Yes
120571-1,"Morgan, Sharon L.",2024-06-17 00:00:00,0.0,No
120655-1,"Mendoza, Matthew V.",2024-06-18 00:00:00,0.0,Yes
120690-1,"Howard, Lauren B.",2024-06-19 00:00:00,0.0,Yes
120696-1,"Jackson, Joseph S.",2024-06-19 00:00:00,0.0,Yes
120701-1,"Torres, Laura D.",2024-06-20 00:00:00,0.0,Yes
120713-1,"Lopez, Rebecca V.",2024-06-20 00:00:00,0.0,No
120719-1,"Cox, Steven W.",2024-06-20 00:00:00,0.0,Yes
120727-1,"Ward, Kelly J.",2024-06-20 00:00:00,0.0,Yes
120741-1,"Nguyen, Sharon A.",2024-06-20 00:00:00,0.0,Yes
120753-1,"Gutierrez, Anna M.",2024-06-21 00:00:00,0.0,Yes
120832-1,"Flores, Kenneth L.",2024-06-23 00:00:00,0.0,Yes
120861-1,"Bennett, James J.",2024-06-24 00:00:00,0.0,Yes
120923-1,"Campbell, Larry G.",2024-06-25 00:00:00,0.0,Yes
121139-1,"Davis, Joshua R.",2024-06-29 00:00:00,0.0,Yes
121149-1,"Taylor, Susan Q.",2024-06-30 00:00:00,0.0,Yes
121245-1,"Gomez, Linda U.",2024-07-02 00:00:00,0.0,Yes
121252-1,"Diaz, Michael P.",2024-07-02 00:00:00,0.0,Yes
121302-1,"Escobar Rios, Amy D.",2024-07-03 00:00:00,0.0,Yes
121326-1,"Ramirez, Joan M.",2024-07-03 00:00:00,0.0,Yes
121388-1,"Garcia, Donald G.",2024-07-05 00:00:00,0.0,Yes
121458-1,"Gray, Anna H.",2024-07-07 00:00:00,0.0,Yes
121494-1,"Flores, Kenneth L.",2024-07-08 00:00:00,0.0,Yes
121506-1,"Carter, Nicole K.",2024-07-08 00:00:00,0.0,Yes
121516-1,"Jones, Jacob Y.",2024-07-08 00:00:00,0.0,Yes
121524-1,"Brown, Joyce L.",2024-07-08 00:00:00,0.0,Yes
121629-1,"Ortiz, Jack A.",2024-07-10 00:00:00,0.0,Yes
121643-1,"Martinez, Zachary E.",2024-07-10 00:00:00,0.0,Yes
121664-1,"Campbell, Larry G.",2024-07-11 00:00:00,0.0,Yes
121777-1,"Escobar Rios, Amy D.",2024-07-14 00:00:00,0.0,Yes
121784-1,"Collins, Paul N.",2024-07-15 00:00:00,0.0,Yes
121813-1,"Ortiz, Jack A.",2024-07-15 00:00:00,0.0,No
121818-1,"Cox, Steven W.",2024-07-15 00:00:00,0.0,Yes
122022-1,"Carter, Nicole K.",2024-07-20 00:00:00,0.0,Yes
122079-1,"Nguyen, Patricia A.",2024-07-22 00:00:00,0.0,Yes
122227-1,"Jones, Christina K.",2024-07-25 00:00:00,0.0,Yes
122365-1,"Campbell, Larry Q.",2024-07-27 00:00:00,0.0,Yes
122380-1,"Johnson, Gary L.",2024-07-28 00:00:00,0.0,Yes
122634-1,"Rodriguez, Christine A.",2024-08-02 00:00:00,0.0,Yes
122690-1,"Roberts, Peter S.",2024-08-03 00:00:00,0.0,No
122939-1,"Johnson, Rachel J.",2024-08-08 00:00:00,0.0,Yes
123019-1,"Perez, Benjamin V.",2024-08-09 00:00:00,0.0,Yes
118469-1,"Ramos, Mark J.",2024-04-24 00:00:00,0.0,Yes
119020-1,"Miller, Carol H.",2024-05-09 00:00:00,0.0,Yes
119476-1,Business Tenant 11,2024-05-21 00:00:00,0.0,Yes
118119-1,"Nguyen, Sharon A.",2024-04-14 00:00:00,0.0,Yes
118380-1,"Miller, Carol H.",2024-04-21 00:00:00,0.0,Yes
118589-1,"Sanchez, Mary A.",2024-04-27 00:00:00,0.0,Yes
69617-1,"Mitchell, Kevin H.",2020-04-27 00:00:00,0.0,Yes
70938-1,"Scott, Nicole Y.",2020-05-29 00:00:00,0.0,Yes
72308-1,"Williams, Daniel V.",2020-07-01 00:00:00,0.0,Yes
74215-1,"Walker, Eric K.",2020-08-12 00:00:00,0.0,Yes
74222-1,"Reed, Maria A.",2020-08-12 00:00:00,0.0,Yes
76738-1,"Wood, Lauren P.",2020-10-08 00:00:00,0.0,Yes
81751-1,"Cooper, Jason D.",2021-02-19 00:00:00,0.0,Yes
68745-1,"Thompson, Jeffrey H.",2020-03-27 00:00:00,0.0,Yes
68897-1,Business Tenant 22,2020-04-01 00:00:00,0.0,No
68899-1,Business Tenant 28,2020-04-01 00:00:00,0.0,No
69205-1,"Collins, Gregory J.",2020-04-12 00:00:00,0.0,Yes
69523-1,"Thompson, Jeffrey H.",2020-04-24 00:00:00,0.0,Yes
69575-1,"Flores, Kenneth L.",2020-04-27 00:00:00,0.0,No
69585-1,"Hernandez, Victoria J.",2020-04-27 00:00:00,0.0,Yes
69587-1,"Morales, Carolyn W.",2020-04-27 00:00:00,0.0,Yes
69706-1,"Ortiz, Jack A.",2020-04-30 00:00:00,0.0,No
69753-1,"Wood, Lauren P.",2020-05-01 00:00:00,0.0,Yes
69776-1,"White, Deborah E.",2020-05-02 00:00:00,0.0,Yes
69783-1,"Flores, Kenneth L.",2020-05-02 00:00:00,0.0,Yes
69840-1,"White, Deborah E.",2020-05-04 00:00:00,0.0,Yes
70121-1,"Hall, Kimberly Y.",2020-05-12 00:00:00,0.0,No
70190-1,"Walker, Eric K.",2020-05-15 00:00:00,0.0,Yes
70191-1,"Walker, Eric K.",2020-05-15 00:00:00,0.0,Yes
70665-1,"Harris, Melissa F.",2020-05-25 00:00:00,0.0,Yes
70668-1,"Davis, Scott P.",2020-05-25 00:00:00,0.0,Yes
70691-1,"Lewis, Shirley R.",2020-05-25 00:00:00,0.0,Yes
70754-1,"Davis, Scott P.",2020-05-26 00:00:00,0.0,Yes
70771-1,"Kelly, Rachel W.",2020-05-27 00:00:00,0.0,Yes
70794-1,"Cooper, Jason D.",2020-05-27 00:00:00,0.0,Yes
70795-1,"Cooper, Jason D.",2020-05-27 00:00:00,0.0,Yes
71024-1,"Young, James W.",2020-05-31 00:00:00,0.0,Yes
71046-1,"Flores, Kenneth L.",2020-06-01 00:00:00,0.0,Yes
71206-1,"Howard, Betty Y.",2020-06-04 00:00:00,0.0,No
71347-1,"Cooper, Jason D.",2020-06-07 00:00:00,0.0,Yes
71477-1,"Ward, Douglas E.",2020-06-10 00:00:00,0.0,No
71607-1,"Cooper, Jason D.",2020-06-12 00:00:00,0.0,Yes
71886-1,"Williams, Daniel V.",2020-06-22 00:00:00,0.0,Yes
71901-1,"Reed, Maria A.",2020-06-22 00:00:00,0.0,Yes
71965-1,"Ortiz, Jack A.",2020-06-23 00:00:00,0.0,No
72036-1,"Roberts, Sandra Q.",2020-06-25 00:00:00,0.0,Yes
72084-1,"Kelly, Rachel W.",2020-06-26 00:00:00,0.0,Yes
72118-1,"Collins, Paul G.",2020-06-26 00:00:00,0.0,Yes
72224-1,"Richardson, Donald L.",2020-06-29 00:00:00,0.0,No
72302-1,"Jackson, Jessica Q.",2020-07-01 00:00:00,0.0,No
72433-1,"Howard, Betty Y.",2020-07-04 00:00:00,0.0,Yes
72573-1,"Ortiz, Jack A.",2020-07-07 00:00:00,0.0,No
72574-1,"Garcia, Ronald S.",2020-07-07 00:00:00,0.0,No
72641-1,"Collins, Paul G.",2020-07-08 00:00:00,0.0,No
72654-1,"Flores, Kenneth L.",2020-07-08 00:00:00,0.0,Yes
72739-1,"Ortiz, Jack A.",2020-07-10 00:00:00,0.0,No
72988-1,"Gonzalez, Amy R.",2020-07-16 00:00:00,0.0,Yes
73007-1,"Evans, Christina D.",2020-07-16 00:00:00,0.0,Yes
73090-1,"Parker, Joyce A.",2020-07-20 00:00:00,0.0,No
73105-1,"White, Deborah E.",2020-07-20 00:00:00,0.0,Yes
73119-1,"Hall, Nathan B.",2020-07-20 00:00:00,0.0,Yes
73156-1,"Taylor, Steven L.",2020-07-21 00:00:00,0.0,No
73157-1,"Richardson, Donald L.",2020-07-21 00:00:00,0.0,No
73191-1,"White, Deborah E.",2020-07-22 00:00:00,0.0,Yes
73343-1,"Howard, Betty Y.",2020-07-25 00:00:00,0.0,Yes
73470-1,"Edwards, Heather S.",2020-07-28 00:00:00,0.0,Yes
73471-1,"Edwards, Heather S.",2020-07-28 00:00:00,0.0,Yes
73477-1,"Gray, Emma T.",2020-07-28 00:00:00,0.0,Yes
73597-1,"Collins, Paul G.",2020-07-30 00:00:00,0.0,Yes
73670-1,"Martin, Megan Y.",2020-07-31 00:00:00,0.0,Yes
73673-1,"Morris, Judith B.",2020-07-31 00:00:00,0.0,Yes
73798-1,"Harris, Melissa F.",2020-08-03 00:00:00,0.0,No
73915-1,"Stewart, Jacob M.",2020-08-05 00:00:00,0.0,No
73958-1,"Richardson, Donald L.",2020-08-06 00:00:00,0.0,Yes
73992-1,"Clark, Evelyn E.",2020-08-07 00:00:00,0.0,Yes
74024-1,"Ward, Douglas E.",2020-08-07 00:00:00,0.0,Yes
74025-1,"Ward, Douglas E.",2020-08-07 00:00:00,0.0,Yes
74034-1,"Thomas, Nicholas C.",2020-08-08 00:00:00,0.0,Yes
74089-1,"Peterson, Ronald C.",2020-08-10 00:00:00,0.0,Yes
74160-1,"Flores, Kenneth L.",2020-08-11 00:00:00,0.0,Yes
74181-1,"Flores, Kenneth L.",2020-08-11 00:00:00,0.0,Yes
74188-1,"Brooks, George V.",2020-08-12 00:00:00,0.0,Yes
74207-1,"Lewis, Shirley R.",2020-08-12 00:00:00,0.0,Yes
74160-2,"Flores, Kenneth L.",2020-08-12 00:00:00,0.0,No
74287-1,"Collins, Paul G.",2020-08-13 00:00:00,0.0,Yes
74317-1,"Ward, Douglas E.",2020-08-14 00:00:00,0.0,Yes
74388-1,"White, Deborah E.",2020-08-16 00:00:00,0.0,Yes
74438-1,"Campbell, Raymond C.",2020-08-17 00:00:00,0.0,Yes
74463-1,"Sanchez, Kyle U.",2020-08-18 00:00:00,0.0,Yes
74465-1,"Ward, Douglas E.",2020-08-18 00:00:00,0.0,Yes
74476-1,"Collins, Gregory J.",2020-08-18 00:00:00,0.0,No
74502-1,"Turner, Richard N.",2020-08-19 00:00:00,0.0,Yes
74542-1,"Kelly, Rachel W.",2020-08-19 00:00:00,0.0,Yes
74738-1,"Gray, Emma T.",2020-08-24 00:00:00,0.0,Yes
74757-1,"Morris, Judith B.",2020-08-24 00:00:00,0.0,Yes
74778-1,"Reed, Maria A.",2020-08-25 00:00:00,0.0,Yes
74853-1,"Campbell, Raymond C.",2020-08-26 00:00:00,0.0,No
74871-1,"Richardson, Donald L.",2020-08-26 00:00:00,0.0,Yes
75094-1,"Brooks, George V.",2020-08-31 00:00:00,0.0,Yes
75164-1,"Edwards, Heather S.",2020-09-01 00:00:00,0.0,Yes
75180-1,"Kelly, Rachel W.",2020-09-02 00:00:00,0.0,Yes
75181-1,"Turner, Richard N.",2020-09-02 00:00:00,0.0,Yes
75214-1,"Davis, Scott P.",2020-09-02 00:00:00,0.0,Yes
75224-1,"Richardson, Donald L.",2020-09-02 00:00:00,0.0,Yes
75254-1,"Martin, Megan Y.",2020-09-03 00:00:00,0.0,Yes
75256-1,"Martin, Megan Y.",2020-09-03 00:00:00,0.0,Yes
75297-1,"Reed, Maria A.",2020-09-04 00:00:00,0.0,No
75350-1,"Jackson, Jessica Q.",2020-09-05 00:00:00,0.0,Yes
75433-1,"Jackson, Jessica Q.",2020-09-08 00:00:00,0.0,Yes
75462-1,"Cooper, Jason D.",2020-09-09 00:00:00,0.0,Yes
75509-1,"Cooper, Jason D.",2020-09-09 00:00:00,0.0,Yes
75578-1,"Kelly, Rachel W.",2020-09-11 00:00:00,0.0,Yes
75581-1,"Ortiz, Jack A.",2020-09-11 00:00:00,0.0,No
75670-1,"Morris, Judith B.",2020-09-14 00:00:00,0.0,No
75709-1,"White, Deborah E.",2020-09-14 00:00:00,0.0,Yes
75716-1,"Brooks, George V.",2020-09-15 00:00:00,0.0,Yes
75724-1,"Rodriguez, Nancy U.",2020-09-15 00:00:00,0.0,Yes
75730-1,"White, Deborah E.",2020-09-15 00:00:00,0.0,Yes
75888-1,"Davis, Scott P.",2020-09-18 00:00:00,0.0,Yes
75941-1,"Collins, Paul G.",2020-09-20 00:00:00,0.0,Yes
76013-1,"Cooper, Jason D.",2020-09-21 00:00:00,0.0,Yes
76054-1,"Kelly, Rachel W.",2020-09-22 00:00:00,0.0,Yes
76076-1,"Torres, Laura D.",2020-09-23 00:00:00,0.0,Yes
76077-1,"Cooper, Jason D.",2020-09-23 00:00:00,0.0,Yes
76155-1,"Brooks, George V.",2020-09-24 00:00:00,0.0,Yes
76167-1,"Ward, Douglas E.",2020-09-25 00:00:00,0.0,No
76207-1,"Campbell, Raymond C.",2020-09-26 00:00:00,0.0,Yes
76215-1,"Harris, Walter D.",2020-09-26 00:00:00,0.0,Yes
76281-1,"Campbell, Raymond C.",2020-09-28 00:00:00,0.0,Yes
76299-1,"Cooper, Jason D.",2020-09-28 00:00:00,0.0,Yes
76694-1,"Walker, Eric K.",2020-10-07 00:00:00,0.0,Yes
76778-1,"Brooks, George V.",2020-10-09 00:00:00,0.0,Yes
76779-1,"Brooks, George V.",2020-10-09 00:00:00,0.0,Yes
76819-1,"Cruz, Christopher C.",2020-10-10 00:00:00,0.0,Yes
76821-1,"Jackson, Jessica Q.",2020-10-10 00:00:00,0.0,Yes
76959-1,"Kelly, Rachel W.",2020-10-14 00:00:00,0.0,Yes
77012-1,"Allen, Joan B.",2020-10-15 00:00:00,0.0,Yes
77013-1,"Allen, Joan B.",2020-10-15 00:00:00,0.0,Yes
77016-1,"Smith, Matthew K.",2020-10-15 00:00:00,0.0,No
77030-1,"Martin, Megan Y.",2020-10-15 00:00:00,0.0,Yes
77181-1,"Wood, Ryan M.",2020-10-19 00:00:00,0.0,No
77200-1,"Green, Amanda M.",2020-10-19 00:00:00,0.0,No
77224-1,"Cox, Larry U.",2020-10-19 00:00:00,0.0,Yes
77231-1,"Wood, Ryan M.",2020-10-20 00:00:00,0.0,Yes
77327-1,"Parker, Joyce A.",2020-10-22 00:00:00,0.0,Yes
77422-1,"Richardson, Donald L.",2020-10-23 00:00:00,0.0,Yes
77443-1,"Brooks, George V.",2020-10-25 00:00:00,0.0,Yes
77674-1,"Richardson, Donald L.",2020-10-29 00:00:00,0.0,Yes
77677-1,"Parker, Joyce A.",2020-10-29 00:00:00,0.0,No
77805-1,"Edwards, Heather S.",2020-11-01 00:00:00,0.0,Yes
77809-1,"Brooks, George V.",2020-11-01 00:00:00,0.0,Yes
77813-1,"Ramirez, Henry H.",2020-11-02 00:00:00,0.0,Yes
77814-1,"Ramirez, Henry H.",2020-11-02 00:00:00,0.0,Yes
77819-1,"Gutierrez, Laura H.",2020-11-02 00:00:00,0.0,Yes
77841-1,"Gonzalez, Amy R.",2020-11-02 00:00:00,0.0,No
77868-1,"Campbell, Raymond C.",2020-11-02 00:00:00,0.0,Yes
77918-1,"Campbell, Raymond C.",2020-11-04 00:00:00,0.0,Yes
78005-1,"Howard, Betty Y.",2020-11-05 00:00:00,0.0,Yes
78071-1,"White, Deborah E.",2020-11-08 00:00:00,0.0,Yes
78080-1,"Campbell, Raymond C.",2020-11-08 00:00:00,0.0,Yes
78083-1,"Ward, Douglas E.",2020-11-08 00:00:00,0.0,Yes
78162-1,"Brooks, George V.",2020-11-10 00:00:00,0.0,Yes
78783-1,"Perez, Adam T.",2020-11-30 00:00:00,0.0,No
78856-1,"Kim, Christine E.",2020-12-01 00:00:00,0.0,No
78894-1,"Rivera, John K.",2020-12-02 00:00:00,0.0,No
78908-1,"Ortiz, Jack A.",2020-12-02 00:00:00,0.0,No
79003-1,"Turner, Richard N.",2020-12-04 00:00:00,0.0,Yes
79011-1,"Richardson, Donald L.",2020-12-04 00:00:00,0.0,No
79029-1,"Davis, Scott P.",2020-12-04 00:00:00,0.0,Yes
79363-1,"Brooks, George V.",2020-12-13 00:00:00,0.0,Yes
79387-1,"Turner, Richard N.",2020-12-14 00:00:00,0.0,Yes
79424-1,"Kim, Christine E.",2020-12-15 00:00:00,0.0,No
79446-1,"Edwards, Maria Q.",2020-12-15 00:00:00,0.0,Yes
79447-1,"Edwards, Maria Q.",2020-12-15 00:00:00,0.0,Yes
79525-1,"Campbell, Raymond C.",2020-12-17 00:00:00,0.0,Yes
79538-1,"Campbell, Raymond C.",2020-12-17 00:00:00,0.0,Yes
79559-1,"Brooks, George V.",2020-12-18 00:00:00,0.0,Yes
79578-1,"Jackson, Jessica Q.",2020-12-18 00:00:00,0.0,No
79646-1,"Williams, Daniel V.",2020-12-21 00:00:00,0.0,Yes
79665-1,"Wood, Lauren P.",2020-12-21 00:00:00,0.0,Yes
79700-1,"Ortiz, Jack A.",2020-12-22 00:00:00,0.0,No
79735-1,"Howard, Betty Y.",2020-12-24 00:00:00,0.0,Yes
80166-1,"Taylor, Steven L.",2021-01-08 00:00:00,0.0,Yes
80175-1,"Jackson, Jessica Q.",2021-01-08 00:00:00,0.0,Yes
80189-1,"Jackson, Jessica Q.",2021-01-09 00:00:00,0.0,Yes
80709-1,"Campbell, Raymond C.",2021-01-25 00:00:00,0.0,Yes
80723-1,"Gonzalez, Amy R.",2021-01-25 00:00:00,0.0,Yes
80838-1,"Sanchez, Kyle U.",2021-01-28 00:00:00,0.0,Yes
80885-1,"Brooks, George V.",2021-01-29 00:00:00,0.0,Yes
80889-1,"Turner, Carolyn L.",2021-01-29 00:00:00,0.0,No
80923-1,"Ward, Douglas E.",2021-01-31 00:00:00,0.0,Yes
80924-1,"Ward, Douglas E.",2021-01-31 00:00:00,0.0,Yes
80934-1,"Brooks, George V.",2021-01-31 00:00:00,0.0,Yes
81048-1,"Brooks, George V.",2021-02-03 00:00:00,0.0,Yes
81128-1,"Cooper, Jason D.",2021-02-05 00:00:00,0.0,No
41223-1,"Martinez, Gregory A.",2018-12-28 00:00:00,0.0,Yes
41447-1,"Martinez, Gregory A.",2019-01-04 00:00:00,0.0,Yes
41478-1,"Martinez, Gregory A.",2019-01-05 00:00:00,0.0,Yes
41873-1,"Scott, Nicole Y.",2019-01-17 00:00:00,0.0,Yes
42529-1,"Moore, Charles U.",2019-02-03 00:00:00,0.0,No
18788-1,Business Tenant 5,2016-11-21 00:00:00,0.0,No
18790-1,"Morales, Carolyn W.",2016-11-21 00:00:00,0.0,No
82158-1,"Kim, Christine E.",2021-03-02 00:00:00,0.0,No
82452-1,"Morgan, Joseph G.",2021-03-10 00:00:00,0.0,Yes
83020-1,"Rogers, Aaron N.",2021-03-25 00:00:00,0.0,No
83187-1,"Mendoza, Margaret T.",2021-03-29 00:00:00,0.0,Yes
83255-1,"Campbell, Raymond C.",2021-03-31 00:00:00,0.0,Yes
83369-1,"Richardson, Donald L.",2021-04-05 00:00:00,0.0,No
83397-1,"Williams, Daniel V.",2021-04-06 00:00:00,0.0,Yes
83441-1,"Garcia, Julie U.",2021-04-07 00:00:00,0.0,Yes
83568-1,"Roberts, Sandra Q.",2021-04-09 00:00:00,0.0,Yes
83614-1,"Kim, Robert E.",2021-04-11 00:00:00,0.0,Yes
83719-1,"Phillips, Andrew R.",2021-04-14 00:00:00,0.0,No
83821-1,"Davis, Scott P.",2021-04-18 00:00:00,0.0,Yes
83879-1,"Martin, Megan Y.",2021-04-19 00:00:00,0.0,Yes
83938-1,"Wright, Tyler N.",2021-04-21 00:00:00,0.0,No
84208-1,"Ramirez, Henry H.",2021-04-28 00:00:00,0.0,Yes
84292-1,"Kim, Nancy A.",2021-04-30 00:00:00,0.0,Yes
84447-1,"Gonzalez, Amy R.",2021-05-04 00:00:00,0.0,Yes
84462-1,"Campbell, Raymond C.",2021-05-04 00:00:00,0.0,Yes
84496-1,"Hernandez, Victoria J.",2021-05-05 00:00:00,0.0,Yes
84692-1,"Gonzalez, Amy R.",2021-05-12 00:00:00,0.0,Yes
84755-1,"Wood, Lauren P.",2021-05-14 00:00:00,0.0,Yes
84799-1,"Davis, Scott P.",2021-05-16 00:00:00,0.0,Yes
84803-1,"Mendoza, Margaret T.",2021-05-17 00:00:00,0.0,No
85074-1,"Morales, Kelly W.",2021-05-24 00:00:00,0.0,No
85123-1,"James, Brandon Q.",2021-05-25 00:00:00,0.0,Yes
85159-1,"Reed, Maria A.",2021-05-25 00:00:00,0.0,Yes
85180-1,"Peterson, Ronald C.",2021-05-25 00:00:00,0.0,Yes
85396-1,"Flores, Kenneth L.",2021-05-31 00:00:00,0.0,Yes
85441-1,"Reyes, Sarah B.",2021-06-01 00:00:00,0.0,Yes
85589-1,"Hill, Jason H.",2021-06-04 00:00:00,0.0,Yes
85621-1,"Hill, Jason H.",2021-06-05 00:00:00,0.0,Yes
85774-1,"Morales, Kelly W.",2021-06-08 00:00:00,0.0,Yes
85777-1,"Morales, Kelly W.",2021-06-08 00:00:00,0.0,Yes
85820-1,"Lee, Zachary S.",2021-06-09 00:00:00,0.0,Yes
85827-1,"Lee, Zachary S.",2021-06-09 00:00:00,0.0,Yes
85884-1,"Chavez, Dorothy L.",2021-06-10 00:00:00,0.0,Yes
86009-1,"Wood, Ryan M.",2021-06-14 00:00:00,0.0,No
86231-2,"Flores, Christine N.",2021-06-18 00:00:00,0.0,No
86239-1,"Torres, Laura D.",2021-06-18 00:00:00,0.0,Yes
86246-1,"Rivera, John K.",2021-06-18 00:00:00,0.0,No
86282-1,"Chavez, Dorothy L.",2021-06-20 00:00:00,0.0,Yes
86302-1,"Lee, Zachary S.",2021-06-21 00:00:00,0.0,Yes
86314-1,"Howard, Betty Y.",2021-06-21 00:00:00,0.0,Yes
86315-1,"Howard, Betty Y.",2021-06-21 00:00:00,0.0,Yes
86326-1,"Reyes, Sarah B.",2021-06-21 00:00:00,0.0,Yes
86341-1,"Robinson, Brenda W.",2021-06-22 00:00:00,0.0,No
86389-1,"Campbell, Raymond C.",2021-06-22 00:00:00,0.0,Yes
86478-1,"Mitchell, Kevin H.",2021-06-25 00:00:00,0.0,Yes
86557-1,"Ward, Douglas E.",2021-06-27 00:00:00,0.0,Yes
86560-1,"Campbell, Raymond C.",2021-06-28 00:00:00,0.0,Yes
86571-1,"Adams, Joshua F.",2021-06-28 00:00:00,0.0,Yes
86627-1,"Ramirez, Rebecca K.",2021-06-28 00:00:00,0.0,Yes
86642-1,"Ward, Douglas E.",2021-06-28 00:00:00,0.0,Yes
86845-1,"Watson, Edward J.",2021-07-02 00:00:00,0.0,Yes
86941-1,"Garcia, Julie U.",2021-07-06 00:00:00,0.0,Yes
86950-1,"Thompson, Benjamin K.",2021-07-06 00:00:00,0.0,Yes
86951-1,"Thompson, Benjamin K.",2021-07-06 00:00:00,0.0,Yes
87022-1,"Bailey, Mary N.",2021-07-07 00:00:00,0.0,Yes
87066-1,"Roberts, Sandra Q.",2021-07-08 00:00:00,0.0,Yes
87114-1,"Allen, Joan B.",2021-07-09 00:00:00,0.0,Yes
87115-1,"Allen, Joan B.",2021-07-09 00:00:00,0.0,Yes
87175-1,"Edwards, Heather S.",2021-07-10 00:00:00,0.0,Yes
87204-1,"Jones, Justin V.",2021-07-12 00:00:00,0.0,No
87228-1,"Flores, Kenneth L.",2021-07-12 00:00:00,0.0,Yes
87361-1,"Ortiz, Jack A.",2021-07-16 00:00:00,0.0,No
87485-1,"Stewart, Jacob M.",2021-07-19 00:00:00,0.0,Yes
87495-1,"Jackson, Jessica Q.",2021-07-19 00:00:00,0.0,Yes
87499-1,"Morgan, Joseph G.",2021-07-20 00:00:00,0.0,Yes
87546-1,"Robinson, Brenda W.",2021-07-21 00:00:00,0.0,Yes
87609-1,"Hall, Kimberly Y.",2021-07-22 00:00:00,0.0,Yes
87838-1,"Jackson, Jessica Q.",2021-07-28 00:00:00,0.0,Yes
87839-1,"Jackson, Jessica Q.",2021-07-28 00:00:00,0.0,Yes
88176-1,"Nguyen, Sharon A.",2021-08-06 00:00:00,0.0,Yes
88234-1,"Morris, Judith B.",2021-08-09 00:00:00,0.0,No
88247-1,"Hill, Jason H.",2021-08-09 00:00:00,0.0,Yes
88265-1,"Jackson, Jessica Q.",2021-08-09 00:00:00,0.0,Yes
88291-1,"Diaz, Michael P.",2021-08-10 00:00:00,0.0,Yes
88408-1,"Wilson, Donna P.",2021-08-12 00:00:00,0.0,Yes
88496-1,"Hernandez, William L.",2021-08-16 00:00:00,0.0,Yes
88497-1,"Hernandez, William L.",2021-08-16 00:00:00,0.0,Yes
88573-1,"Gomez, Lisa Q.",2021-08-17 00:00:00,0.0,No
88591-1,"Johnson, Brandon G.",2021-08-18 00:00:00,0.0,Yes
88632-1,"Kim, Robert E.",2021-08-19 00:00:00,0.0,Yes
88757-1,"Johnson, Brandon G.",2021-08-23 00:00:00,0.0,Yes
88761-1,"Reed, Samuel C.",2021-08-23 00:00:00,0.0,No
88835-1,"Phillips, Andrew R.",2021-08-24 00:00:00,0.0,No
88860-1,"Johnson, Brandon G.",2021-08-24 00:00:00,0.0,Yes
88902-1,"Reyes, Sarah B.",2021-08-25 00:00:00,0.0,Yes
88939-1,"Nelson, Jose V.",2021-08-26 00:00:00,0.0,Yes
88942-1,"Nelson, Jose V.",2021-08-26 00:00:00,0.0,Yes
88945-1,"Lee, Zachary S.",2021-08-26 00:00:00,0.0,Yes
89012-1,"Hernandez, William L.",2021-08-28 00:00:00,0.0,Yes
89030-1,"Chavez, Dorothy L.",2021-08-29 00:00:00,0.0,Yes
89148-1,"Ortiz, Jack A.",2021-08-31 00:00:00,0.0,No
89191-1,"Hughes, Karen H.",2021-08-31 00:00:00,0.0,Yes
89192-1,"Hughes, Karen H.",2021-08-31 00:00:00,0.0,Yes
89193-1,"Hughes, Karen H.",2021-08-31 00:00:00,0.0,Yes
89194-1,"Hughes, Karen H.",2021-08-31 00:00:00,0.0,Yes
89326-1,"Evans, Jonathan F.",2021-09-03 00:00:00,0.0,Yes
89335-1,"Gutierrez, Anna M.",2021-09-03 00:00:00,0.0,Yes
89424-1,"Stewart, Jacob M.",2021-09-07 00:00:00,0.0,Yes
89640-1,"Reed, Maria A.",2021-09-13 00:00:00,0.0,Yes
89647-1,"Jackson, Jessica Q.",2021-09-13 00:00:00,0.0,Yes
89648-1,"Jackson, Jessica Q.",2021-09-13 00:00:00,0.0,Yes
89685-1,"Wood, Ryan M.",2021-09-14 00:00:00,0.0,Yes
89765-1,"Perez, Adam T.",2021-09-16 00:00:00,0.0,Yes
89829-1,"Morales, Kelly W.",2021-09-19 00:00:00,0.0,Yes
89927-1,"Gutierrez, Anna M.",2021-09-22 00:00:00,0.0,Yes
89957-1,"Hernandez, Victoria J.",2021-09-22 00:00:00,0.0,Yes
89981-1,"Hill, Jason H.",2021-09-23 00:00:00,0.0,No
90145-1,"Brown, Linda J.",2021-09-28 00:00:00,0.0,Yes
90146-1,"Brown, Linda J.",2021-09-28 00:00:00,0.0,Yes
90328-1,"Roberts, Sandra Q.",2021-10-02 00:00:00,0.0,Yes
90330-1,"Cox, Larry U.",2021-10-02 00:00:00,0.0,Yes
90452-1,"Morales, Kelly W.",2021-10-05 00:00:00,0.0,Yes
90491-1,"King, Ryan H.",2021-10-06 00:00:00,0.0,No
90505-1,"Reyes, Sarah B.",2021-10-06 00:00:00,0.0,Yes
90518-1,"Anderson, Stephanie D.",2021-10-06 00:00:00,0.0,Yes
90614-1,"Martin, Megan Y.",2021-10-10 00:00:00,0.0,Yes
90620-1,"Reyes, Sarah B.",2021-10-11 00:00:00,0.0,Yes
90741-1,"Gonzalez, Amy R.",2021-10-13 00:00:00,0.0,Yes
90829-1,"Howard, Betty Y.",2021-10-17 00:00:00,0.0,Yes
90880-1,"Johnson, Brandon G.",2021-10-18 00:00:00,0.0,No
90899-1,"Evans, Jonathan F.",2021-10-19 00:00:00,0.0,Yes
90930-1,"Flores, Kenneth L.",2021-10-20 00:00:00,0.0,Yes
91333-1,"Evans, Jonathan F.",2021-11-02 00:00:00,0.0,No
91386-1,"Cabral Nunez, Stephen E.",2021-11-04 00:00:00,0.0,Yes
91412-1,"Howard, Betty Y.",2021-11-05 00:00:00,0.0,Yes
91469-1,"Edwards, Heather S.",2021-11-07 00:00:00,0.0,Yes
91537-1,"Cabral Nunez, Stephen E.",2021-11-08 00:00:00,0.0,No
91576-1,"Morris, Jeffrey D.",2021-11-09 00:00:00,0.0,No
91607-1,"Thomas, Nicholas C.",2021-11-10 00:00:00,0.0,Yes
91682-1,"Martinez, Paul C.",2021-11-12 00:00:00,0.0,Yes
91821-1,"Ortiz, Jack A.",2021-11-17 00:00:00,0.0,No
91829-1,"Sanchez, Dennis W.",2021-11-17 00:00:00,0.0,No
91836-1,"Kelly, Gary S.",2021-11-18 00:00:00,0.0,Yes
91855-1,"Chavez, Dorothy L.",2021-11-18 00:00:00,0.0,Yes
92078-1,"Bailey, Mary N.",2021-11-29 00:00:00,0.0,No
92082-1,"Garcia, Julie U.",2021-11-29 00:00:00,0.0,Yes
92248-1,"Kelly, Gary A.",2021-12-06 00:00:00,0.0,Yes
92269-1,"Wilson, Donna P.",2021-12-07 00:00:00,0.0,No
92270-1,"Ramirez, Rebecca D.",2021-12-07 00:00:00,0.0,No
92312-1,"Chavez, Dorothy L.",2021-12-08 00:00:00,0.0,Yes
92466-1,"Wilson, Donna P.",2021-12-16 00:00:00,0.0,No
92505-1,"Kelly, Gary A.",2021-12-19 00:00:00,0.0,Yes
92520-1,"Ramirez, Rebecca D.",2021-12-20 00:00:00,0.0,No
92526-1,"Cox, Larry U.",2021-12-20 00:00:00,0.0,No
92693-1,"Salinas Cortes, Katherine R.",2021-12-29 00:00:00,0.0,Yes
92708-1,"Ramirez, Rebecca D.",2021-12-30 00:00:00,0.0,Yes
92735-1,"Reyes, Sarah B.",2022-01-01 00:00:00,0.0,Yes
92744-1,"Martinez, Paul C.",2022-01-02 00:00:00,0.0,Yes
92827-1,"Campbell, Susan E.",2022-01-06 00:00:00,0.0,No
92860-1,"Kim, Christine E.",2022-01-07 00:00:00,0.0,No
92880-1,"Anderson, Stephanie D.",2022-01-07 00:00:00,0.0,Yes
92885-1,"Anderson, Stephanie D.",2022-01-08 00:00:00,0.0,Yes
92900-1,"Harris, Melissa F.",2022-01-08 00:00:00,0.0,Yes
92922-1,"Watson, Edward C.",2022-01-09 00:00:00,0.0,Yes
92928-1,"Thompson, Benjamin K.",2022-01-09 00:00:00,0.0,Yes
92949-1,"Wilson, Donna P.",2022-01-10 00:00:00,0.0,Yes
92990-1,"Adams, Joshua F.",2022-01-11 00:00:00,0.0,Yes
93005-1,"Cabral Nunez, Stephen E.",2022-01-11 00:00:00,0.0,Yes
93008-1,"Martinez, Paul C.",2022-01-12 00:00:00,0.0,Yes
93014-1,"Collins, Gregory J.",2022-01-12 00:00:00,0.0,No
93027-1,"Allen, Joan B.",2022-01-12 00:00:00,0.0,Yes
93030-1,"Brown, Linda J.",2022-01-12 00:00:00,0.0,Yes
93104-1,"Garcia, Julie U.",2022-01-16 00:00:00,0.0,Yes
93148-1,"Harris, Jerry H.",2022-01-18 00:00:00,0.0,Yes
93161-1,"Harris, Jerry H.",2022-01-18 00:00:00,0.0,Yes
93163-1,"Harris, Jerry H.",2022-01-18 00:00:00,0.0,Yes
93181-1,"Rogers, Aaron N.",2022-01-18 00:00:00,0.0,Yes
93256-1,"Richardson, Donald L.",2022-01-21 00:00:00,0.0,Yes
93266-1,"Morris, Jeffrey D.",2022-01-21 00:00:00,0.0,Yes
93317-1,"Morris, Jeffrey D.",2022-01-24 00:00:00,0.0,Yes
93336-1,"Nelson, Diane V.",2022-01-24 00:00:00,0.0,No
93418-1,"Harris, Jerry H.",2022-01-27 00:00:00,0.0,Yes
93527-1,"Evans, Jonathan Y.",2022-01-30 00:00:00,0.0,Yes
93541-1,"Ramos, Mark J.",2022-01-30 00:00:00,0.0,Yes
93542-1,"Hughes, Karen H.",2022-01-30 00:00:00,0.0,Yes
93556-1,"Wright, Jennifer Q.",2022-01-31 00:00:00,0.0,Yes
93574-1,"Mitchell, Barbara K.",2022-01-31 00:00:00,0.0,No
93575-1,"Ortiz, Jack A.",2022-01-31 00:00:00,0.0,No
93582-1,"King, Ryan H.",2022-01-31 00:00:00,0.0,No
93595-1,"Hughes, Karen H.",2022-01-31 00:00:00,0.0,Yes
93625-1,"Roberts, Sandra Q.",2022-02-01 00:00:00,0.0,Yes
93633-1,"Moore, Samantha U.",2022-02-01 00:00:00,0.0,Yes
93683-1,"Miller, Eric F.",2022-02-03 00:00:00,0.0,Yes
93723-1,"Moore, Samantha U.",2022-02-05 00:00:00,0.0,Yes
93724-1,"Moore, Samantha U.",2022-02-05 00:00:00,0.0,Yes
93766-1,"Murphy, Walter Y.",2022-02-06 00:00:00,0.0,Yes
93816-1,"Wright, Jennifer Q.",2022-02-08 00:00:00,0.0,Yes
93843-1,"Wood, Alexander R.",2022-02-09 00:00:00,0.0,Yes
93907-1,"Cruz, Charles E.",2022-02-11 00:00:00,0.0,No
93980-1,"Williams, Daniel V.",2022-02-15 00:00:00,0.0,Yes
93996-1,"Adams, Joshua F.",2022-02-16 00:00:00,0.0,Yes
94036-1,"Kim, Christine E.",2022-02-17 00:00:00,0.0,No
94051-1,"Nelson, Jose V.",2022-02-18 00:00:00,0.0,Yes
94137-1,"Sanchez, Dennis W.",2022-02-22 00:00:00,0.0,No
94138-1,"Martinez, Paul U.",2022-02-22 00:00:00,0.0,No
94178-1,"Wright, Jennifer J.",2022-02-23 00:00:00,0.0,Yes
94184-1,"Moore, Samantha U.",2022-02-23 00:00:00,0.0,Yes
94335-1,"Roberts, Peter S.",2022-03-01 00:00:00,0.0,Yes
94342-1,"Hughes, Karen H.",2022-03-01 00:00:00,0.0,No
94365-1,"Rogers, Evelyn Q.",2022-03-02 00:00:00,0.0,No
94378-1,"Taylor, Raymond N.",2022-03-02 00:00:00,0.0,No
94430-1,"Johnson, Brandon G.",2022-03-04 00:00:00,0.0,Yes
94450-1,"Stewart, Christina P.",2022-03-06 00:00:00,0.0,Yes
94474-1,"Rodriguez, Kenneth W.",2022-03-07 00:00:00,0.0,No
94495-1,"Garcia, Julie U.",2022-03-07 00:00:00,0.0,Yes
94523-1,"Rodriguez, Kenneth W.",2022-03-09 00:00:00,0.0,No
94540-1,"Garcia, Julie U.",2022-03-09 00:00:00,0.0,Yes
94581-1,"Campbell, Susan W.",2022-03-10 00:00:00,0.0,Yes
94773-1,"Morris, Jeffrey D.",2022-03-18 00:00:00,0.0,Yes
94774-1,"Johnson, Brandon G.",2022-03-18 00:00:00,0.0,Yes
94798-1,"Richardson, Donald L.",2022-03-19 00:00:00,0.0,Yes
94834-1,"Adams, Joshua F.",2022-03-21 00:00:00,0.0,No
95049-1,"Garcia, Julie U.",2022-03-29 00:00:00,0.0,Yes
95053-1,"Campbell, Susan W.",2022-03-29 00:00:00,0.0,Yes
95062-1,"Evans, Jonathan F.",2022-03-30 00:00:00,0.0,Yes
95078-1,"Cruz, Charles E.",2022-03-30 00:00:00,0.0,No
95088-1,"Wilson, Emily R.",2022-03-30 00:00:00,0.0,Yes
95149-1,"Wright, Tyler N.",2022-04-02 00:00:00,0.0,Yes
95150-1,"Cook, Victoria U.",2022-04-02 00:00:00,0.0,Yes
95154-1,"Miller, Eric F.",2022-04-03 00:00:00,0.0,Yes
95159-1,"Allen, Joan T.",2022-04-04 00:00:00,0.0,Yes
95228-1,"Morales, Kelly W.",2022-04-05 00:00:00,0.0,Yes
95261-1,"Richardson, Donald L.",2022-04-07 00:00:00,0.0,Yes
95293-1,"Adams, Joshua F.",2022-04-10 00:00:00,0.0,Yes
95402-1,"Gray, Thomas V.",2022-04-14 00:00:00,0.0,Yes
95404-1,"Evans, Jonathan F.",2022-04-14 00:00:00,0.0,Yes
95420-1,"Johnson, Brandon G.",2022-04-15 00:00:00,0.0,Yes
95439-1,"Adams, Joshua F.",2022-04-16 00:00:00,0.0,Yes
95450-1,"Wright, Tyler N.",2022-04-17 00:00:00,0.0,Yes
95489-1,"Adams, Joshua Y.",2022-04-18 00:00:00,0.0,Yes
95504-1,"Salinas Cortes, Katherine R.",2022-04-19 00:00:00,0.0,No
95527-1,"Lopez, Henry T.",2022-04-20 00:00:00,0.0,Yes
95545-1,"Wilson, Emily R.",2022-04-22 00:00:00,0.0,Yes
95552-1,"Johnson, Brandon G.",2022-04-22 00:00:00,0.0,No
95573-1,"Johnson, Brandon G.",2022-04-24 00:00:00,0.0,Yes
95613-1,"Roberts, Peter S.",2022-04-25 00:00:00,0.0,Yes
95678-1,"Lopez, Henry T.",2022-04-26 00:00:00,0.0,Yes
95703-1,"Brown, Linda J.",2022-04-27 00:00:00,0.0,No
95704-1,Business Tenant 1,2022-04-27 00:00:00,0.0,No
95730-1,"Campbell, Susan W.",2022-04-28 00:00:00,0.0,Yes
95762-1,"Johnson, Brandon G.",2022-04-29 00:00:00,314.4,Yes
95803-1,"Phillips, Andrew R.",2022-05-02 00:00:00,0.0,No
95813-1,"Rogers, Aaron N.",2022-05-02 00:00:00,0.0,Yes
95964-1,"Hernandez, Victoria J.",2022-05-08 00:00:00,0.0,Yes
95980-1,"Adams, Joshua F.",2022-05-09 00:00:00,0.0,Yes
96053-1,"Lopez, Henry T.",2022-05-11 00:00:00,0.0,Yes
96075-1,"Wright, Tyler N.",2022-05-11 00:00:00,0.0,Yes
96086-1,"Flores, Kenneth L.",2022-05-12 00:00:00,0.0,Yes
96094-1,"King, Ryan H.",2022-05-12 00:00:00,0.0,No
96109-1,"Campbell, Susan W.",2022-05-13 00:00:00,0.0,No
96223-1,"Johnson, Brandon G.",2022-05-18 00:00:00,0.0,Yes
96269-1,"Adams, Joshua F.",2022-05-20 00:00:00,0.0,No
96272-1,"Phillips, Andrew R.",2022-05-20 00:00:00,0.0,Yes
96276-1,"Mitchell, Kevin B.",2022-05-20 00:00:00,0.0,Yes
96312-1,"Campbell, Susan W.",2022-05-22 00:00:00,0.0,Yes
96322-1,"Stewart, Christina P.",2022-05-22 00:00:00,0.0,Yes
96330-1,"Cruz, Charles E.",2022-05-23 00:00:00,0.0,No
96335-1,"Evans, Jonathan F.",2022-05-23 00:00:00,0.0,Yes
96379-1,"Flores, Christine N.",2022-05-24 00:00:00,0.0,Yes
96422-1,"Williams, Debra Y.",2022-05-25 00:00:00,0.0,Yes
96431-1,"Moore, Samantha U.",2022-05-26 00:00:00,0.0,Yes
96443-1,"Johnson, Brandon G.",2022-05-26 00:00:00,699.0,Yes
96450-1,"Mitchell, Kevin H.",2022-05-27 00:00:00,0.0,Yes
96521-1,"Mitchell, Kevin B.",2022-05-30 00:00:00,0.0,Yes
96522-1,"Mitchell, Kevin B.",2022-05-30 00:00:00,0.0,Yes
96523-1,"James, Brandon Q.",2022-05-30 00:00:00,0.0,Yes
96524-1,"James, Brandon Q.",2022-05-30 00:00:00,0.0,Yes
96553-1,"Bailey, Deborah Q.",2022-05-31 00:00:00,0.0,Yes
96556-1,"Anderson, Stephanie D.",2022-05-31 00:00:00,0.0,Yes
96592-1,"Ward, Carolyn G.",2022-06-01 00:00:00,0.0,No
96607-1,"Gomez, Lisa J.",2022-06-01 00:00:00,0.0,Yes
96610-1,"Baker, Carol V.",2022-06-01 00:00:00,0.0,Yes
96626-1,"Phillips, Andrew K.",2022-06-02 00:00:00,0.0,Yes
96664-1,"Hernandez, Victoria L.",2022-06-03 00:00:00,0.0,No
96732-1,"Roberts, Peter S.",2022-06-07 00:00:00,0.0,No
96765-1,"Lopez, Henry T.",2022-06-08 00:00:00,0.0,No
96771-1,"Reed, Samuel C.",2022-06-08 00:00:00,0.0,Yes
96790-1,"Nguyen, Sharon A.",2022-06-09 00:00:00,0.0,Yes
96792-1,"Allen, Joan T.",2022-06-09 00:00:00,0.0,Yes
96798-1,"Hall, Shirley D.",2022-06-09 00:00:00,0.0,No
96825-1,"Campbell, Susan W.",2022-06-10 00:00:00,0.0,Yes
96831-1,"Cooper, Diane F.",2022-06-10 00:00:00,0.0,No
96839-1,"White, Kyle G.",2022-06-10 00:00:00,0.0,Yes
96856-1,"Johnson, Brandon G.",2022-06-12 00:00:00,0.0,Yes
96862-1,"Williams, Daniel V.",2022-06-12 00:00:00,0.0,Yes
96882-1,"Cox, Larry U.",2022-06-13 00:00:00,0.0,Yes
96891-1,"White, Kyle G.",2022-06-13 00:00:00,0.0,Yes
96926-1,"Hall, Shirley D.",2022-06-14 00:00:00,0.0,No
96929-1,"Lopez, Henry T.",2022-06-14 00:00:00,0.0,Yes
96979-1,"Turner, Douglas Q.",2022-06-16 00:00:00,0.0,No
97004-1,"Lopez, Katherine K.",2022-06-17 00:00:00,0.0,No
97043-1,"Flores, Christine N.",2022-06-20 00:00:00,0.0,Yes
97092-1,"Espinoza Camacho, Judith F.",2022-06-22 00:00:00,0.0,No
97138-1,"Wilson, Emily R.",2022-06-23 00:00:00,0.0,Yes
133398-1,"Mitchell, Sarah M.",2025-03-19 00:00:00,0.0,Yes
134106-1,"Johnson, Rachel J.",2025-04-04 00:00:00,0.0,Yes
134166-1,"Ramirez, Joan M.",2025-04-06 00:00:00,0.0,Yes
134193-1,"Wilson, Donna P.",2025-04-07 00:00:00,0.0,Yes
134197-1,"Gutierrez, Anna M.",2025-04-07 00:00:00,0.0,Yes
37968-1,"Evans, Christina D.",2018-09-19 00:00:00,0.0,Yes
39127-1,"Martinez, Gregory A.",2018-10-25 00:00:00,0.0,Yes
39187-1,Business Tenant 9,2018-10-26 00:00:00,0.0,Yes
39201-1,Business Tenant 9,2018-10-27 00:00:00,0.0,No
39208-1,"Martinez, Brian A.",2018-10-28 00:00:00,0.0,Yes
39217-1,"Mitchell, Kevin H.",2018-10-28 00:00:00,0.0,Yes
39221-1,"Wright, Tyler N.",2018-10-28 00:00:00,0.0,Yes
39222-1,"Wright, Tyler N.",2018-10-28 00:00:00,0.0,Yes
39267-1,"Ramos, Heather J.",2018-10-30 00:00:00,0.0,Yes
39378-1,"Brown, Lisa G.",2018-11-01 00:00:00,0.0,No
39457-1,"Kelly, Rachel W.",2018-11-04 00:00:00,0.0,Yes
39458-1,"Kelly, Rachel W.",2018-11-04 00:00:00,0.0,Yes
39477-1,Business Tenant 11,2018-11-05 00:00:00,0.0,Yes
39497-1,Business Tenant 10,2018-11-05 00:00:00,0.0,Yes
39545-1,"Ramos, Heather J.",2018-11-06 00:00:00,0.0,Yes
39549-1,"Ramos, Heather J.",2018-11-06 00:00:00,0.0,Yes
39629-1,"Reed, Maria A.",2018-11-08 00:00:00,0.0,Yes
39708-1,"Kelly, Rachel W.",2018-11-12 00:00:00,0.0,No
39764-1,"Wilson, Donna P.",2018-11-13 00:00:00,0.0,No
39864-1,"Cooper, Anthony D.",2018-11-15 00:00:00,0.0,Yes
39992-1,"Reed, Maria A.",2018-11-20 00:00:00,0.0,Yes
39058-1,Business Tenant 10,2018-10-22 00:00:00,0.0,Yes
39079-1,Business Tenant 11,2018-10-23 00:00:00,0.0,No
39080-1,Business Tenant 11,2018-10-23 00:00:00,0.0,No
39098-1,"Rogers, Brenda N.",2018-10-24 00:00:00,0.0,Yes
39291-1,"Taylor, Steven L.",2018-10-30 00:00:00,0.0,Yes
39303-1,"Brown, Lisa G.",2018-10-30 00:00:00,0.0,No
39330-1,"Mitchell, Kevin H.",2018-10-31 00:00:00,0.0,No
39553-1,Business Tenant 5,2018-11-07 00:00:00,0.0,Yes
39600-1,"Brown, Helen G.",2018-11-08 00:00:00,0.0,Yes
39611-1,Business Tenant 10,2018-11-08 00:00:00,0.0,No
39612-1,"Clark, Evelyn G.",2018-11-08 00:00:00,0.0,No
39617-1,"Roberts, Sandra Q.",2018-11-08 00:00:00,0.0,No
39730-1,"Rogers, Brenda N.",2018-11-13 00:00:00,0.0,Yes
39893-1,"Martinez, Brian A.",2018-11-15 00:00:00,0.0,No
104844-1,"Thompson, Benjamin K.",2023-03-25 00:00:00,0.0,Yes
105052-1,"Cooper, Diane F.",2023-04-02 00:00:00,0.0,Yes
105299-1,"Lee, Gregory U.",2023-04-10 00:00:00,0.0,Yes
105303-1,"Morgan, Jessica W.",2023-04-10 00:00:00,0.0,Yes
105304-1,"Roberts, Sandra S.",2023-04-10 00:00:00,0.0,Yes
105333-1,"Anderson, Margaret F.",2023-04-11 00:00:00,0.0,No
105360-1,"Jones, Jacob Y.",2023-04-12 00:00:00,0.0,Yes
121259-1,"Garcia, Donald W.",2024-07-02 00:00:00,0.0,No
95214-1,"Wilson, Donna P.",2022-04-05 00:00:00,0.0,No
96430-1,"Moore, Samantha U.",2022-05-26 00:00:00,0.0,Yes
96883-1,"Ortiz, Sandra C.",2022-06-13 00:00:00,0.0,Yes
97016-1,"Allen, Joan T.",2022-06-17 00:00:00,0.0,Yes
97017-1,"Allen, Joan T.",2022-06-17 00:00:00,0.0,Yes
97024-1,"Ward, Carolyn G.",2022-06-18 00:00:00,0.0,Yes
97173-1,"Thompson, Benjamin K.",2022-06-25 00:00:00,0.0,Yes
106967-1,"Mitchell, Kevin H.",2023-06-06 00:00:00,0.0,Yes
110048-1,"Lee, Gregory U.",2023-08-25 00:00:00,0.0,Yes
110067-1,"Thomas, Elizabeth E.",2023-08-25 00:00:00,0.0,Yes
110068-1,"Thompson, Adam B.",2023-08-25 00:00:00,0.0,Yes
123050-1,"Gutierrez, Anna M.",2024-08-10 00:00:00,0.0,Yes
123074-1,"Torres, Emma F.",2024-08-12 00:00:00,0.0,Yes
123359-1,"Mendoza, Matthew V.",2024-08-17 00:00:00,0.0,Yes
124441-1,"Gray, Anna H.",2024-09-09 00:00:00,0.0,Yes
131447-1,"Smith, Stephanie P.",2025-02-06 00:00:00,0.0,No
110558-1,Business Tenant 5,2023-09-07 00:00:00,0.0,No
110564-1,"Rivera, Kimberly B.",2023-09-07 00:00:00,0.0,No
110594-1,"Reed, Heather E.",2023-09-07 00:00:00,0.0,Yes
110696-1,"Ortiz, Jack A.",2023-09-11 00:00:00,0.0,Yes
110864-1,"Sanchez, Dennis W.",2023-09-15 00:00:00,0.0,No
110984-1,"Robinson, Evelyn L.",2023-09-19 00:00:00,0.0,Yes
111041-1,"Hernandez, William L.",2023-09-20 00:00:00,0.0,Yes
111045-1,"Anderson, Matthew R.",2023-09-20 00:00:00,0.0,No
111131-1,"Carter, David V.",2023-09-24 00:00:00,0.0,Yes
111139-1,"White, Kyle G.",2023-09-24 00:00:00,0.0,Yes
111231-1,"Bennett, Tyler U.",2023-09-26 00:00:00,0.0,Yes
111318-1,"Chavez, Christopher N.",2023-09-28 00:00:00,0.0,Yes
111353-1,"Davis, Daniel T.",2023-09-29 00:00:00,0.0,Yes
111700-1,"Williams, Scott B.",2023-10-10 00:00:00,0.0,Yes
111720-1,"Clark, Aaron L.",2023-10-10 00:00:00,0.0,No
111754-1,"Morales, Richard A.",2023-10-11 00:00:00,0.0,Yes
111771-1,"Roberts, Sandra Q.",2023-10-12 00:00:00,0.0,No
111794-1,"Mendoza, Matthew V.",2023-10-12 00:00:00,0.0,Yes
111810-1,"Smith, Ashley M.",2023-10-12 00:00:00,0.0,Yes
111844-1,"Stewart, Christina P.",2023-10-13 00:00:00,0.0,Yes
112108-1,"Thompson, Jeffrey Y.",2023-10-19 00:00:00,0.0,No
112231-1,"Phillips, Frank T.",2023-10-23 00:00:00,0.0,No
112236-1,"Ramirez, Joan M.",2023-10-23 00:00:00,0.0,No
112370-1,"Thompson, Judith M.",2023-10-26 00:00:00,0.0,No
112474-1,"Allen, Katherine D.",2023-10-30 00:00:00,0.0,Yes
112480-1,"Ramirez, Joan M.",2023-10-30 00:00:00,0.0,Yes
112566-1,"Robinson, Evelyn L.",2023-10-31 00:00:00,0.0,Yes
112569-1,"Thompson, Judith M.",2023-10-31 00:00:00,0.0,Yes
112634-1,"Mitchell, Kevin H.",2023-11-01 00:00:00,0.0,Yes
112647-1,"Morris, Adam F.",2023-11-01 00:00:00,0.0,Yes
112665-1,"Evans, Jonathan F.",2023-11-01 00:00:00,0.0,Yes
112701-1,"Hill, Diane B.",2023-11-02 00:00:00,0.0,Yes
112770-1,"Thompson, Judith M.",2023-11-04 00:00:00,0.0,Yes
112849-1,"Wright, Tyler G.",2023-11-06 00:00:00,0.0,Yes
112893-1,"Murphy, Melissa M.",2023-11-08 00:00:00,0.0,Yes
112896-1,"Murphy, Melissa M.",2023-11-08 00:00:00,0.0,Yes
112950-1,"Robinson, Evelyn L.",2023-11-09 00:00:00,0.0,Yes
108725-1,"Thompson, Benjamin K.",2023-07-26 00:00:00,0.0,Yes
110562-1,"Rivera, Kimberly B.",2023-09-07 00:00:00,0.0,No
111426-1,"Jones, Christina K.",2023-10-02 00:00:00,0.0,No
117760-1,"Ramirez, Joan M.",2024-04-04 00:00:00,0.0,No
45299-1,"Wilson, Donna P.",2019-04-23 00:00:00,0.0,Yes
45300-1,"Wilson, Donna P.",2019-04-23 00:00:00,0.0,Yes
50454-1,"Peterson, Ronald C.",2019-08-06 00:00:00,0.0,Yes
50674-1,"Cook, Elizabeth S.",2019-08-10 00:00:00,0.0,Yes
51675-1,"Morgan, Joseph G.",2019-08-30 00:00:00,0.0,No
105832-1,"Carter, Nicole K.",2023-04-30 00:00:00,0.0,Yes
105949-1,"Murphy, Walter Y.",2023-05-03 00:00:00,0.0,Yes
106000-1,"Cox, Steven W.",2023-05-05 00:00:00,0.0,Yes
107411-1,"Nguyen, Jessica C.",2023-06-23 00:00:00,0.0,Yes
107412-1,"Nguyen, Jessica C.",2023-06-23 00:00:00,0.0,Yes
107500-1,"Smith, Ashley M.",2023-06-27 00:00:00,0.0,Yes
18630-1,Business Tenant 3,2016-11-16 00:00:00,0.0,No
27632-1,"Rivera, Kimberly K.",2017-09-25 00:00:00,0.0,Yes
27662-1,"Sanchez, Kyle W.",2017-09-25 00:00:00,0.0,No
27668-1,"James, Gary Q.",2017-09-25 00:00:00,0.0,Yes
27669-1,"James, Gary Q.",2017-09-25 00:00:00,0.0,Yes
27673-1,"James, Gary Q.",2017-09-25 00:00:00,0.0,Yes
27697-1,"Williams, Daniel Y.",2017-09-26 00:00:00,0.0,No
27729-1,"Kelly, Rachel A.",2017-09-28 00:00:00,0.0,No
27730-1,"Scott, Nicole B.",2017-09-28 00:00:00,0.0,No
27787-1,"Moore, Charles U.",2017-09-30 00:00:00,0.0,No
27806-1,"Rivera, Kimberly K.",2017-10-01 00:00:00,0.0,Yes
27815-1,"Martinez, Brian C.",2017-10-01 00:00:00,0.0,No
27816-1,"Jones, Jonathan V.",2017-10-01 00:00:00,0.0,No
27838-1,"Baker, Eric V.",2017-10-02 00:00:00,0.0,No
27845-1,"Martinez, Brian C.",2017-10-02 00:00:00,0.0,No
27860-1,"Allen, Rebecca B.",2017-10-03 00:00:00,0.0,No
27877-1,Business Tenant 5,2017-10-03 00:00:00,0.0,No
27950-1,"Kim, Christine E.",2017-10-05 00:00:00,0.0,No
28065-1,"James, Gary Q.",2017-10-10 00:00:00,0.0,Yes
28165-1,"Scott, Nicole B.",2017-10-15 00:00:00,0.0,No
28169-1,"Morris, Judith D.",2017-10-15 00:00:00,0.0,Yes
28252-1,"Peterson, Ronald E.",2017-10-19 00:00:00,0.0,Yes
28267-1,"Miller, Pamela F.",2017-10-20 00:00:00,0.0,No
28269-1,"Morris, Judith D.",2017-10-20 00:00:00,0.0,No
28366-1,"Nelson, Diane V.",2017-10-24 00:00:00,0.0,No
28383-1,"James, Gary Q.",2017-10-25 00:00:00,0.0,Yes
28400-1,"Baker, Eric V.",2017-10-25 00:00:00,0.0,Yes
28495-1,"Chavez, Samantha L.",2017-10-30 00:00:00,0.0,Yes
28496-1,"Chavez, Samantha L.",2017-10-30 00:00:00,0.0,Yes
28524-1,"Cox, Susan U.",2017-10-30 00:00:00,0.0,Yes
28569-1,"Ward, Douglas G.",2017-10-31 00:00:00,0.0,No
28583-1,"Reed, Maria C.",2017-11-01 00:00:00,0.0,Yes
28603-1,"Harris, Melissa H.",2017-11-01 00:00:00,0.0,No
28604-1,Business Tenant 2,2017-11-01 00:00:00,0.0,Yes
28628-1,"James, Gary Q.",2017-11-02 00:00:00,0.0,Yes
28638-1,"Davis, Joshua K.",2017-11-02 00:00:00,0.0,Yes
28713-1,"Rivera, Kimberly K.",2017-11-05 00:00:00,0.0,Yes
28719-1,"Cox, Susan U.",2017-11-05 00:00:00,0.0,Yes
28728-1,"Cox, Susan U.",2017-11-06 00:00:00,0.0,Yes
28733-1,"Morris, Judith D.",2017-11-06 00:00:00,0.0,Yes
28782-1,"Miller, Pamela F.",2017-11-07 00:00:00,0.0,No
28819-1,Business Tenant 8,2017-11-08 00:00:00,0.0,No
28820-1,"Morgan, Joseph J.",2017-11-08 00:00:00,0.0,No
28830-1,Business Tenant 5,2017-11-09 00:00:00,0.0,No
28909-1,"Morris, Judith D.",2017-11-12 00:00:00,0.0,No
28917-1,"Baker, Eric V.",2017-11-13 00:00:00,0.0,No
28918-1,"Scott, Nicole B.",2017-11-13 00:00:00,0.0,No
28996-1,"Williams, Daniel Y.",2017-11-15 00:00:00,0.0,No
29021-1,"Bailey, Dennis N.",2017-11-17 00:00:00,0.0,Yes
29049-1,"Wilson, Donna P.",2017-11-19 00:00:00,0.0,No
29050-1,"Perez, Jeffrey T.",2017-11-19 00:00:00,0.0,No
29077-1,"Rivera, Kimberly K.",2017-11-20 00:00:00,0.0,Yes
29083-1,"Perez, Jeffrey T.",2017-11-20 00:00:00,0.0,No
29113-1,"Wilson, Donna P.",2017-11-22 00:00:00,0.0,Yes
29135-1,"Wilson, Donna P.",2017-11-24 00:00:00,0.0,Yes
29138-1,"Martinez, Brian C.",2017-11-24 00:00:00,0.0,Yes
29183-1,"Wilson, Donna P.",2017-11-27 00:00:00,0.0,No
29228-1,"Mitchell, Kevin K.",2017-11-29 00:00:00,0.0,No
29233-1,"Perez, Jeffrey T.",2017-11-29 00:00:00,0.0,Yes
29296-1,"Bailey, Dennis N.",2017-12-03 00:00:00,0.0,No
29323-1,"Martinez, Brian A.",2017-12-04 00:00:00,0.0,Yes
29324-1,"Jones, Jonathan V.",2017-12-04 00:00:00,0.0,No
29325-1,"Morris, Judith D.",2017-12-04 00:00:00,0.0,No
29374-1,"Ramos, Mark L.",2017-12-06 00:00:00,0.0,No
29386-1,"Wilson, Donna P.",2017-12-07 00:00:00,0.0,Yes
29435-1,"Reed, Maria C.",2017-12-09 00:00:00,0.0,Yes
29442-1,"Reed, Maria C.",2017-12-10 00:00:00,0.0,Yes
29446-1,"Smith, Matthew M.",2017-12-10 00:00:00,0.0,No
29477-1,"Cox, Susan U.",2017-12-11 00:00:00,0.0,No
29503-1,"Rivera, Kimberly K.",2017-12-12 00:00:00,0.0,No
29504-1,"Morgan, Joseph J.",2017-12-12 00:00:00,0.0,No
29525-1,"Harris, Melissa H.",2017-12-13 00:00:00,0.0,No
29526-1,"Taylor, Steven N.",2017-12-13 00:00:00,0.0,No
29528-1,"Clark, Evelyn G.",2017-12-13 00:00:00,0.0,No
29574-1,"Jones, Jonathan V.",2017-12-17 00:00:00,0.0,No
29620-1,"Moore, Charles U.",2017-12-19 00:00:00,0.0,Yes
29639-1,"Morales, Carolyn W.",2017-12-20 00:00:00,0.0,Yes
29674-1,"Martinez, Brian C.",2017-12-25 00:00:00,0.0,Yes
29687-1,"Taylor, Steven N.",2017-12-26 00:00:00,0.0,No
29688-1,"Scott, Nicole B.",2017-12-26 00:00:00,0.0,No
29705-1,"Stewart, Jacob P.",2017-12-27 00:00:00,0.0,Yes
29714-1,"Reed, Maria C.",2017-12-27 00:00:00,0.0,Yes
29729-1,"Davis, Joshua K.",2017-12-27 00:00:00,0.0,No
29734-1,"Jones, Jonathan V.",2017-12-27 00:00:00,0.0,Yes
29755-1,"Bailey, Dennis N.",2017-12-28 00:00:00,0.0,Yes
29784-1,"Taylor, Steven N.",2017-12-28 00:00:00,0.0,Yes
29848-1,"Rogers, Aaron Q.",2018-01-02 00:00:00,0.0,Yes
29849-1,"Rogers, Aaron Q.",2018-01-02 00:00:00,0.0,Yes
29878-1,Business Tenant 3,2018-01-02 00:00:00,0.0,No
29884-1,"Wilson, Donna R.",2018-01-02 00:00:00,0.0,Yes
29887-1,"Wilson, Donna P.",2018-01-03 00:00:00,0.0,Yes
30078-1,"Stewart, Jacob P.",2018-01-08 00:00:00,0.0,Yes
30107-1,"Taylor, Steven N.",2018-01-08 00:00:00,0.0,No
30108-1,"Jones, Jonathan V.",2018-01-08 00:00:00,0.0,No
30144-1,"Chavez, Samantha L.",2018-01-10 00:00:00,0.0,Yes
30151-1,"Gomez, Lisa S.",2018-01-10 00:00:00,0.0,No
30252-1,"Lopez, Katherine T.",2018-01-14 00:00:00,0.0,No
30282-1,"Hughes, Emily H.",2018-01-15 00:00:00,0.0,No
30307-1,"Martinez, Brian C.",2018-01-16 00:00:00,0.0,Yes
30349-1,Business Tenant 3,2018-01-17 00:00:00,0.0,No
30362-1,"Martinez, Brian A.",2018-01-18 00:00:00,0.0,Yes
30386-1,"Reed, Maria C.",2018-01-18 00:00:00,0.0,Yes
30409-1,"Ramirez, Henry H.",2018-01-18 00:00:00,0.0,Yes
30464-1,"Ramirez, Henry H.",2018-01-21 00:00:00,0.0,Yes
30470-1,"Ramirez, Henry H.",2018-01-21 00:00:00,0.0,Yes
30485-1,"Perez, Jeffrey T.",2018-01-22 00:00:00,0.0,No
30513-1,"Campbell, Raymond C.",2018-01-22 00:00:00,0.0,No
30535-1,"Taylor, Steven N.",2018-01-23 00:00:00,0.0,Yes
30536-1,"Taylor, Steven N.",2018-01-23 00:00:00,0.0,Yes
30537-1,"Taylor, Steven N.",2018-01-23 00:00:00,0.0,Yes
30538-1,"Taylor, Steven N.",2018-01-23 00:00:00,0.0,Yes
30567-1,"Ramirez, Henry H.",2018-01-24 00:00:00,0.0,Yes
30605-1,"Bailey, Dennis N.",2018-01-26 00:00:00,0.0,Yes
30628-1,"Gomez, Lisa S.",2018-01-28 00:00:00,0.0,No
30631-1,"Rivera, Kimberly K.",2018-01-29 00:00:00,0.0,Yes
30641-1,Business Tenant 3,2018-01-29 00:00:00,0.0,No
30643-1,"Cook, Elizabeth U.",2018-01-29 00:00:00,0.0,No
30671-1,"Cooper, Anthony D.",2018-01-30 00:00:00,0.0,Yes
30672-1,"Cooper, Anthony D.",2018-01-30 00:00:00,0.0,Yes
30673-1,"Cooper, Anthony D.",2018-01-30 00:00:00,0.0,Yes
30679-1,"Campbell, Raymond C.",2018-01-30 00:00:00,0.0,No
30714-1,"James, Gary Q.",2018-01-31 00:00:00,0.0,Yes
30728-1,Business Tenant 3,2018-02-01 00:00:00,0.0,No
30753-1,"Harris, Melissa H.",2018-02-01 00:00:00,0.0,Yes
30757-1,"Stewart, Jacob P.",2018-02-02 00:00:00,0.0,Yes
30759-1,"Wright, Tyler N.",2018-02-02 00:00:00,0.0,No
30760-1,"Gray, Emma V.",2018-02-02 00:00:00,0.0,Yes
30781-1,"Harris, Melissa H.",2018-02-03 00:00:00,0.0,No
30885-1,"Wood, Lauren P.",2018-02-07 00:00:00,0.0,No
30971-1,"Young, Michelle W.",2018-02-12 00:00:00,0.0,No
31001-1,"Cooper, Anthony D.",2018-02-12 00:00:00,0.0,Yes
31007-1,"Cooper, Anthony D.",2018-02-13 00:00:00,0.0,Yes
31008-1,"Rogers, Aaron Q.",2018-02-13 00:00:00,0.0,No
31030-1,"Ramirez, Henry H.",2018-02-13 00:00:00,0.0,Yes
31074-1,"Morales, Carolyn W.",2018-02-14 00:00:00,0.0,No
31126-1,"Robinson, Angela W.",2018-02-16 00:00:00,0.0,Yes
31160-1,"Cox, Susan U.",2018-02-16 00:00:00,0.0,Yes
31174-1,"Ramirez, Henry H.",2018-02-17 00:00:00,0.0,Yes
31199-1,"Wood, Lauren P.",2018-02-19 00:00:00,0.0,No
31269-1,"Ramirez, Henry H.",2018-02-20 00:00:00,0.0,No
31289-1,"Howard, Ryan Y.",2018-02-21 00:00:00,0.0,No
31292-1,Business Tenant 3,2018-02-21 00:00:00,0.0,No
31293-1,Business Tenant 3,2018-02-21 00:00:00,0.0,No
31344-1,"Chavez, Samantha L.",2018-02-23 00:00:00,0.0,No
31386-1,"Harris, Melissa H.",2018-02-25 00:00:00,0.0,Yes
31390-1,"Garcia, Stephen U.",2018-02-25 00:00:00,0.0,Yes
31401-1,"Davis, Debra P.",2018-02-26 00:00:00,0.0,Yes
31437-1,"Brown, Helen G.",2018-02-27 00:00:00,0.0,No
31460-1,Business Tenant 5,2018-02-27 00:00:00,0.0,No
31500-1,"Martinez, Brian C.",2018-02-28 00:00:00,0.0,No
31525-1,"Brown, Helen G.",2018-03-01 00:00:00,0.0,Yes
31547-1,"Campbell, Raymond C.",2018-03-01 00:00:00,0.0,No
31563-1,Business Tenant 3,2018-03-02 00:00:00,0.0,No
31612-1,"Taylor, Steven N.",2018-03-04 00:00:00,0.0,No
31613-1,"Taylor, Steven N.",2018-03-04 00:00:00,0.0,No
31686-1,"Howard, Ryan Y.",2018-03-07 00:00:00,0.0,Yes
31727-1,"Brooks, Kathleen V.",2018-03-09 00:00:00,0.0,Yes
31733-1,"Wood, Lauren P.",2018-03-09 00:00:00,0.0,No
31735-1,"Wood, Lauren P.",2018-03-09 00:00:00,0.0,No
31789-1,"Rivera, Kimberly K.",2018-03-12 00:00:00,0.0,Yes
31798-1,"Taylor, Steven N.",2018-03-13 00:00:00,0.0,No
31851-1,"Davis, Joshua K.",2018-03-14 00:00:00,0.0,Yes
31856-1,Business Tenant 5,2018-03-15 00:00:00,0.0,Yes
31860-1,"Ward, Douglas G.",2018-03-15 00:00:00,0.0,No
31865-1,"Taylor, Steven N.",2018-03-15 00:00:00,0.0,No
31909-1,"Rodriguez, Nancy W.",2018-03-18 00:00:00,0.0,Yes
31950-1,Business Tenant 3,2018-03-20 00:00:00,0.0,No
31974-1,"Howard, Ryan Y.",2018-03-20 00:00:00,0.0,Yes
31999-1,"Scott, Nicole B.",2018-03-22 00:00:00,0.0,No
32129-1,Business Tenant 3,2018-03-27 00:00:00,0.0,No
32130-1,Business Tenant 8,2018-03-27 00:00:00,0.0,No
32195-1,"Stewart, Jacob P.",2018-03-30 00:00:00,0.0,Yes
32200-1,"Stewart, Jacob P.",2018-03-30 00:00:00,0.0,No
32272-1,"Garcia, Stephen U.",2018-04-03 00:00:00,0.0,Yes
32280-1,"Anderson, Ashley B.",2018-04-03 00:00:00,0.0,Yes
32305-1,"Hernandez, Victoria J.",2018-04-03 00:00:00,0.0,Yes
32366-1,Business Tenant 3,2018-04-05 00:00:00,0.0,No
32372-1,"Brooks, Kathleen V.",2018-04-06 00:00:00,0.0,Yes
32393-1,"Davis, Debra P.",2018-04-08 00:00:00,0.0,Yes
32418-1,"Wilson, Donna P.",2018-04-09 00:00:00,0.0,No
32448-1,"James, Gary Q.",2018-04-11 00:00:00,0.0,Yes
32449-1,"James, Gary Q.",2018-04-11 00:00:00,0.0,Yes
32450-1,"James, Gary Q.",2018-04-11 00:00:00,0.0,Yes
32527-1,"Ward, Douglas G.",2018-04-12 00:00:00,0.0,No
32538-1,Business Tenant 5,2018-04-13 00:00:00,0.0,Yes
32606-1,"Evans, Christina D.",2018-04-16 00:00:00,0.0,No
32616-1,"Rodriguez, Nancy W.",2018-04-16 00:00:00,0.0,Yes
32625-1,"Evans, Christina D.",2018-04-17 00:00:00,0.0,No
32639-1,Business Tenant 3,2018-04-18 00:00:00,0.0,No
32649-1,"Brooks, George Y.",2018-04-18 00:00:00,0.0,No
32686-1,"Chavez, Samantha L.",2018-04-20 00:00:00,0.0,Yes
32705-1,"Chavez, Samantha L.",2018-04-21 00:00:00,0.0,No
32720-1,"Campbell, Raymond C.",2018-04-22 00:00:00,0.0,Yes
32756-1,"James, Gary Q.",2018-04-24 00:00:00,0.0,Yes
32879-1,"Howard, Ryan Y.",2018-04-30 00:00:00,0.0,Yes
32895-1,"Scott, Nicole B.",2018-04-30 00:00:00,0.0,No
32932-1,"Hernandez, Victoria J.",2018-05-01 00:00:00,0.0,No
32972-1,"Young, James A.",2018-05-02 00:00:00,0.0,No
33026-1,Business Tenant 3,2018-05-03 00:00:00,0.0,No
33096-1,"Phillips, David R.",2018-05-06 00:00:00,0.0,Yes
33118-1,"Reed, Maria A.",2018-05-07 00:00:00,0.0,Yes
33125-1,"Green, Amanda M.",2018-05-07 00:00:00,0.0,No
33252-1,"Morgan, Jessica G.",2018-05-11 00:00:00,0.0,Yes
33352-1,"Morgan, Jessica G.",2018-05-15 00:00:00,0.0,No
33365-1,"Reed, Maria C.",2018-05-16 00:00:00,0.0,Yes
33402-1,"Baker, Eric V.",2018-05-17 00:00:00,0.0,No
33533-1,"Lopez, Katherine T.",2018-05-22 00:00:00,0.0,No
33534-1,"Young, James A.",2018-05-22 00:00:00,0.0,Yes
33539-1,"Davis, Debra P.",2018-05-22 00:00:00,0.0,No
33551-1,"Reed, Maria A.",2018-05-23 00:00:00,0.0,Yes
33552-1,"Brown, Helen G.",2018-05-23 00:00:00,0.0,Yes
33554-1,"Lee, Paul S.",2018-05-23 00:00:00,0.0,Yes
33555-1,Business Tenant 3,2018-05-23 00:00:00,0.0,No
33569-1,Business Tenant 4,2018-05-23 00:00:00,0.0,No
33708-1,"Wilson, Donna P.",2018-05-29 00:00:00,0.0,Yes
33709-1,"Wilson, Donna P.",2018-05-29 00:00:00,0.0,Yes
33710-1,"Wilson, Donna P.",2018-05-29 00:00:00,0.0,Yes
34005-1,"Phillips, David R.",2018-06-05 00:00:00,0.0,Yes
34093-1,"Cooper, Anthony D.",2018-06-09 00:00:00,0.0,Yes
34117-2,"Lee, Paul S.",2018-06-11 00:00:00,0.0,No
34154-1,"Ward, Douglas G.",2018-06-11 00:00:00,0.0,Yes
34162-1,"Green, Amanda M.",2018-06-11 00:00:00,0.0,No
34154-2,"Ward, Douglas G.",2018-06-12 00:00:00,0.0,No
34162-2,"Green, Amanda M.",2018-06-12 00:00:00,0.0,No
34376-1,Business Tenant 3,2018-06-20 00:00:00,0.0,No
34494-1,Business Tenant 3,2018-06-25 00:00:00,0.0,No
34553-1,"Stewart, Jacob P.",2018-06-26 00:00:00,0.0,Yes
34807-1,"Howard, Betty B.",2018-07-03 00:00:00,0.0,Yes
34810-1,"Ramirez, Henry H.",2018-07-03 00:00:00,0.0,Yes
34811-1,"Ramirez, Henry H.",2018-07-03 00:00:00,0.0,Yes
34873-1,Business Tenant 11,2018-07-05 00:00:00,0.0,No
34976-1,"Miller, Cynthia D.",2018-07-08 00:00:00,0.0,No
35004-1,Business Tenant 3,2018-07-09 00:00:00,0.0,No
35130-1,Business Tenant 9,2018-07-12 00:00:00,0.0,Yes
35132-1,Business Tenant 9,2018-07-12 00:00:00,0.0,Yes
35133-1,Business Tenant 9,2018-07-12 00:00:00,0.0,Yes
35137-1,Business Tenant 9,2018-07-12 00:00:00,0.0,Yes
35150-1,Business Tenant 9,2018-07-12 00:00:00,0.0,Yes
35151-1,Business Tenant 9,2018-07-12 00:00:00,0.0,Yes
35153-1,Business Tenant 9,2018-07-12 00:00:00,0.0,Yes
35154-1,Business Tenant 9,2018-07-12 00:00:00,0.0,Yes
35155-1,Business Tenant 9,2018-07-12 00:00:00,0.0,Yes
35156-1,Business Tenant 9,2018-07-12 00:00:00,0.0,Yes
35157-1,Business Tenant 9,2018-07-12 00:00:00,0.0,Yes
35159-1,Business Tenant 9,2018-07-12 00:00:00,0.0,Yes
35206-1,"Cooper, Anthony D.",2018-07-13 00:00:00,0.0,Yes
35248-1,"Miller, Cynthia D.",2018-07-15 00:00:00,0.0,Yes
35263-1,Business Tenant 29,2018-07-16 00:00:00,0.0,No
35321-1,Business Tenant 9,2018-07-17 00:00:00,0.0,Yes
35322-1,Business Tenant 9,2018-07-17 00:00:00,0.0,Yes
35323-1,Business Tenant 9,2018-07-17 00:00:00,0.0,Yes
35417-1,"Ramirez, Henry H.",2018-07-19 00:00:00,0.0,No
35458-1,"Rogers, Brenda N.",2018-07-21 00:00:00,0.0,Yes
35459-1,"Rogers, Brenda N.",2018-07-21 00:00:00,0.0,Yes
35545-1,Business Tenant 10,2018-07-23 00:00:00,0.0,No
35616-1,Business Tenant 9,2018-07-25 00:00:00,0.0,Yes
35626-1,Business Tenant 9,2018-07-25 00:00:00,0.0,Yes
35670-1,Business Tenant 9,2018-07-26 00:00:00,0.0,Yes
35676-1,Business Tenant 9,2018-07-26 00:00:00,0.0,Yes
35677-1,Business Tenant 9,2018-07-26 00:00:00,0.0,Yes
35685-1,Business Tenant 9,2018-07-26 00:00:00,0.0,Yes
35717-1,Business Tenant 9,2018-07-27 00:00:00,0.0,Yes
35735-1,"Reed, Maria A.",2018-07-27 00:00:00,0.0,Yes
35803-1,"Wright, Tyler N.",2018-07-28 00:00:00,0.0,No
35860-1,Business Tenant 9,2018-07-30 00:00:00,0.0,Yes
35926-1,"Clark, Evelyn G.",2018-07-31 00:00:00,0.0,No
35997-1,"Ortiz, Jack C.",2018-08-02 00:00:00,0.0,Yes
36077-1,Business Tenant 9,2018-08-03 00:00:00,0.0,Yes
36097-1,"Campbell, Raymond C.",2018-08-04 00:00:00,0.0,Yes
36189-1,"Martinez, Gregory A.",2018-08-07 00:00:00,0.0,Yes
36397-1,Business Tenant 9,2018-08-12 00:00:00,0.0,Yes
36549-1,"Cooper, Anthony D.",2018-08-15 00:00:00,0.0,Yes
37331-1,"Green, George M.",2018-09-03 00:00:00,0.0,Yes
37334-1,"Green, George M.",2018-09-03 00:00:00,0.0,Yes
37376-1,Business Tenant 3,2018-09-04 00:00:00,0.0,No
37863-1,Business Tenant 9,2018-09-17 00:00:00,0.0,Yes
37970-1,"Clark, Evelyn G.",2018-09-19 00:00:00,0.0,No
38080-1,"Martinez, Gregory A.",2018-09-23 00:00:00,0.0,Yes
38144-1,"Harris, Michael F.",2018-09-25 00:00:00,0.0,Yes
38154-1,"Williams, Joshua V.",2018-09-25 00:00:00,0.0,No
38160-1,"Howard, Betty B.",2018-09-25 00:00:00,0.0,No
38227-1,Business Tenant 10,2018-09-27 00:00:00,0.0,Yes
38284-1,"Williams, Joshua V.",2018-09-29 00:00:00,0.0,Yes
38499-1,"Rogers, Brenda N.",2018-10-04 00:00:00,0.0,Yes
38512-1,"Clark, Evelyn G.",2018-10-05 00:00:00,0.0,No
38557-1,Business Tenant 9,2018-10-06 00:00:00,0.0,Yes
32219-1,"Wright, Tyler N.",2018-04-01 00:00:00,0.0,Yes
32223-1,"Reyes, Barbara B.",2018-04-01 00:00:00,0.0,Yes
33079-1,"Clark, Evelyn G.",2018-05-04 00:00:00,0.0,No
33583-1,Business Tenant 2,2018-05-24 00:00:00,0.0,No
33618-1,"Davis, Debra P.",2018-05-25 00:00:00,0.0,No
33619-1,"Rivera, Kimberly K.",2018-05-25 00:00:00,0.0,No
33621-1,"Hall, Nathan D.",2018-05-25 00:00:00,0.0,No
33812-1,"Ramos, Heather J.",2018-05-31 00:00:00,0.0,Yes
33843-1,"Rogers, Brenda N.",2018-06-01 00:00:00,0.0,Yes
33930-1,"Evans, Christina D.",2018-06-04 00:00:00,0.0,Yes
34227-1,"Rogers, Brenda N.",2018-06-13 00:00:00,0.0,Yes
34300-1,"Ramos, Heather J.",2018-06-18 00:00:00,0.0,No
34340-1,Business Tenant 5,2018-06-19 00:00:00,0.0,Yes
34347-1,"Nelson, Diane T.",2018-06-19 00:00:00,0.0,No
34352-1,Business Tenant 3,2018-06-19 00:00:00,0.0,No
34384-1,Business Tenant 5,2018-06-20 00:00:00,0.0,Yes
34392-1,Business Tenant 4,2018-06-20 00:00:00,0.0,No
34406-1,"Hernandez, Victoria J.",2018-06-20 00:00:00,0.0,Yes
34532-1,Business Tenant 3,2018-06-26 00:00:00,0.0,No
34628-1,"Howard, Betty B.",2018-06-28 00:00:00,0.0,No
34759-1,Business Tenant 15,2018-07-02 00:00:00,0.0,No
34767-1,"Lee, Paul S.",2018-07-02 00:00:00,0.0,Yes
34783-1,"Roberts, Sandra Q.",2018-07-03 00:00:00,0.0,No
34852-1,"Martinez, Brian C.",2018-07-05 00:00:00,0.0,Yes
35107-1,"Harris, Michael F.",2018-07-11 00:00:00,0.0,Yes
35142-1,Business Tenant 3,2018-07-12 00:00:00,0.0,No
35294-1,"Howard, Ryan Y.",2018-07-16 00:00:00,0.0,Yes
35327-1,Business Tenant 9,2018-07-17 00:00:00,0.0,Yes
35328-1,Business Tenant 9,2018-07-17 00:00:00,0.0,Yes
35330-1,Business Tenant 9,2018-07-17 00:00:00,0.0,Yes
35334-1,"Rogers, Brenda N.",2018-07-17 00:00:00,0.0,Yes
35357-1,"Davis, Joshua K.",2018-07-18 00:00:00,0.0,Yes
35612-1,Business Tenant 5,2018-07-25 00:00:00,0.0,Yes
35814-1,"Williams, Joshua V.",2018-07-29 00:00:00,0.0,Yes
35840-1,Business Tenant 9,2018-07-30 00:00:00,0.0,Yes
35916-1,Business Tenant 3,2018-07-31 00:00:00,0.0,No
35976-1,"Miller, Cynthia D.",2018-08-01 00:00:00,0.0,Yes
36025-1,"Wood, Lauren P.",2018-08-02 00:00:00,0.0,Yes
36036-1,"Rogers, Brenda N.",2018-08-02 00:00:00,0.0,Yes
36055-1,Business Tenant 5,2018-08-03 00:00:00,0.0,Yes
36114-1,Business Tenant 9,2018-08-05 00:00:00,0.0,Yes
36127-1,"Harris, Michael F.",2018-08-05 00:00:00,0.0,Yes
36128-1,"Williams, Joshua V.",2018-08-05 00:00:00,0.0,Yes
36156-1,"Martinez, Gregory A.",2018-08-06 00:00:00,0.0,Yes
36212-1,"Kelly, Rachel W.",2018-08-07 00:00:00,0.0,Yes
36246-1,"Martinez, Gregory A.",2018-08-08 00:00:00,0.0,Yes
36273-1,"Williams, Joshua V.",2018-08-08 00:00:00,0.0,No
36296-1,Business Tenant 5,2018-08-09 00:00:00,0.0,Yes
36309-1,Business Tenant 9,2018-08-09 00:00:00,0.0,Yes
36314-1,Business Tenant 5,2018-08-09 00:00:00,0.0,Yes
36369-1,Business Tenant 30,2018-08-10 00:00:00,0.0,No
36370-1,Business Tenant 20,2018-08-10 00:00:00,0.0,No
36408-1,"Young, James A.",2018-08-12 00:00:00,0.0,Yes
36464-1,"Cruz, Christopher E.",2018-08-13 00:00:00,0.0,Yes
36474-1,Business Tenant 9,2018-08-14 00:00:00,0.0,Yes
36478-1,"Williams, Joshua V.",2018-08-14 00:00:00,0.0,No
36585-1,"Morales, Carolyn W.",2018-08-16 00:00:00,0.0,Yes
36618-1,Business Tenant 4,2018-08-17 00:00:00,0.0,No
36631-1,Business Tenant 9,2018-08-17 00:00:00,0.0,Yes
36721-1,"Cruz, Christopher E.",2018-08-20 00:00:00,0.0,Yes
36835-1,Business Tenant 5,2018-08-22 00:00:00,0.0,Yes
36901-1,Business Tenant 9,2018-08-23 00:00:00,0.0,Yes
36979-1,"Brown, Helen G.",2018-08-25 00:00:00,0.0,Yes
37051-1,Business Tenant 9,2018-08-27 00:00:00,0.0,Yes
37052-1,Business Tenant 9,2018-08-27 00:00:00,0.0,Yes
37053-1,Business Tenant 9,2018-08-27 00:00:00,0.0,Yes
37085-1,"Scott, Nicole Y.",2018-08-27 00:00:00,0.0,Yes
37103-1,"Miller, Cynthia D.",2018-08-28 00:00:00,0.0,Yes
37132-1,Business Tenant 11,2018-08-28 00:00:00,0.0,No
37153-1,"Martinez, Gregory A.",2018-08-28 00:00:00,0.0,Yes
37184-1,Business Tenant 31,2018-08-29 00:00:00,0.0,No
37199-1,"Rogers, Brenda N.",2018-08-29 00:00:00,0.0,Yes
37258-1,"Mitchell, Kevin H.",2018-08-31 00:00:00,0.0,Yes
37263-1,"Ortiz, Jack C.",2018-08-31 00:00:00,0.0,Yes
37284-1,"Mitchell, Kevin H.",2018-09-01 00:00:00,0.0,Yes
37316-1,Business Tenant 9,2018-09-02 00:00:00,0.0,Yes
37345-1,"Mitchell, Kevin H.",2018-09-03 00:00:00,0.0,Yes
37346-1,"Mitchell, Kevin H.",2018-09-03 00:00:00,0.0,Yes
37347-1,"Mitchell, Kevin H.",2018-09-03 00:00:00,0.0,Yes
37348-1,"Mitchell, Kevin H.",2018-09-03 00:00:00,0.0,Yes
37410-1,"Williams, Joshua V.",2018-09-04 00:00:00,0.0,Yes
37426-1,"Martinez, Gregory A.",2018-09-05 00:00:00,0.0,Yes
37430-1,"Mitchell, Kevin H.",2018-09-05 00:00:00,0.0,Yes
37487-1,"Brooks, Kathleen V.",2018-09-07 00:00:00,0.0,Yes
37490-1,Business Tenant 9,2018-09-07 00:00:00,0.0,Yes
37497-1,Business Tenant 9,2018-09-07 00:00:00,0.0,Yes
37520-1,"Williams, Joshua V.",2018-09-08 00:00:00,0.0,Yes
37531-1,"Martinez, Brian C.",2018-09-09 00:00:00,0.0,Yes
37537-1,"Taylor, Steven L.",2018-09-09 00:00:00,0.0,Yes
37564-1,"Hernandez, Victoria J.",2018-09-09 00:00:00,0.0,Yes
37605-1,"Green, Amanda M.",2018-09-10 00:00:00,0.0,No
37606-1,"Green, Amanda M.",2018-09-10 00:00:00,0.0,No
37694-1,Business Tenant 9,2018-09-12 00:00:00,0.0,Yes
37857-1,"Wood, Lauren P.",2018-09-17 00:00:00,0.0,No
37867-1,Business Tenant 9,2018-09-17 00:00:00,0.0,Yes
37911-1,"Reed, Maria A.",2018-09-18 00:00:00,0.0,Yes
37960-1,"Scott, Nicole B.",2018-09-19 00:00:00,0.0,No
38097-1,Business Tenant 9,2018-09-24 00:00:00,0.0,Yes
38305-1,"Martinez, Gregory A.",2018-10-01 00:00:00,0.0,Yes
38315-1,Business Tenant 9,2018-10-01 00:00:00,0.0,Yes
38389-1,"Wright, Tyler N.",2018-10-02 00:00:00,0.0,No
38417-1,"Brown, Helen G.",2018-10-03 00:00:00,0.0,Yes
38509-1,Business Tenant 10,2018-10-05 00:00:00,0.0,Yes
96113-1,"Ramirez, Henry K.",2022-05-13 00:00:00,0.0,Yes
96411-1,"Taylor, Raymond N.",2022-05-25 00:00:00,0.0,Yes
96474-1,"Hernandez, Victoria J.",2022-05-27 00:00:00,0.0,No
96584-1,"Cabral Nunez, Stephen E.",2022-06-01 00:00:00,0.0,Yes
96676-1,"Ruiz, Kathleen F.",2022-06-04 00:00:00,0.0,Yes
96813-1,"Cook, Victoria U.",2022-06-09 00:00:00,0.0,Yes
97031-1,"Stewart, Christina P.",2022-06-19 00:00:00,0.0,Yes
134119-1,"Hernandez, Victoria J.",2025-04-04 00:00:00,0.0,Yes
134131-1,"Jackson, Joseph S.",2025-04-04 00:00:00,0.0,Yes
146268-1,"Richardson, Stephen Q.",2025-12-11 00:00:00,0.0,Yes
151392-1,Business Tenant 11,2026-02-25 00:00:00,0.0,Yes
151422-1,"Mitchell, Kevin H.",2026-02-25 00:00:00,0.0,Yes
151425-1,"Murphy, Michael B.",2026-02-26 00:00:00,0.0,Yes
151643-1,"Ramos, Heather Q.",2026-03-01 00:00:00,0.0,Yes
152026-1,"Rivera, Shirley P.",2026-03-05 00:00:00,0.0,Yes
152251-1,"Richardson, Stephen Q.",2026-03-08 00:00:00,0.0,Yes
152252-1,"Richardson, Stephen Q.",2026-03-08 00:00:00,0.0,Yes
152258-1,"Richardson, Stephen Q.",2026-03-08 00:00:00,0.0,Yes
159307-1,"Lewis, Nathan Y.",2026-05-21 00:00:00,0.0,Yes
152614-1,"Nelson, Anthony Y.",2026-03-11 00:00:00,0.0,Yes
151995-1,"Gomez, Linda U.",2026-03-04 00:00:00,0.0,Yes
152378-1,"Gonzalez, Barbara V.",2026-03-09 00:00:00,0.0,Yes
152714-1,"Morris, Judith B.",2026-03-12 00:00:00,0.0,No
94020-1,"Campbell, Susan E.",2022-02-17 00:00:00,0.0,Yes
94537-1,"Reyes, Sarah B.",2022-03-09 00:00:00,0.0,Yes
107417-1,"Phillips, Frank T.",2023-06-23 00:00:00,0.0,Yes
107442-1,"Evans, Jonathan F.",2023-06-25 00:00:00,0.0,Yes
107542-1,"Clark, Aaron L.",2023-06-28 00:00:00,0.0,No
107615-1,"Johnson, Rachel J.",2023-06-30 00:00:00,0.0,No
107647-1,"Harris, Jerry H.",2023-07-01 00:00:00,0.0,Yes
107730-1,"Wilson, Emily R.",2023-07-04 00:00:00,0.0,Yes
107733-1,"Jones, Jacob Y.",2023-07-04 00:00:00,0.0,Yes
107748-1,"Morales, Richard A.",2023-07-04 00:00:00,0.0,Yes
107797-1,"King, Betty K.",2023-07-05 00:00:00,0.0,Yes
107820-1,"Roberts, Sandra Q.",2023-07-06 00:00:00,0.0,No
105775-2,"Morales, Richard A.",2023-07-06 00:00:00,0.0,No
107850-1,"James, Timothy S.",2023-07-06 00:00:00,0.0,Yes
107864-1,"Morales, Richard A.",2023-07-07 00:00:00,0.0,Yes
107907-1,"Cox, Larry U.",2023-07-08 00:00:00,0.0,No
108028-1,"Torres, Laura D.",2023-07-11 00:00:00,0.0,Yes
108091-1,"Ramirez, Joan M.",2023-07-12 00:00:00,0.0,Yes
108093-1,"Rivera, Kimberly B.",2023-07-12 00:00:00,0.0,Yes
108116-1,"Roberts, Sandra Q.",2023-07-13 00:00:00,0.0,No
108117-1,"Roberts, Sandra Q.",2023-07-13 00:00:00,0.0,No
108151-1,"Cox, Steven W.",2023-07-13 00:00:00,0.0,Yes
108169-1,"Garcia, Donald W.",2023-07-14 00:00:00,0.0,Yes
108178-1,"Lee, Gregory U.",2023-07-14 00:00:00,0.0,Yes
108189-1,"Robinson, Aaron A.",2023-07-14 00:00:00,0.0,Yes
108239-1,"Green, George D.",2023-07-15 00:00:00,0.0,Yes
108240-1,"Green, George D.",2023-07-15 00:00:00,0.0,Yes
108241-1,"Green, George D.",2023-07-15 00:00:00,0.0,Yes
108275-1,"Harris, Michael V.",2023-07-16 00:00:00,0.0,Yes
108282-1,"Watson, Sandra W.",2023-07-17 00:00:00,0.0,Yes
108307-1,"Roberts, Sandra Q.",2023-07-17 00:00:00,0.0,No
108332-1,"Rivera, Shirley Y.",2023-07-18 00:00:00,0.0,Yes
108392-1,"Harris, Michael V.",2023-07-19 00:00:00,0.0,Yes
108448-1,"Jones, Jacob Y.",2023-07-19 00:00:00,0.0,Yes
108452-1,"Murphy, Michael B.",2023-07-20 00:00:00,0.0,No
108459-1,"Ramos, Mark J.",2023-07-20 00:00:00,0.0,Yes
108493-1,"Williams, Daniel V.",2023-07-20 00:00:00,0.0,Yes
108531-1,"Edwards, Mark U.",2023-07-21 00:00:00,0.0,No
108550-1,"Miller, Eric F.",2023-07-21 00:00:00,0.0,Yes
108576-1,"Morris, Jeffrey D.",2023-07-23 00:00:00,0.0,Yes
108616-1,"Scott, David B.",2023-07-24 00:00:00,0.0,No
108646-1,"Lewis, Kimberly T.",2023-07-25 00:00:00,0.0,Yes
108671-1,"Cruz, Christopher U.",2023-07-25 00:00:00,0.0,No
108697-1,"Flores, Robert Q.",2023-07-26 00:00:00,0.0,No
108707-1,"Rivera, Nathan M.",2023-07-26 00:00:00,0.0,Yes
108720-1,"Brown, Joyce L.",2023-07-26 00:00:00,0.0,Yes
108833-1,"Thompson, Judith M.",2023-07-28 00:00:00,0.0,Yes
108964-1,"Wright, Michelle S.",2023-08-01 00:00:00,0.0,Yes
108969-1,"Flores, Kenneth L.",2023-08-01 00:00:00,0.0,Yes
109090-1,"Nguyen, Sharon A.",2023-08-03 00:00:00,0.0,Yes
109163-1,"Campbell, Raymond U.",2023-08-04 00:00:00,0.0,No
109237-1,"Watson, Sandra W.",2023-08-07 00:00:00,0.0,Yes
109247-1,"Smith, Ashley M.",2023-08-07 00:00:00,0.0,Yes
109278-1,"Davis, Daniel T.",2023-08-07 00:00:00,0.0,Yes
109354-1,"Gutierrez, Emma B.",2023-08-09 00:00:00,0.0,Yes
109395-1,"Chavez, Christopher N.",2023-08-10 00:00:00,0.0,Yes
109420-1,"Thompson, Jeffrey Y.",2023-08-10 00:00:00,0.0,No
109428-1,"Torres, Emma F.",2023-08-10 00:00:00,0.0,Yes
109501-1,"Bennett, Tyler U.",2023-08-12 00:00:00,0.0,Yes
109522-1,"Murphy, Melissa M.",2023-08-13 00:00:00,0.0,Yes
109525-1,"Kim, Nancy G.",2023-08-13 00:00:00,0.0,Yes
109608-1,"White, Kyle G.",2023-08-15 00:00:00,0.0,Yes
109616-1,"Wright, Michelle S.",2023-08-15 00:00:00,0.0,Yes
109625-1,"Jones, Jacob Y.",2023-08-15 00:00:00,0.0,No
109637-1,"Bailey, Deborah Q.",2023-08-15 00:00:00,0.0,Yes
109717-1,"Morales, Douglas L.",2023-08-17 00:00:00,0.0,No
109734-1,"Rivera, Shirley Y.",2023-08-17 00:00:00,0.0,Yes
109841-1,"Jones, Jacob Y.",2023-08-20 00:00:00,0.0,Yes
109884-1,"Salinas Cortes, Katherine R.",2023-08-21 00:00:00,0.0,No
109904-1,"Ramirez, Joan M.",2023-08-22 00:00:00,0.0,Yes
109911-1,"Jones, Jacob Y.",2023-08-22 00:00:00,0.0,No
109951-1,"Wright, Jennifer Q.",2023-08-23 00:00:00,0.0,Yes
110008-1,"Evans, Justin H.",2023-08-24 00:00:00,0.0,No
110087-1,"Wood, Alexander R.",2023-08-25 00:00:00,0.0,No
110139-1,"Bailey, Deborah Q.",2023-08-27 00:00:00,0.0,Yes
110165-1,"Lee, Gregory U.",2023-08-28 00:00:00,0.0,Yes
110179-1,"Moore, Dorothy W.",2023-08-28 00:00:00,0.0,Yes
110214-1,"Parker, Lisa C.",2023-08-29 00:00:00,0.0,No
110254-1,"Moore, Dorothy W.",2023-08-30 00:00:00,0.0,No
110257-1,"Thompson, Benjamin K.",2023-08-30 00:00:00,0.0,Yes
110265-1,"Johnson, Rachel J.",2023-08-30 00:00:00,0.0,No
110414-1,"Torres, Emma F.",2023-09-04 00:00:00,0.0,Yes
110433-1,"Baker, Cynthia Y.",2023-09-04 00:00:00,0.0,Yes
110436-1,"Harris, Michael V.",2023-09-04 00:00:00,0.0,Yes
110452-1,"Bennett, James J.",2023-09-05 00:00:00,0.0,Yes
110458-1,"Gonzalez, Sarah H.",2023-09-05 00:00:00,0.0,Yes
110494-1,"Nelson, Anthony Y.",2023-09-05 00:00:00,0.0,Yes
110498-1,"Ramirez, Joan M.",2023-09-05 00:00:00,0.0,Yes
110505-1,"Smith, Ashley M.",2023-09-06 00:00:00,0.0,Yes
110581-1,"Harris, Michael V.",2023-09-07 00:00:00,0.0,No
110710-1,"Kim, Nancy G.",2023-09-11 00:00:00,0.0,Yes
110720-1,"Young, Tyler A.",2023-09-12 00:00:00,0.0,Yes
110737-1,"Salinas Cortes, Katherine R.",2023-09-12 00:00:00,0.0,Yes
110825-1,"Wilson, Donna P.",2023-09-14 00:00:00,0.0,No
110988-1,"Green, Amanda M.",2023-09-19 00:00:00,0.0,No
111047-1,"Allen, Katherine D.",2023-09-20 00:00:00,0.0,Yes
111102-1,"Rivera, Kimberly B.",2023-09-22 00:00:00,0.0,No
111147-1,"Rogers, Evelyn Q.",2023-09-25 00:00:00,0.0,No
111240-1,"Stewart, Christina P.",2023-09-26 00:00:00,0.0,Yes
111260-1,"Wood, Ryan T.",2023-09-27 00:00:00,0.0,Yes
111261-1,"Wood, Ryan T.",2023-09-27 00:00:00,0.0,Yes
111270-1,"Smith, Ashley M.",2023-09-27 00:00:00,0.0,Yes
111282-1,"Hill, Diane B.",2023-09-27 00:00:00,0.0,No
111301-1,"Wood, Ryan T.",2023-09-27 00:00:00,0.0,Yes
111305-1,"Gutierrez, Emma B.",2023-09-28 00:00:00,0.0,Yes
111351-1,"Morgan, Patricia J.",2023-09-29 00:00:00,0.0,No
111448-1,"Nguyen, Sharon A.",2023-10-03 00:00:00,0.0,Yes
111677-1,"Williams, Daniel V.",2023-10-09 00:00:00,0.0,Yes
111696-1,"Jones, Christina K.",2023-10-10 00:00:00,0.0,Yes
111708-1,"Salinas Cortes, Katherine R.",2023-10-10 00:00:00,0.0,Yes
111766-1,"Chavez, Christopher N.",2023-10-11 00:00:00,0.0,Yes
111785-1,"Morris, Adam F.",2023-10-12 00:00:00,0.0,No
111788-1,"Morris, Adam F.",2023-10-12 00:00:00,0.0,Yes
111798-1,"Bennett, Tyler U.",2023-10-12 00:00:00,0.0,No
111801-1,"Morris, Adam F.",2023-10-12 00:00:00,0.0,Yes
111832-1,"Flores, Nancy C.",2023-10-13 00:00:00,0.0,Yes
111913-1,"Hill, Jason P.",2023-10-16 00:00:00,0.0,Yes
111988-1,"Flores, Nancy C.",2023-10-17 00:00:00,0.0,Yes
112133-1,"Ortiz, Jack A.",2023-10-20 00:00:00,0.0,Yes
112207-1,"Nguyen, Sharon A.",2023-10-22 00:00:00,0.0,Yes
112234-1,"Escobar Rios, Amy D.",2023-10-23 00:00:00,0.0,Yes
112273-1,"Ortiz, Jack A.",2023-10-24 00:00:00,0.0,Yes
112305-1,"Bennett, James J.",2023-10-25 00:00:00,0.0,Yes
112342-1,"Johnson, Rachel J.",2023-10-25 00:00:00,0.0,Yes
112343-1,"Moore, Dorothy W.",2023-10-25 00:00:00,0.0,Yes
112416-1,"Bennett, Tyler U.",2023-10-27 00:00:00,0.0,No
112419-1,"Gutierrez, Anna M.",2023-10-27 00:00:00,0.0,Yes
112588-1,"Miller, Eric F.",2023-10-31 00:00:00,0.0,Yes
112608-1,"White, Kyle G.",2023-10-31 00:00:00,0.0,Yes
112613-1,"Allen, Katherine D.",2023-11-01 00:00:00,0.0,Yes
112617-1,"Martinez, Zachary E.",2023-11-01 00:00:00,0.0,No
112704-1,"Wright, Jennifer Q.",2023-11-02 00:00:00,0.0,Yes
112738-1,"Morgan, Patricia J.",2023-11-03 00:00:00,0.0,No
112740-1,"Chavez, Christopher N.",2023-11-03 00:00:00,0.0,Yes
112741-1,"Ortiz, Jack A.",2023-11-03 00:00:00,0.0,No
112771-1,"Nguyen, Sharon A.",2023-11-04 00:00:00,0.0,Yes
112806-1,"Rogers, Evelyn Q.",2023-11-06 00:00:00,0.0,Yes
112807-1,"Rogers, Evelyn Q.",2023-11-06 00:00:00,0.0,Yes
112873-1,"Hill, Jason P.",2023-11-07 00:00:00,0.0,No
112921-1,"Ortiz, Jack A.",2023-11-08 00:00:00,0.0,No
113036-1,"Morris, Jeffrey D.",2023-11-11 00:00:00,0.0,Yes
113053-1,"Wood, Ryan T.",2023-11-12 00:00:00,0.0,Yes
113080-1,"Martinez, Zachary E.",2023-11-13 00:00:00,0.0,Yes
113081-1,"Martinez, Zachary E.",2023-11-13 00:00:00,0.0,Yes
113089-1,"Morris, Jeffrey D.",2023-11-13 00:00:00,0.0,Yes
113133-1,"Allen, Katherine D.",2023-11-14 00:00:00,0.0,Yes
113142-1,"Williams, Daniel V.",2023-11-15 00:00:00,0.0,Yes
113159-1,"James, Timothy S.",2023-11-15 00:00:00,0.0,Yes
113160-1,"James, Timothy S.",2023-11-15 00:00:00,0.0,Yes
113186-1,"Carter, David V.",2023-11-17 00:00:00,0.0,Yes
113239-1,"Wright, Jennifer Q.",2023-11-19 00:00:00,0.0,Yes
113252-1,"Rivera, Shirley Y.",2023-11-19 00:00:00,0.0,No
113273-1,"Perez, Benjamin V.",2023-11-20 00:00:00,0.0,Yes
113276-1,"Ortiz, Jack A.",2023-11-20 00:00:00,0.0,Yes
113291-1,"Robinson, Evelyn L.",2023-11-20 00:00:00,0.0,Yes
113303-1,"Martinez, Zachary E.",2023-11-21 00:00:00,0.0,Yes
113304-1,"Phillips, Frank T.",2023-11-21 00:00:00,0.0,Yes
113339-1,"Clark, Aaron L.",2023-11-22 00:00:00,0.0,No
113345-1,"Phillips, Frank T.",2023-11-22 00:00:00,0.0,Yes
113398-1,"Young, Tyler A.",2023-11-26 00:00:00,0.0,Yes
113426-1,"Morales, Richard A.",2023-11-27 00:00:00,0.0,Yes
113436-1,"Carter, Nicole K.",2023-11-27 00:00:00,0.0,Yes
113439-1,"Hall, Kimberly P.",2023-11-27 00:00:00,0.0,No
113456-1,"James, Timothy S.",2023-11-27 00:00:00,0.0,Yes
113513-1,"Perez, Benjamin V.",2023-11-29 00:00:00,0.0,Yes
113531-1,"Miller, Carol H.",2023-11-29 00:00:00,0.0,No
113543-1,"Nguyen, Sharon A.",2023-11-29 00:00:00,0.0,No
113545-1,"Ward, Carolyn G.",2023-11-29 00:00:00,0.0,No
113644-1,"Murphy, Melissa M.",2023-12-01 00:00:00,0.0,Yes
113648-1,"Morales, Richard A.",2023-12-02 00:00:00,0.0,Yes
113678-1,"Morris, Adam F.",2023-12-03 00:00:00,0.0,Yes
113698-1,"Salinas Cortes, Katherine R.",2023-12-04 00:00:00,0.0,No
113699-1,"Collins, Gregory J.",2023-12-04 00:00:00,0.0,No
113715-1,"Robinson, Evelyn L.",2023-12-04 00:00:00,0.0,Yes
113778-1,"Ortiz, Jack A.",2023-12-06 00:00:00,0.0,Yes
113787-1,Business Tenant 1,2023-12-06 00:00:00,0.0,No
113840-1,"Murphy, Melissa M.",2023-12-07 00:00:00,0.0,Yes
113855-1,"Morales, Richard A.",2023-12-08 00:00:00,0.0,Yes
113866-1,"Gray, Thomas V.",2023-12-08 00:00:00,0.0,Yes
113867-1,"Gray, Thomas V.",2023-12-08 00:00:00,0.0,Yes
113875-1,"Nguyen, Sharon A.",2023-12-08 00:00:00,0.0,Yes
113880-1,"Nguyen, Sharon A.",2023-12-08 00:00:00,0.0,Yes
113906-1,"Hill, Diane B.",2023-12-09 00:00:00,0.0,Yes
113972-1,"Morales, Richard A.",2023-12-11 00:00:00,0.0,Yes
114058-1,"Ortiz, Jack A.",2023-12-14 00:00:00,0.0,No
114063-1,"Ibarra Solis, Brandon C.",2023-12-14 00:00:00,0.0,No
114076-1,"Jones, Jacob Y.",2023-12-15 00:00:00,0.0,Yes
114174-1,"Nguyen, Sharon A.",2023-12-18 00:00:00,0.0,Yes
114200-1,"Lewis, Kimberly T.",2023-12-19 00:00:00,0.0,No
114232-1,"Evans, Jonathan F.",2023-12-20 00:00:00,0.0,Yes
114233-1,"Miller, Carol H.",2023-12-20 00:00:00,0.0,Yes
114234-1,"Thompson, Jeffrey Y.",2023-12-20 00:00:00,0.0,No
114235-1,"Clark, Brenda J.",2023-12-20 00:00:00,0.0,No
114236-1,"Scott, Andrew D.",2023-12-20 00:00:00,0.0,No
114237-1,"Flores, Christine N.",2023-12-20 00:00:00,0.0,No
114239-1,"Cooper, Diane F.",2023-12-20 00:00:00,0.0,No
114240-1,"Watson, Sandra W.",2023-12-20 00:00:00,0.0,No
114241-1,"Ortiz, Jack A.",2023-12-20 00:00:00,0.0,No
114242-1,"Morgan, Jessica W.",2023-12-20 00:00:00,0.0,No
114297-1,"Clark, Aaron L.",2023-12-21 00:00:00,0.0,No
114439-1,"Miller, Carol H.",2023-12-28 00:00:00,0.0,No
114461-1,"Murphy, Melissa M.",2023-12-28 00:00:00,0.0,Yes
114532-1,"Harris, Michael V.",2024-01-02 00:00:00,0.0,No
114573-1,"Hernandez, Victoria J.",2024-01-02 00:00:00,0.0,Yes
114786-1,"Gomez, Helen S.",2024-01-08 00:00:00,0.0,Yes
114787-1,"Gomez, Helen S.",2024-01-08 00:00:00,0.0,Yes
114979-1,"Harris, Walter K.",2024-01-12 00:00:00,0.0,No
115031-1,"Howard, Lauren B.",2024-01-14 00:00:00,0.0,Yes
115039-1,"Gray, Anna H.",2024-01-14 00:00:00,0.0,Yes
115064-1,"Thompson, Benjamin K.",2024-01-15 00:00:00,0.0,No
115091-1,"Davis, Daniel T.",2024-01-15 00:00:00,0.0,Yes
115133-1,"Gonzalez, Kevin T.",2024-01-16 00:00:00,0.0,Yes
115203-1,"Miller, Carol H.",2024-01-17 00:00:00,0.0,Yes
115248-1,"Jones, Jacob Y.",2024-01-17 00:00:00,0.0,Yes
115344-1,"Morris, Adam F.",2024-01-20 00:00:00,0.0,Yes
115373-1,"Gray, Anna H.",2024-01-21 00:00:00,0.0,Yes
115401-1,"Gutierrez, Anna M.",2024-01-22 00:00:00,0.0,Yes
115487-1,"Martin, Donna B.",2024-01-24 00:00:00,0.0,Yes
115530-1,"Rogers, Evelyn Q.",2024-01-25 00:00:00,0.0,Yes
115531-1,"Rogers, Evelyn Q.",2024-01-25 00:00:00,0.0,Yes
115537-1,"Flores, Nancy C.",2024-01-25 00:00:00,0.0,Yes
115545-1,"Cooper, Diane F.",2024-01-25 00:00:00,0.0,No
115601-1,"Rogers, Evelyn Q.",2024-01-26 00:00:00,0.0,No
115605-1,"Harris, Michael V.",2024-01-26 00:00:00,0.0,No
115616-1,"Miller, Eric F.",2024-01-27 00:00:00,0.0,Yes
115650-1,"Miller, Carol H.",2024-01-28 00:00:00,0.0,Yes
115687-1,"King, Betty K.",2024-01-30 00:00:00,0.0,Yes
115721-1,"Gray, Anna H.",2024-01-30 00:00:00,0.0,Yes
115768-1,"Scott, Andrew D.",2024-02-01 00:00:00,0.0,Yes
115769-1,"Scott, Andrew D.",2024-02-01 00:00:00,0.0,Yes
115773-1,"Cabral Nunez, Stephen E.",2024-02-01 00:00:00,0.0,Yes
115774-1,"Cabral Nunez, Stephen E.",2024-02-01 00:00:00,0.0,Yes
115775-1,"Cabral Nunez, Stephen E.",2024-02-01 00:00:00,0.0,Yes
115800-1,"Rogers, Evelyn Q.",2024-02-01 00:00:00,0.0,Yes
115913-1,"Perez, Benjamin V.",2024-02-06 00:00:00,0.0,No
116048-1,"Mendoza, Matthew V.",2024-02-11 00:00:00,0.0,Yes
116061-1,"Bailey, Deborah Q.",2024-02-12 00:00:00,0.0,No
116207-1,"Thompson, Benjamin K.",2024-02-16 00:00:00,0.0,No
116252-1,"Mitchell, Sarah M.",2024-02-19 00:00:00,0.0,No
116283-1,"Bennett, James J.",2024-02-20 00:00:00,0.0,Yes
116287-1,"Ruiz, George H.",2024-02-20 00:00:00,0.0,Yes
116294-1,"Escobar Rios, Amy D.",2024-02-20 00:00:00,0.0,Yes
116299-1,Business Tenant 1,2024-02-20 00:00:00,0.0,No
116307-1,"Bennett, James J.",2024-02-20 00:00:00,0.0,Yes
116331-1,"Gray, Anna H.",2024-02-21 00:00:00,0.0,Yes
116357-1,"Morgan, Jessica W.",2024-02-22 00:00:00,0.0,Yes
116472-1,"Davis, Daniel T.",2024-02-26 00:00:00,0.0,Yes
116500-1,"Harris, Michael V.",2024-02-27 00:00:00,0.0,No
116566-1,"Williams, Daniel V.",2024-02-29 00:00:00,0.0,Yes
116647-1,"Wood, Ryan T.",2024-03-03 00:00:00,0.0,Yes
116692-1,"Carter, David V.",2024-03-04 00:00:00,0.0,No
116712-1,"Mitchell, Sarah M.",2024-03-05 00:00:00,0.0,Yes
116743-1,"Morris, Adam F.",2024-03-05 00:00:00,0.0,Yes
116746-1,"Ruiz, George H.",2024-03-05 00:00:00,0.0,Yes
116756-1,"Harris, Walter K.",2024-03-06 00:00:00,0.0,Yes
116762-1,"Cuevas Bermudez, Daniel H.",2024-03-06 00:00:00,0.0,Yes
116786-1,"Cuevas Bermudez, Daniel H.",2024-03-06 00:00:00,0.0,Yes
116788-1,"Harris, Walter K.",2024-03-07 00:00:00,0.0,Yes
116792-1,"Morris, Adam F.",2024-03-07 00:00:00,0.0,Yes
116909-1,"Gutierrez, Emma B.",2024-03-11 00:00:00,0.0,No
116970-1,"Nguyen, Jessica C.",2024-03-12 00:00:00,0.0,Yes
117021-1,"Bailey, Deborah Q.",2024-03-14 00:00:00,0.0,Yes
117051-1,"Mitchell, Sarah M.",2024-03-14 00:00:00,0.0,Yes
117053-1,"Kim, Nancy G.",2024-03-14 00:00:00,0.0,Yes
117059-1,Business Tenant 1,2024-03-15 00:00:00,0.0,No
117078-1,"Kim, Nancy G.",2024-03-15 00:00:00,0.0,Yes
117079-1,"Morgan, Sharon L.",2024-03-15 00:00:00,0.0,No
117112-1,"Ramirez, Joan M.",2024-03-17 00:00:00,0.0,Yes
117113-1,"Ramirez, Joan M.",2024-03-17 00:00:00,0.0,Yes
117114-1,"Kim, Nancy G.",2024-03-17 00:00:00,0.0,Yes
117161-1,"Wood, Ryan T.",2024-03-19 00:00:00,0.0,Yes
117166-1,"Sanchez, Mary A.",2024-03-19 00:00:00,0.0,Yes
117197-1,"Morgan, Sharon L.",2024-03-19 00:00:00,0.0,No
117273-1,"Chavez, Christopher N.",2024-03-21 00:00:00,0.0,Yes
117432-1,"Cook, Nicholas J.",2024-03-26 00:00:00,0.0,No
117464-1,"Walker, Cynthia M.",2024-03-27 00:00:00,0.0,Yes
117607-1,"Stewart, Jonathan B.",2024-04-01 00:00:00,0.0,Yes
117643-1,"Lee, Gregory U.",2024-04-01 00:00:00,0.0,Yes
117670-1,"Escobar Rios, Amy D.",2024-04-02 00:00:00,0.0,Yes
117771-1,"Mendoza, Matthew V.",2024-04-04 00:00:00,0.0,Yes
117790-1,"Clark, Brenda J.",2024-04-05 00:00:00,0.0,Yes
117802-1,"Gonzalez, Kevin T.",2024-04-05 00:00:00,0.0,No
114263-1,"Scott, David B.",2023-12-20 00:00:00,0.0,Yes
114406-1,"Ibarra Solis, Brandon C.",2023-12-27 00:00:00,0.0,No
114722-1,"Chavez, Christopher N.",2024-01-05 00:00:00,0.0,Yes
114878-1,"Harris, Michael V.",2024-01-10 00:00:00,0.0,No
19398-1,"Cook, Elizabeth U.",2016-12-13 00:00:00,0.0,No
117068-1,"Hernandez, Nicholas N.",2024-03-15 00:00:00,0.0,No
39706-1,Business Tenant 5,2018-11-12 00:00:00,0.0,No
41023-1,Business Tenant 3,2018-12-20 00:00:00,0.0,No
41182-1,"Kim, Christine E.",2018-12-28 00:00:00,0.0,No
41188-1,Business Tenant 10,2018-12-28 00:00:00,0.0,No
41198-1,Business Tenant 5,2018-12-28 00:00:00,0.0,No
41211-1,Business Tenant 10,2018-12-28 00:00:00,0.0,Yes
41267-1,"Ramirez, Henry H.",2019-01-01 00:00:00,0.0,Yes
41269-1,"Ramirez, Henry H.",2019-01-01 00:00:00,0.0,Yes
41275-1,"Brooks, Kathleen V.",2019-01-01 00:00:00,0.0,Yes
41299-1,Business Tenant 10,2019-01-02 00:00:00,0.0,Yes
41300-1,Business Tenant 10,2019-01-02 00:00:00,0.0,Yes
41324-1,Business Tenant 9,2019-01-02 00:00:00,0.0,Yes
41357-1,Business Tenant 5,2019-01-03 00:00:00,0.0,Yes
41377-1,Business Tenant 9,2019-01-03 00:00:00,0.0,Yes
41410-1,Business Tenant 9,2019-01-04 00:00:00,0.0,Yes
41479-1,"Martinez, Gregory A.",2019-01-05 00:00:00,0.0,Yes
41492-1,Business Tenant 9,2019-01-06 00:00:00,0.0,Yes
41499-1,Business Tenant 10,2019-01-06 00:00:00,0.0,Yes
41599-1,"Martinez, Gregory A.",2019-01-08 00:00:00,0.0,Yes
41627-1,Business Tenant 9,2019-01-09 00:00:00,0.0,Yes
41687-1,"Baker, Eric V.",2019-01-11 00:00:00,0.0,No
41694-1,Business Tenant 10,2019-01-11 00:00:00,0.0,Yes
41710-1,"Garcia, Stephen U.",2019-01-11 00:00:00,0.0,Yes
41735-1,"Brown, Helen G.",2019-01-13 00:00:00,0.0,Yes
41765-1,Business Tenant 10,2019-01-14 00:00:00,0.0,No
41779-1,Business Tenant 3,2019-01-15 00:00:00,0.0,No
41796-1,"Baker, Eric V.",2019-01-15 00:00:00,0.0,No
41799-1,Business Tenant 10,2019-01-15 00:00:00,0.0,Yes
41802-1,"Rogers, Brenda N.",2019-01-15 00:00:00,0.0,Yes
41827-1,"Brown, Helen G.",2019-01-16 00:00:00,0.0,Yes
41828-1,Business Tenant 8,2019-01-16 00:00:00,0.0,No
41847-1,Business Tenant 11,2019-01-16 00:00:00,0.0,Yes
41910-1,Business Tenant 10,2019-01-17 00:00:00,0.0,Yes
41974-1,Business Tenant 9,2019-01-21 00:00:00,0.0,Yes
41988-1,Business Tenant 10,2019-01-21 00:00:00,0.0,Yes
42037-1,Business Tenant 5,2019-01-22 00:00:00,0.0,Yes
42066-1,"Anderson, Ashley B.",2019-01-22 00:00:00,0.0,No
42102-1,"Wilson, Donna P.",2019-01-23 00:00:00,0.0,No
42132-1,"Brown, Helen G.",2019-01-24 00:00:00,0.0,Yes
42158-1,Business Tenant 10,2019-01-24 00:00:00,0.0,Yes
42176-1,"Ramos, Heather J.",2019-01-24 00:00:00,0.0,Yes
42195-1,Business Tenant 10,2019-01-25 00:00:00,0.0,Yes
42328-1,Business Tenant 3,2019-01-29 00:00:00,0.0,No
42329-1,Business Tenant 2,2019-01-29 00:00:00,0.0,No
42365-1,Business Tenant 10,2019-01-30 00:00:00,0.0,Yes
42372-1,Business Tenant 10,2019-01-30 00:00:00,0.0,No
42373-1,Business Tenant 2,2019-01-30 00:00:00,0.0,No
42396-1,"Brown, Helen G.",2019-01-30 00:00:00,0.0,Yes
42460-1,Business Tenant 8,2019-01-31 00:00:00,0.0,No
42480-1,"Stewart, Jacob P.",2019-02-01 00:00:00,0.0,No
42491-1,"Martinez, Gregory A.",2019-02-01 00:00:00,0.0,No
42531-1,Business Tenant 8,2019-02-03 00:00:00,0.0,No
42545-1,"Evans, Jacob D.",2019-02-04 00:00:00,0.0,Yes
42575-1,"Campbell, Steven C.",2019-02-04 00:00:00,0.0,No
42713-1,Business Tenant 9,2019-02-07 00:00:00,0.0,Yes
42716-1,Business Tenant 3,2019-02-07 00:00:00,0.0,No
42727-1,"Campbell, Steven C.",2019-02-07 00:00:00,0.0,No
42747-1,"Cooper, Anthony D.",2019-02-07 00:00:00,0.0,No
42776-1,"Cooper, Anthony D.",2019-02-08 00:00:00,0.0,Yes
42831-1,Business Tenant 2,2019-02-11 00:00:00,0.0,No
42892-1,"Roberts, Jack Q.",2019-02-12 00:00:00,0.0,No
42948-1,"Campbell, Steven C.",2019-02-14 00:00:00,0.0,No
42968-1,"Cooper, Anthony D.",2019-02-15 00:00:00,0.0,Yes
42986-1,"Roberts, Jack Q.",2019-02-15 00:00:00,0.0,Yes
43007-1,Business Tenant 9,2019-02-17 00:00:00,0.0,Yes
43040-1,Business Tenant 10,2019-02-18 00:00:00,0.0,Yes
43041-1,Business Tenant 10,2019-02-18 00:00:00,0.0,Yes
43129-1,Business Tenant 9,2019-02-20 00:00:00,0.0,Yes
43177-1,"Scott, Nicole Y.",2019-02-22 00:00:00,0.0,Yes
43178-1,"Hughes, Emily F.",2019-02-22 00:00:00,0.0,No
43191-1,"Anderson, Ashley B.",2019-02-22 00:00:00,0.0,Yes
43193-1,Business Tenant 10,2019-02-22 00:00:00,0.0,Yes
43366-1,"Hughes, Emily F.",2019-02-27 00:00:00,0.0,No
43367-1,"Clark, Evelyn G.",2019-02-27 00:00:00,0.0,No
43439-1,Business Tenant 3,2019-03-01 00:00:00,0.0,No
43465-1,"Harris, Michael F.",2019-03-02 00:00:00,0.0,Yes
43545-1,Business Tenant 32,2019-03-04 00:00:00,0.0,No
43763-1,Business Tenant 10,2019-03-11 00:00:00,0.0,No
43832-1,"Cooper, Jason F.",2019-03-13 00:00:00,0.0,No
43863-1,Business Tenant 9,2019-03-14 00:00:00,0.0,No
43953-1,"Martinez, Gregory A.",2019-03-18 00:00:00,0.0,Yes
43975-1,"Campbell, Raymond C.",2019-03-18 00:00:00,0.0,Yes
43995-1,"Martinez, Gregory A.",2019-03-19 00:00:00,0.0,Yes
44055-1,"Martinez, Gregory A.",2019-03-20 00:00:00,0.0,Yes
44091-1,"Ramos, Heather J.",2019-03-22 00:00:00,0.0,Yes
44127-1,"Evans, Jacob D.",2019-03-23 00:00:00,0.0,Yes
44131-1,"Martinez, Gregory A.",2019-03-23 00:00:00,0.0,Yes
44158-1,Business Tenant 10,2019-03-25 00:00:00,0.0,Yes
44167-1,"Harris, Michael F.",2019-03-25 00:00:00,0.0,Yes
44169-1,Business Tenant 10,2019-03-25 00:00:00,0.0,Yes
44170-1,Business Tenant 10,2019-03-25 00:00:00,0.0,Yes
44224-1,"Ramos, Heather J.",2019-03-26 00:00:00,0.0,Yes
44258-1,Business Tenant 9,2019-03-27 00:00:00,0.0,Yes
44364-1,"Ramirez, Henry H.",2019-04-01 00:00:00,0.0,No
44387-1,"Clark, Evelyn E.",2019-04-01 00:00:00,0.0,Yes
44390-1,Business Tenant 20,2019-04-01 00:00:00,0.0,No
44428-1,Business Tenant 9,2019-04-02 00:00:00,0.0,Yes
44429-1,Business Tenant 9,2019-04-02 00:00:00,0.0,Yes
44436-1,"Clark, Evelyn E.",2019-04-03 00:00:00,0.0,Yes
44437-1,"Martinez, Gregory A.",2019-04-03 00:00:00,0.0,Yes
44439-1,"Ramirez, Henry H.",2019-04-03 00:00:00,0.0,Yes
44460-1,"Ramos, Heather J.",2019-04-03 00:00:00,0.0,Yes
44489-1,"Rogers, Brenda N.",2019-04-04 00:00:00,0.0,Yes
44539-1,"Wright, Tyler N.",2019-04-05 00:00:00,0.0,Yes
44600-1,Business Tenant 10,2019-04-08 00:00:00,0.0,Yes
44606-1,Business Tenant 10,2019-04-08 00:00:00,0.0,Yes
44635-1,"Lee, Paul S.",2019-04-08 00:00:00,0.0,Yes
44654-1,Business Tenant 9,2019-04-09 00:00:00,0.0,Yes
44686-1,"Martinez, Gregory A.",2019-04-10 00:00:00,0.0,Yes
44821-1,"Kelly, Rachel W.",2019-04-11 00:00:00,0.0,Yes
44863-1,"Roberts, Jack Q.",2019-04-12 00:00:00,0.0,Yes
45006-1,Business Tenant 9,2019-04-16 00:00:00,0.0,Yes
45124-1,"Garcia, Stephen U.",2019-04-19 00:00:00,0.0,No
45139-1,"Ramirez, Henry H.",2019-04-19 00:00:00,0.0,No
45207-1,Business Tenant 10,2019-04-22 00:00:00,0.0,Yes
45220-1,"Hughes, Emily F.",2019-04-22 00:00:00,0.0,Yes
45225-1,Business Tenant 10,2019-04-22 00:00:00,0.0,Yes
45298-1,"Wilson, Donna P.",2019-04-23 00:00:00,0.0,Yes
45341-1,Business Tenant 10,2019-04-24 00:00:00,0.0,Yes
45342-1,Business Tenant 10,2019-04-24 00:00:00,0.0,Yes
45367-1,Business Tenant 3,2019-04-25 00:00:00,0.0,No
45380-1,Business Tenant 9,2019-04-25 00:00:00,0.0,Yes
45401-1,Business Tenant 10,2019-04-25 00:00:00,0.0,Yes
45414-1,Business Tenant 10,2019-04-26 00:00:00,0.0,Yes
45493-1,"Mitchell, Kevin H.",2019-04-28 00:00:00,0.0,Yes
45494-1,"Mitchell, Kevin H.",2019-04-28 00:00:00,0.0,Yes
45530-1,"Reed, Maria A.",2019-04-29 00:00:00,0.0,Yes
45566-1,"Martinez, Gregory A.",2019-04-29 00:00:00,0.0,Yes
45603-1,Business Tenant 10,2019-04-30 00:00:00,0.0,Yes
45604-1,Business Tenant 10,2019-04-30 00:00:00,0.0,Yes
45631-1,"Campbell, Steven C.",2019-04-30 00:00:00,0.0,Yes
45640-1,"Brown, Helen G.",2019-05-01 00:00:00,0.0,Yes
45641-1,"Brown, Helen G.",2019-05-01 00:00:00,0.0,Yes
45733-1,"Anderson, Ashley B.",2019-05-02 00:00:00,0.0,No
45735-1,"Mitchell, Kevin H.",2019-05-02 00:00:00,0.0,Yes
45819-1,Business Tenant 9,2019-05-04 00:00:00,0.0,Yes
45822-1,"Mitchell, Kevin H.",2019-05-04 00:00:00,0.0,Yes
45823-1,"Mitchell, Kevin H.",2019-05-04 00:00:00,0.0,Yes
45824-1,Business Tenant 9,2019-05-04 00:00:00,0.0,Yes
45861-1,"Ramos, Heather J.",2019-05-06 00:00:00,0.0,Yes
45879-1,"Reed, Maria A.",2019-05-06 00:00:00,0.0,No
45884-1,Business Tenant 10,2019-05-06 00:00:00,0.0,Yes
45912-1,"Evans, Christina D.",2019-05-06 00:00:00,0.0,No
45914-1,"Williams, Joshua V.",2019-05-06 00:00:00,0.0,No
45917-1,Business Tenant 9,2019-05-06 00:00:00,0.0,Yes
45934-1,Business Tenant 10,2019-05-07 00:00:00,0.0,Yes
45935-1,Business Tenant 10,2019-05-07 00:00:00,0.0,Yes
45969-1,Business Tenant 10,2019-05-08 00:00:00,0.0,Yes
46022-1,"Brown, Helen G.",2019-05-09 00:00:00,0.0,Yes
46023-1,"Brown, Helen G.",2019-05-09 00:00:00,0.0,Yes
46154-1,"Anderson, Matthew B.",2019-05-13 00:00:00,0.0,Yes
46157-1,"Wilson, Donna P.",2019-05-13 00:00:00,0.0,Yes
46190-1,"Martinez, Brian A.",2019-05-13 00:00:00,0.0,Yes
46229-1,"Clark, Evelyn G.",2019-05-14 00:00:00,0.0,No
46248-1,"Wood, Lauren P.",2019-05-14 00:00:00,0.0,No
46249-1,"Moore, Charles S.",2019-05-14 00:00:00,0.0,No
46250-1,Business Tenant 33,2019-05-14 00:00:00,0.0,No
46251-1,"Baker, Eric V.",2019-05-14 00:00:00,0.0,No
46314-1,"Wood, Lauren P.",2019-05-15 00:00:00,0.0,Yes
46361-1,"Baker, Eric V.",2019-05-16 00:00:00,0.0,Yes
46371-1,"Evans, Christina D.",2019-05-16 00:00:00,0.0,Yes
46372-1,"Roberts, Sandra Q.",2019-05-16 00:00:00,0.0,No
46421-1,Business Tenant 11,2019-05-17 00:00:00,0.0,Yes
46531-1,"Green, Amanda M.",2019-05-20 00:00:00,0.0,No
46542-1,"Brown, Helen G.",2019-05-20 00:00:00,0.0,Yes
46586-1,Business Tenant 10,2019-05-21 00:00:00,0.0,Yes
46601-1,"Brown, Helen G.",2019-05-21 00:00:00,0.0,Yes
46604-1,"Martinez, Brian A.",2019-05-21 00:00:00,0.0,Yes
46608-1,"Nguyen, Joseph W.",2019-05-21 00:00:00,0.0,Yes
46609-1,"Ramos, Heather J.",2019-05-21 00:00:00,0.0,Yes
46632-1,Business Tenant 2,2019-05-22 00:00:00,0.0,No
46634-1,Business Tenant 10,2019-05-22 00:00:00,0.0,Yes
46653-1,Business Tenant 10,2019-05-22 00:00:00,0.0,Yes
46721-1,"Martinez, Gregory A.",2019-05-23 00:00:00,0.0,Yes
46741-1,"Hernandez, Elizabeth J.",2019-05-24 00:00:00,0.0,No
46783-1,Business Tenant 9,2019-05-25 00:00:00,0.0,Yes
46790-1,"Campbell, Raymond C.",2019-05-25 00:00:00,0.0,Yes
46909-1,"Kelly, Rachel W.",2019-05-28 00:00:00,0.0,Yes
46926-1,Business Tenant 4,2019-05-28 00:00:00,0.0,No
46927-1,Business Tenant 3,2019-05-28 00:00:00,0.0,No
46964-1,"Harris, Michael F.",2019-05-29 00:00:00,0.0,Yes
46965-1,"Harris, Michael F.",2019-05-29 00:00:00,0.0,Yes
46981-1,Business Tenant 25,2019-05-29 00:00:00,0.0,No
47090-1,Business Tenant 9,2019-05-31 00:00:00,0.0,Yes
47178-1,Business Tenant 9,2019-06-02 00:00:00,0.0,Yes
47208-1,"Wood, Lauren P.",2019-06-03 00:00:00,0.0,Yes
47215-1,"Moore, Charles S.",2019-06-03 00:00:00,0.0,Yes
47238-1,Business Tenant 9,2019-06-03 00:00:00,0.0,Yes
47239-1,Business Tenant 9,2019-06-03 00:00:00,0.0,Yes
47297-1,Business Tenant 3,2019-06-04 00:00:00,0.0,No
47441-1,"Campbell, Raymond C.",2019-06-06 00:00:00,0.0,No
47442-1,"Cook, Elizabeth S.",2019-06-06 00:00:00,0.0,No
47453-1,"Chavez, Charles J.",2019-06-06 00:00:00,0.0,No
47457-1,"Anderson, Matthew B.",2019-06-06 00:00:00,0.0,Yes
47458-1,"Anderson, Matthew B.",2019-06-06 00:00:00,0.0,Yes
47463-1,"Green, George M.",2019-06-06 00:00:00,0.0,Yes
47525-1,Business Tenant 9,2019-06-08 00:00:00,0.0,Yes
47540-1,Business Tenant 9,2019-06-09 00:00:00,0.0,Yes
47547-1,"Campbell, Raymond C.",2019-06-09 00:00:00,0.0,Yes
47556-1,"Brown, Helen G.",2019-06-09 00:00:00,0.0,Yes
47557-1,"Brown, Helen G.",2019-06-09 00:00:00,0.0,Yes
47565-1,"Anderson, Matthew B.",2019-06-10 00:00:00,0.0,Yes
47635-1,"Baker, Eric V.",2019-06-11 00:00:00,0.0,Yes
47857-1,"Brown, Helen G.",2019-06-17 00:00:00,0.0,Yes
47873-1,"Wright, Tyler N.",2019-06-17 00:00:00,0.0,Yes
47880-1,Business Tenant 10,2019-06-17 00:00:00,0.0,Yes
47881-1,"Ramirez, Katherine H.",2019-06-17 00:00:00,0.0,No
47882-1,"White, Deborah G.",2019-06-17 00:00:00,0.0,No
47901-1,"Kelly, Rachel W.",2019-06-17 00:00:00,0.0,Yes
47903-1,"Kelly, Rachel W.",2019-06-17 00:00:00,0.0,Yes
47979-1,"Martinez, Gregory A.",2019-06-19 00:00:00,0.0,Yes
48075-1,Business Tenant 34,2019-06-21 00:00:00,0.0,No
48111-1,Business Tenant 10,2019-06-21 00:00:00,0.0,Yes
48160-1,"Chavez, Charles J.",2019-06-23 00:00:00,0.0,Yes
48161-1,"Chavez, Charles J.",2019-06-23 00:00:00,0.0,Yes
48162-1,"Chavez, Charles J.",2019-06-23 00:00:00,0.0,Yes
48163-1,"Chavez, Charles J.",2019-06-23 00:00:00,0.0,Yes
48165-1,"Campbell, Raymond C.",2019-06-23 00:00:00,0.0,Yes
48186-1,"Ramirez, Henry H.",2019-06-24 00:00:00,0.0,No
48210-1,Business Tenant 10,2019-06-24 00:00:00,0.0,Yes
48245-1,"Lewis, Shirley R.",2019-06-25 00:00:00,0.0,Yes
48291-1,"Reed, Maria A.",2019-06-25 00:00:00,0.0,Yes
48293-1,Business Tenant 9,2019-06-25 00:00:00,0.0,Yes
48460-1,"Martinez, Brian A.",2019-06-28 00:00:00,0.0,Yes
48487-1,Business Tenant 9,2019-06-29 00:00:00,0.0,Yes
48492-1,Business Tenant 9,2019-06-29 00:00:00,0.0,Yes
48493-1,Business Tenant 9,2019-06-29 00:00:00,0.0,Yes
48509-1,"Wright, Tyler N.",2019-06-30 00:00:00,0.0,Yes
48529-1,"Chavez, Charles J.",2019-07-01 00:00:00,0.0,Yes
48585-1,"Wilson, Donna P.",2019-07-01 00:00:00,0.0,Yes
48606-1,Business Tenant 9,2019-07-02 00:00:00,0.0,Yes
48669-1,"Cooper, Jason F.",2019-07-03 00:00:00,0.0,No
48712-1,Business Tenant 9,2019-07-03 00:00:00,0.0,Yes
48870-1,"Lewis, Shirley R.",2019-07-07 00:00:00,0.0,Yes
48895-1,"Adams, Joshua H.",2019-07-08 00:00:00,0.0,No
48901-1,"Nguyen, Joseph W.",2019-07-08 00:00:00,0.0,Yes
48921-1,Business Tenant 25,2019-07-08 00:00:00,0.0,No
48960-1,"Moore, Charles S.",2019-07-08 00:00:00,0.0,Yes
48961-1,"Moore, Charles S.",2019-07-08 00:00:00,0.0,Yes
48971-1,"Lewis, Shirley R.",2019-07-09 00:00:00,0.0,No
49023-1,"Adams, Joshua H.",2019-07-09 00:00:00,0.0,No
49135-1,"Brown, Helen G.",2019-07-11 00:00:00,0.0,No
49196-1,Business Tenant 10,2019-07-12 00:00:00,0.0,Yes
49197-1,Business Tenant 12,2019-07-12 00:00:00,0.0,No
49202-1,"Ramirez, Henry H.",2019-07-12 00:00:00,0.0,No
49240-1,"Kelly, Rachel W.",2019-07-13 00:00:00,0.0,Yes
49241-1,"Kelly, Rachel W.",2019-07-13 00:00:00,0.0,Yes
49244-1,"Campbell, Raymond C.",2019-07-13 00:00:00,0.0,Yes
49294-1,Business Tenant 3,2019-07-15 00:00:00,0.0,No
49295-1,"Clark, Evelyn G.",2019-07-15 00:00:00,0.0,No
49319-1,Business Tenant 14,2019-07-15 00:00:00,0.0,No
49335-1,Business Tenant 10,2019-07-15 00:00:00,0.0,Yes
49337-1,Business Tenant 10,2019-07-15 00:00:00,0.0,Yes
49350-1,"Campbell, Steven C.",2019-07-15 00:00:00,0.0,Yes
49366-1,Business Tenant 30,2019-07-16 00:00:00,0.0,No
49381-1,"Chavez, Charles J.",2019-07-16 00:00:00,0.0,Yes
49393-1,"Martinez, Gregory A.",2019-07-16 00:00:00,0.0,Yes
49421-1,Business Tenant 3,2019-07-17 00:00:00,0.0,No
49465-1,"Williams, Joshua V.",2019-07-17 00:00:00,0.0,Yes
49482-1,"Lee, Paul S.",2019-07-18 00:00:00,0.0,Yes
49490-1,Business Tenant 35,2019-07-18 00:00:00,0.0,No
49517-1,"Brown, Helen G.",2019-07-19 00:00:00,0.0,Yes
49560-1,Business Tenant 9,2019-07-20 00:00:00,0.0,Yes
49564-1,"Mitchell, Kevin H.",2019-07-20 00:00:00,0.0,Yes
49614-1,"Watson, Sandra G.",2019-07-22 00:00:00,0.0,Yes
49618-1,"Mitchell, Kevin H.",2019-07-22 00:00:00,0.0,Yes
49644-1,"Moore, Charles S.",2019-07-22 00:00:00,0.0,Yes
49680-1,"Brown, Lisa G.",2019-07-22 00:00:00,0.0,No
49693-1,Business Tenant 9,2019-07-22 00:00:00,0.0,Yes
49706-1,Business Tenant 9,2019-07-23 00:00:00,0.0,Yes
49790-1,"Green, Amanda M.",2019-07-24 00:00:00,0.0,No
49888-1,Business Tenant 9,2019-07-27 00:00:00,0.0,Yes
49981-1,"Williams, Daniel V.",2019-07-29 00:00:00,0.0,Yes
49996-1,Business Tenant 10,2019-07-29 00:00:00,0.0,Yes
50009-1,"Anderson, Ashley B.",2019-07-29 00:00:00,0.0,Yes
50033-1,Business Tenant 2,2019-07-29 00:00:00,0.0,No
50044-1,"Scott, Nicole Y.",2019-07-29 00:00:00,0.0,Yes
50060-1,"Anderson, Ashley B.",2019-07-30 00:00:00,0.0,No
50066-1,Business Tenant 9,2019-07-30 00:00:00,0.0,Yes
50140-1,"Hughes, Emily F.",2019-07-31 00:00:00,0.0,No
50151-1,Business Tenant 10,2019-07-31 00:00:00,0.0,Yes
50178-1,"Morris, Judith B.",2019-08-01 00:00:00,0.0,No
50200-1,Business Tenant 3,2019-08-01 00:00:00,0.0,No
50327-1,Business Tenant 10,2019-08-04 00:00:00,0.0,Yes
50391-1,"Anderson, Matthew B.",2019-08-05 00:00:00,0.0,No
50430-1,Business Tenant 9,2019-08-05 00:00:00,0.0,Yes
50453-1,"Peterson, Ronald C.",2019-08-06 00:00:00,0.0,Yes
50457-1,"Peterson, Ronald C.",2019-08-06 00:00:00,0.0,Yes
50505-1,"Williams, Joshua V.",2019-08-06 00:00:00,0.0,Yes
50557-1,"Moore, Charles S.",2019-08-07 00:00:00,0.0,Yes
50578-1,Business Tenant 10,2019-08-08 00:00:00,0.0,Yes
50587-1,Business Tenant 10,2019-08-08 00:00:00,0.0,No
50598-1,"Evans, Christina D.",2019-08-08 00:00:00,0.0,No
50672-1,Business Tenant 9,2019-08-10 00:00:00,0.0,Yes
50673-1,"Cook, Elizabeth S.",2019-08-10 00:00:00,0.0,Yes
50675-1,"Cook, Elizabeth S.",2019-08-10 00:00:00,0.0,Yes
50676-1,"Cook, Elizabeth S.",2019-08-10 00:00:00,0.0,Yes
50694-1,"Williams, Joshua V.",2019-08-11 00:00:00,0.0,No
50697-1,"Ramos, Mark J.",2019-08-11 00:00:00,0.0,Yes
50731-1,"Chavez, Charles J.",2019-08-12 00:00:00,0.0,No
50945-1,Business Tenant 4,2019-08-16 00:00:00,0.0,No
50946-1,"Ruiz, Amanda D.",2019-08-16 00:00:00,0.0,No
51032-1,"Ruiz, Amanda D.",2019-08-18 00:00:00,0.0,Yes
51114-1,"Lewis, Shirley R.",2019-08-19 00:00:00,0.0,Yes
51131-1,Business Tenant 26,2019-08-20 00:00:00,0.0,No
51133-1,Business Tenant 9,2019-08-20 00:00:00,0.0,No
51165-1,"Morris, Judith B.",2019-08-20 00:00:00,0.0,Yes
51172-1,Business Tenant 10,2019-08-20 00:00:00,0.0,Yes
51200-1,"Ramos, Mark J.",2019-08-21 00:00:00,0.0,Yes
51241-1,"Gutierrez, Thomas K.",2019-08-21 00:00:00,0.0,Yes
51315-1,Business Tenant 13,2019-08-23 00:00:00,0.0,No
51330-1,"Garcia, Ronald S.",2019-08-23 00:00:00,0.0,No
51387-1,Business Tenant 10,2019-08-25 00:00:00,0.0,Yes
51392-1,Business Tenant 10,2019-08-25 00:00:00,0.0,Yes
51419-1,"Morris, Judith B.",2019-08-26 00:00:00,0.0,Yes
51435-1,"Morgan, Joseph G.",2019-08-26 00:00:00,0.0,No
51473-1,"Cook, Elizabeth S.",2019-08-26 00:00:00,0.0,No
51480-1,Business Tenant 10,2019-08-26 00:00:00,0.0,Yes
51515-1,Business Tenant 10,2019-08-27 00:00:00,0.0,Yes
51550-1,Business Tenant 3,2019-08-27 00:00:00,0.0,No
51577-1,"Ruiz, Amanda D.",2019-08-28 00:00:00,0.0,No
51583-1,Business Tenant 4,2019-08-28 00:00:00,0.0,No
51593-1,Business Tenant 3,2019-08-28 00:00:00,0.0,No
51674-1,"Morgan, Joseph G.",2019-08-30 00:00:00,0.0,No
51678-1,"Morris, Judith B.",2019-08-30 00:00:00,0.0,No
51755-1,Business Tenant 9,2019-09-01 00:00:00,0.0,Yes
51789-1,"Garcia, Ronald S.",2019-09-02 00:00:00,0.0,Yes
51932-1,Business Tenant 4,2019-09-04 00:00:00,0.0,No
52007-1,"Hughes, Emily F.",2019-09-05 00:00:00,0.0,Yes
52023-1,"Nguyen, Joseph W.",2019-09-06 00:00:00,0.0,Yes
52111-1,"Brown, Lisa G.",2019-09-09 00:00:00,0.0,Yes
52116-1,"Clark, Evelyn E.",2019-09-09 00:00:00,0.0,No
52212-1,"Williams, Joshua V.",2019-09-10 00:00:00,0.0,No
52246-1,Business Tenant 9,2019-09-11 00:00:00,0.0,Yes
52250-1,Business Tenant 10,2019-09-11 00:00:00,0.0,Yes
52274-1,Business Tenant 10,2019-09-11 00:00:00,0.0,Yes
52333-1,"Reed, Maria A.",2019-09-13 00:00:00,0.0,Yes
52344-1,Business Tenant 10,2019-09-13 00:00:00,0.0,Yes
52345-1,Business Tenant 10,2019-09-13 00:00:00,0.0,Yes
52370-1,"Garcia, Ronald S.",2019-09-14 00:00:00,0.0,Yes
52384-1,Business Tenant 9,2019-09-14 00:00:00,0.0,Yes
52385-1,Business Tenant 9,2019-09-14 00:00:00,0.0,Yes
52393-1,Business Tenant 9,2019-09-14 00:00:00,0.0,Yes
52404-1,"Garcia, Ronald S.",2019-09-15 00:00:00,0.0,Yes
52410-1,Business Tenant 9,2019-09-15 00:00:00,0.0,Yes
52413-1,Business Tenant 9,2019-09-15 00:00:00,0.0,Yes
52433-1,"Green, Amanda M.",2019-09-16 00:00:00,0.0,No
52437-1,"Williams, Joshua V.",2019-09-16 00:00:00,0.0,No
52466-1,"Evans, Jacob D.",2019-09-16 00:00:00,0.0,Yes
52466-2,"Evans, Jacob D.",2019-09-17 00:00:00,0.0,No
52528-2,"Hernandez, Victoria J.",2019-09-18 00:00:00,0.0,No
52552-1,Business Tenant 9,2019-09-18 00:00:00,0.0,Yes
52609-1,"Clark, Evelyn E.",2019-09-19 00:00:00,0.0,No
61584-1,"Kelly, Rachel W.",2019-09-20 00:00:00,0.0,Yes
61585-1,"Kelly, Rachel W.",2019-09-20 00:00:00,0.0,Yes
132035-1,"Lopez, Rebecca V.",2025-02-18 00:00:00,0.0,Yes
132060-1,"Smith, Stephanie P.",2025-02-18 00:00:00,0.0,Yes
132189-1,"Ward, Richard L.",2025-02-19 00:00:00,0.0,Yes
132297-1,"Campbell, Larry Q.",2025-02-21 00:00:00,0.0,Yes
132340-1,"Johnson, Rachel J.",2025-02-22 00:00:00,0.0,Yes
132382-1,"Bennett, James J.",2025-02-24 00:00:00,0.0,Yes
132393-1,"Mitchell, Barbara K.",2025-02-24 00:00:00,0.0,No
132395-1,"Morgan, Sharon L.",2025-02-24 00:00:00,0.0,No
132528-1,"Ruiz, Amanda K.",2025-02-26 00:00:00,0.0,No
132822-1,"Hall, Kimberly F.",2025-03-04 00:00:00,0.0,Yes
121006-1,"Miller, Eric F.",2024-06-26 00:00:00,0.0,Yes
122563-1,"Taylor, Susan Q.",2024-07-31 00:00:00,0.0,Yes
123121-1,"Taylor, Susan Q.",2024-08-12 00:00:00,0.0,Yes
124164-1,"Campbell, Larry G.",2024-09-04 00:00:00,0.0,Yes
125043-1,"Miller, Eric F.",2024-09-24 00:00:00,0.0,No
125721-1,"Campbell, Larry G.",2024-10-08 00:00:00,0.0,Yes
125864-1,"Cuevas Bermudez, Daniel H.",2024-10-11 00:00:00,0.0,Yes
148279-4,"Ortiz, Peter E.",2026-01-21 00:00:00,0.0,No
148279-5,"Ortiz, Peter E.",2026-01-21 00:00:00,0.0,No
148279-6,"Ortiz, Peter E.",2026-01-21 00:00:00,0.0,No
149335-1,"Nguyen, Joseph E.",2026-02-01 00:00:00,0.0,Yes
150543-1,"Nguyen, Joseph E.",2026-02-15 00:00:00,0.0,Yes
151144-1,"Bravo Serrano, Andrew P.",2026-02-23 00:00:00,0.0,Yes
151273-1,"Reyes, Kevin F.",2026-02-24 00:00:00,0.0,Yes
159531-1,"Salinas Cortes, Katherine R.",2026-05-26 00:00:00,0.0,No
161371-1,"Walker, Eric R.",2026-06-11 00:00:00,0.0,No
159527-4,"Anderson, Margaret F.",2026-06-17 00:00:00,0.0,No
162930-1,"Wilson, Karen T.",2026-06-26 00:00:00,0.0,No
162930-3,"Wilson, Karen T.",2026-06-26 00:00:00,0.0,No
162931-1,"Richardson, Ronald W.",2026-06-26 00:00:00,0.0,No
163570-1,"Chavez, Charles Q.",2026-07-02 00:00:00,0.0,No
165137-1,"Bailey, Kyle S.",2026-07-16 00:00:00,0.0,No
165133-1,"Gonzalez, Sarah Y.",2026-07-16 00:00:00,0.0,No
146963-1,"Roberts, Edward U.",2025-12-27 00:00:00,0.0,No
150955-1,"Taylor, Susan Q.",2026-02-19 00:00:00,0.0,Yes
151471-1,"Ruiz, Amanda K.",2026-02-26 00:00:00,0.0,No
151471-3,"Ruiz, Amanda K.",2026-02-26 00:00:00,0.0,No
151471-5,"Ruiz, Amanda K.",2026-02-26 00:00:00,0.0,No
151471-6,"Ruiz, Amanda K.",2026-02-26 00:00:00,0.0,No
151524-1,"Ramos, Maria L.",2026-02-26 00:00:00,0.0,Yes
151887-1,"Gonzalez, Barbara V.",2026-03-03 00:00:00,0.0,Yes
151915-1,"Bailey, Kyle S.",2026-03-04 00:00:00,0.0,Yes
152041-1,"Robinson, Evelyn C.",2026-03-05 00:00:00,0.0,No
152041-3,"Robinson, Evelyn C.",2026-03-05 00:00:00,0.0,No
152041-4,"Robinson, Evelyn C.",2026-03-05 00:00:00,0.0,No
152041-5,"Robinson, Evelyn C.",2026-03-05 00:00:00,0.0,No
152058-1,"Smith, Stephanie P.",2026-03-05 00:00:00,0.0,No
152058-2,"Smith, Stephanie P.",2026-03-05 00:00:00,0.0,No
152058-3,"Smith, Stephanie P.",2026-03-05 00:00:00,0.0,No
152160-1,"Torres, Thomas H.",2026-03-06 00:00:00,0.0,No
152160-3,"Torres, Thomas H.",2026-03-06 00:00:00,0.0,No
152273-1,"Vargas Osorio, Scott M.",2026-03-08 00:00:00,0.0,Yes
152363-1,"Morgan, Jessica N.",2026-03-09 00:00:00,0.0,Yes
152473-1,"Stewart, Christina Y.",2026-03-10 00:00:00,0.0,No
152684-1,"Hughes, Donna M.",2026-03-12 00:00:00,0.0,Yes
152160-4,"Torres, Thomas H.",2026-03-12 00:00:00,0.0,No
152773-1,"Turner, Kelly U.",2026-03-13 00:00:00,0.0,Yes
152789-1,"Diaz, Jerry T.",2026-03-13 00:00:00,0.0,Yes
152796-1,"Taylor, Susan Q.",2026-03-13 00:00:00,0.0,Yes
152803-1,"Sanchez, Deborah C.",2026-03-13 00:00:00,0.0,No
152811-1,"Ramos, Maria L.",2026-03-13 00:00:00,0.0,Yes
152844-1,"Brooks, Kathleen D.",2026-03-14 00:00:00,0.0,Yes
152852-1,"Bennett, James J.",2026-03-14 00:00:00,0.0,Yes
152979-1,"Wilson, Karen T.",2026-03-16 00:00:00,0.0,Yes
153010-1,"Cooper, Anthony K.",2026-03-16 00:00:00,0.0,Yes
153017-1,"Baker, Pamela B.",2026-03-16 00:00:00,0.0,Yes
153104-1,"Sanchez, Deborah C.",2026-03-17 00:00:00,0.0,Yes
153246-1,"Bennett, James J.",2026-03-18 00:00:00,0.0,Yes
153373-1,"Johnson, Brandon N.",2026-03-20 00:00:00,0.0,Yes
153374-1,"Bennett, James J.",2026-03-20 00:00:00,0.0,No
153405-1,"Thompson, Jeffrey P.",2026-03-20 00:00:00,0.0,Yes
153444-1,"Mendoza, Stephanie B.",2026-03-21 00:00:00,0.0,Yes
153447-1,"Wright, Jennifer A.",2026-03-21 00:00:00,0.0,Yes
153460-1,"Wood, Betty V.",2026-03-22 00:00:00,0.0,Yes
153554-1,"White, Mary L.",2026-03-23 00:00:00,0.0,Yes
153559-1,"Bennett, James J.",2026-03-23 00:00:00,0.0,Yes
153668-1,"Morris, Judith B.",2026-03-24 00:00:00,0.0,No
153702-1,"Morris, Judith B.",2026-03-25 00:00:00,0.0,No
153752-2,"Taylor, Susan Q.",2026-03-25 00:00:00,0.0,No
153752-3,"Taylor, Susan Q.",2026-03-25 00:00:00,0.0,No
153752-4,"Taylor, Susan Q.",2026-03-25 00:00:00,0.0,No
153759-1,"Young, Tyler J.",2026-03-25 00:00:00,0.0,No
153786-1,"Ramos, Heather Q.",2026-03-25 00:00:00,0.0,Yes
153752-5,"Taylor, Susan Q.",2026-03-26 00:00:00,0.0,No
153751-2,"Howard, Alexander D.",2026-03-26 00:00:00,0.0,No
153870-1,"Turner, Kelly U.",2026-03-26 00:00:00,0.0,No
153914-1,"Ward, Kelly J.",2026-03-26 00:00:00,0.0,Yes
153937-1,"Morgan, Sharon L.",2026-03-27 00:00:00,0.0,Yes
154061-1,"Gonzalez, Barbara V.",2026-03-29 00:00:00,0.0,Yes
154247-1,"Hernandez, Elizabeth Q.",2026-03-31 00:00:00,0.0,No
154319-1,"Mitchell, Amy P.",2026-04-01 00:00:00,0.0,Yes
154335-1,"Wilson, Karen T.",2026-04-01 00:00:00,0.0,No
154337-1,"Harris, Walter K.",2026-04-01 00:00:00,0.0,No
154363-1,"White, Dennis J.",2026-04-01 00:00:00,0.0,No
153753-2,"Lopez, Rebecca V.",2026-04-02 00:00:00,0.0,No
154457-1,"Cruz, Dorothy J.",2026-04-02 00:00:00,0.0,No
154469-1,"Wilson, Megan V.",2026-04-02 00:00:00,0.0,No
154539-1,"Brooks, Kathleen D.",2026-04-03 00:00:00,0.0,Yes
154541-1,"Hernandez, Elizabeth Q.",2026-04-03 00:00:00,0.0,Yes
154608-1,"Morris, Benjamin H.",2026-04-03 00:00:00,0.0,No
154658-1,"Rodriguez, Robert C.",2026-04-04 00:00:00,0.0,Yes
154688-1,"Howard, Ryan F.",2026-04-05 00:00:00,0.0,Yes
154689-1,"Howard, Ryan F.",2026-04-05 00:00:00,0.0,Yes
154690-1,"Howard, Ryan F.",2026-04-05 00:00:00,0.0,Yes
154691-1,"Howard, Ryan F.",2026-04-05 00:00:00,0.0,Yes
154692-1,"Howard, Ryan F.",2026-04-05 00:00:00,0.0,Yes
154734-1,"Turner, Kelly U.",2026-04-06 00:00:00,0.0,Yes
154765-1,"Bennett, James J.",2026-04-06 00:00:00,0.0,Yes
154792-1,"Bravo Serrano, Andrew P.",2026-04-06 00:00:00,0.0,Yes
154854-1,"Howard, Ryan F.",2026-04-07 00:00:00,0.0,Yes
154855-1,"Howard, Ryan F.",2026-04-07 00:00:00,0.0,Yes
154858-1,Business Tenant 11,2026-04-07 00:00:00,0.0,Yes
154859-1,"Ramirez, Joan M.",2026-04-07 00:00:00,0.0,Yes
154894-1,"Ward, Kelly J.",2026-04-07 00:00:00,0.0,No
154894-3,"Ward, Kelly J.",2026-04-07 00:00:00,0.0,No
153753-3,"Lopez, Rebecca V.",2026-04-07 00:00:00,0.0,No
155006-1,"Kim, Kenneth J.",2026-04-08 00:00:00,0.0,Yes
155030-1,"Ramos, Mark J.",2026-04-08 00:00:00,0.0,Yes
155091-1,"Sanchez, Deborah C.",2026-04-09 00:00:00,0.0,Yes
155100-1,Business Tenant 11,2026-04-09 00:00:00,0.0,Yes
155166-1,"Ramos, Mark J.",2026-04-09 00:00:00,0.0,Yes
155229-1,"Wood, Betty V.",2026-04-10 00:00:00,0.0,Yes
155248-1,"Wilson, Donna P.",2026-04-10 00:00:00,0.0,Yes
155254-1,"Kim, Kenneth J.",2026-04-10 00:00:00,0.0,No
155283-1,"Jackson, Patricia U.",2026-04-10 00:00:00,0.0,No
155284-1,"Reed, Mark G.",2026-04-10 00:00:00,0.0,No
155362-1,"Hughes, Donna M.",2026-04-12 00:00:00,0.0,Yes
155432-1,"Diaz, Michael P.",2026-04-13 00:00:00,0.0,Yes
155463-1,"Adams, Debra K.",2026-04-13 00:00:00,0.0,Yes
155464-1,"Adams, Debra K.",2026-04-13 00:00:00,0.0,Yes
155477-1,"Wood, Betty V.",2026-04-13 00:00:00,0.0,Yes
155497-1,"Wood, Betty V.",2026-04-14 00:00:00,0.0,Yes
155536-1,"Bravo Serrano, Andrew P.",2026-04-14 00:00:00,0.0,Yes
155548-1,"Cooper, Jose H.",2026-04-14 00:00:00,0.0,Yes
155560-1,"Mitchell, Amy P.",2026-04-14 00:00:00,0.0,Yes
155563-1,"Mitchell, Amy P.",2026-04-14 00:00:00,0.0,Yes
155589-1,"Murphy, Michael B.",2026-04-14 00:00:00,0.0,No
155623-1,"Wood, Betty V.",2026-04-14 00:00:00,0.0,Yes
155634-1,"Wood, Betty V.",2026-04-15 00:00:00,0.0,Yes
154894-5,"Ward, Kelly J.",2026-04-15 00:00:00,0.0,No
155696-1,"Collins, Zachary Q.",2026-04-15 00:00:00,0.0,No
155732-1,"Bennett, James J.",2026-04-15 00:00:00,0.0,No
155816-1,"Hernandez, William L.",2026-04-16 00:00:00,0.0,Yes
155959-1,"Mendoza, Ashley Y.",2026-04-17 00:00:00,0.0,No
155968-1,"Ramos, Maria L.",2026-04-17 00:00:00,0.0,Yes
155991-1,"Kim, Kenneth J.",2026-04-17 00:00:00,0.0,Yes
156019-1,"Wood, Betty V.",2026-04-17 00:00:00,0.0,Yes
156094-1,"Thompson, Adam R.",2026-04-19 00:00:00,0.0,Yes
156138-1,"Wright, Jennifer A.",2026-04-20 00:00:00,0.0,No
156138-3,"Wright, Jennifer A.",2026-04-20 00:00:00,0.0,No
156202-1,"Collins, Zachary Q.",2026-04-20 00:00:00,0.0,No
156290-1,"Cooper, Jose H.",2026-04-21 00:00:00,0.0,Yes
156306-1,"Cifuentes Roa, Cynthia K.",2026-04-21 00:00:00,0.0,Yes
156310-1,"Brooks, Kathleen D.",2026-04-21 00:00:00,0.0,Yes
156319-1,"Collins, Zachary Q.",2026-04-21 00:00:00,0.0,No
156431-1,"Martinez, Gregory G.",2026-04-22 00:00:00,0.0,Yes
156465-1,"Mitchell, Amy P.",2026-04-22 00:00:00,0.0,Yes
156513-1,"Cifuentes Roa, Cynthia K.",2026-04-23 00:00:00,0.0,Yes
156588-1,"Cifuentes Roa, Cynthia K.",2026-04-24 00:00:00,0.0,Yes
156679-1,"Phillips, Nicole V.",2026-04-24 00:00:00,0.0,No
156689-1,"Thompson, Adam R.",2026-04-24 00:00:00,0.0,Yes
156705-1,"Cifuentes Roa, Cynthia K.",2026-04-25 00:00:00,0.0,Yes
156730-1,"Morris, Benjamin H.",2026-04-25 00:00:00,0.0,Yes
156740-1,"Sanchez, Deborah C.",2026-04-26 00:00:00,0.0,Yes
156742-1,"Baker, Pamela B.",2026-04-26 00:00:00,0.0,Yes
156898-1,"Sanchez, Deborah C.",2026-04-28 00:00:00,0.0,Yes
156984-1,"Thompson, Adam R.",2026-04-28 00:00:00,0.0,No
157026-1,"Cox, Steven W.",2026-04-28 00:00:00,0.0,Yes
157049-1,"Rodriguez, Kenneth G.",2026-04-29 00:00:00,0.0,Yes
157052-1,"Ramos, Mark J.",2026-04-29 00:00:00,0.0,Yes
157118-1,"Ramos, Mark J.",2026-04-29 00:00:00,0.0,Yes
157191-1,"Cifuentes Roa, Cynthia K.",2026-04-30 00:00:00,0.0,Yes
157285-1,"Ramos, Mark J.",2026-04-30 00:00:00,0.0,Yes
157314-1,"Richardson, Stephen Q.",2026-05-01 00:00:00,0.0,Yes
157329-1,"Stewart, Justin T.",2026-05-01 00:00:00,0.0,Yes
157352-1,"Murphy, Melissa D.",2026-05-01 00:00:00,0.0,No
157402-1,"Diaz, Walter V.",2026-05-01 00:00:00,0.0,Yes
157404-1,"Ramirez, Joan M.",2026-05-01 00:00:00,0.0,Yes
157412-1,"Ramos, Heather Q.",2026-05-01 00:00:00,0.0,Yes
157415-1,"Taylor, Larry S.",2026-05-02 00:00:00,0.0,Yes
157416-1,"Lopez, Joan Y.",2026-05-02 00:00:00,0.0,Yes
157438-1,"Morgan, Jessica N.",2026-05-02 00:00:00,0.0,No
157441-1,"Brown, Helen G.",2026-05-02 00:00:00,0.0,Yes
157442-1,"Torres, Thomas H.",2026-05-02 00:00:00,0.0,Yes
157444-1,"Cooper, Anthony K.",2026-05-02 00:00:00,0.0,Yes
157445-1,"Cooper, Anthony K.",2026-05-02 00:00:00,0.0,Yes
157452-1,"Martinez, Gregory G.",2026-05-03 00:00:00,0.0,Yes
157500-1,"Cifuentes Roa, Cynthia K.",2026-05-04 00:00:00,0.0,Yes
157502-1,"Bennett, Tyler L.",2026-05-04 00:00:00,0.0,Yes
157503-1,"Bennett, Tyler L.",2026-05-04 00:00:00,0.0,Yes
157504-1,"Bennett, Tyler L.",2026-05-04 00:00:00,0.0,Yes
157505-1,"Bennett, Tyler L.",2026-05-04 00:00:00,0.0,Yes
157506-1,"Stewart, Justin T.",2026-05-04 00:00:00,0.0,Yes
157507-1,"Stewart, Justin T.",2026-05-04 00:00:00,0.0,Yes
157538-1,"Diaz, Walter V.",2026-05-04 00:00:00,0.0,Yes
157549-1,"Wilson, Donna P.",2026-05-04 00:00:00,0.0,Yes
157569-1,"Cooper, Anthony K.",2026-05-04 00:00:00,0.0,Yes
157618-1,"Martinez, Gregory G.",2026-05-05 00:00:00,0.0,Yes
157667-1,"Sanchez, Deborah C.",2026-05-05 00:00:00,0.0,Yes
156019-2,"Wood, Betty V.",2026-05-05 00:00:00,0.0,No
157705-1,"Diaz, Michael P.",2026-05-05 00:00:00,0.0,Yes
157724-1,"Ramirez, Katherine P.",2026-05-06 00:00:00,0.0,Yes
157729-1,"Ramirez, Katherine P.",2026-05-06 00:00:00,0.0,Yes
157734-1,"Ramirez, Katherine P.",2026-05-06 00:00:00,0.0,Yes
157744-1,"Brooks, Kathleen D.",2026-05-06 00:00:00,0.0,Yes
157745-1,"Ramirez, Joan M.",2026-05-06 00:00:00,0.0,Yes
157816-1,"Cifuentes Roa, Cynthia K.",2026-05-06 00:00:00,0.0,Yes
157823-1,"Martinez, Gregory G.",2026-05-06 00:00:00,0.0,Yes
157910-1,"Ortiz, Jack A.",2026-05-07 00:00:00,0.0,No
157950-1,"Cifuentes Roa, Cynthia K.",2026-05-07 00:00:00,0.0,Yes
157981-1,"Ortiz, Peter E.",2026-05-08 00:00:00,0.0,Yes
158033-1,"Murphy, Michael B.",2026-05-08 00:00:00,0.0,No
158062-1,"Mendoza, Stephanie B.",2026-05-08 00:00:00,0.0,Yes
158188-1,"Lewis, Nathan Y.",2026-05-11 00:00:00,0.0,No
158196-1,"Baker, Pamela B.",2026-05-11 00:00:00,0.0,Yes
158230-1,"Wood, Betty V.",2026-05-12 00:00:00,0.0,Yes
158290-1,"Ward, Richard L.",2026-05-12 00:00:00,0.0,Yes
158394-1,"Gutierrez, Laura P.",2026-05-13 00:00:00,0.0,No
158394-3,"Gutierrez, Laura P.",2026-05-13 00:00:00,0.0,No
158505-1,"Bennett, Tyler L.",2026-05-14 00:00:00,0.0,Yes
158572-1,"Davis, Daniel T.",2026-05-14 00:00:00,0.0,No
158623-1,"Anderson, Margaret F.",2026-05-14 00:00:00,0.0,Yes
158759-1,"Lewis, Nathan Y.",2026-05-16 00:00:00,0.0,Yes
158816-1,"Harris, Melissa F.",2026-05-17 00:00:00,0.0,Yes
158829-1,"Adams, Debra K.",2026-05-17 00:00:00,0.0,Yes
158846-1,"Walker, Eric R.",2026-05-17 00:00:00,0.0,Yes
158895-1,"Diaz, Jerry T.",2026-05-18 00:00:00,0.0,Yes
159019-1,"Walker, Eric R.",2026-05-19 00:00:00,0.0,Yes
159072-1,"Walker, Eric R.",2026-05-19 00:00:00,0.0,Yes
159087-1,"Gonzalez, Sarah Y.",2026-05-20 00:00:00,0.0,No
159125-1,"Harris, Melissa F.",2026-05-20 00:00:00,0.0,Yes
159137-1,"Taylor, Larry S.",2026-05-20 00:00:00,0.0,No
159148-1,"Bennett, Tyler L.",2026-05-20 00:00:00,0.0,No
159174-1,"Lewis, Nathan Y.",2026-05-20 00:00:00,0.0,No
159182-1,"Wright, James U.",2026-05-20 00:00:00,0.0,No
159289-1,"Edwards, Samuel A.",2026-05-21 00:00:00,0.0,No
159394-1,"Wright, James U.",2026-05-22 00:00:00,0.0,No
159531-3,"Salinas Cortes, Katherine R.",2026-05-26 00:00:00,0.0,No
159532-1,"Mendoza, Ashley Y.",2026-05-26 00:00:00,0.0,No
159532-3,"Mendoza, Ashley Y.",2026-05-26 00:00:00,0.0,No
159583-1,"Nelson, Anthony Y.",2026-05-26 00:00:00,0.0,No
159603-1,"Kelly, Timothy E.",2026-05-26 00:00:00,0.0,No
159688-1,"Morales, Douglas C.",2026-05-27 00:00:00,0.0,No
159691-1,"Adams, Debra K.",2026-05-27 00:00:00,0.0,No
159695-1,"Reed, Mark G.",2026-05-27 00:00:00,0.0,Yes
159696-1,"Reed, Mark G.",2026-05-27 00:00:00,0.0,Yes
159710-1,"Morales, Douglas C.",2026-05-27 00:00:00,0.0,No
159734-1,"Walker, Carol T.",2026-05-27 00:00:00,0.0,Yes
159816-1,"Martinez, Gregory G.",2026-05-28 00:00:00,0.0,Yes
159852-1,"Diaz, Walter V.",2026-05-28 00:00:00,0.0,No
159948-1,"Wood, Betty V.",2026-05-29 00:00:00,0.0,Yes
160081-1,"Hernandez, Elizabeth Q.",2026-05-29 00:00:00,0.0,Yes
160114-1,"Wood, Betty V.",2026-05-30 00:00:00,0.0,Yes
160157-1,"Richardson, Ronald W.",2026-05-30 00:00:00,0.0,Yes
160202-1,"Lewis, Nathan Y.",2026-05-31 00:00:00,0.0,Yes
160203-1,"Lewis, Nathan Y.",2026-05-31 00:00:00,0.0,Yes
160217-1,"Collins, Brian L.",2026-06-01 00:00:00,0.0,Yes
160257-1,"Morales, Douglas C.",2026-06-01 00:00:00,0.0,No
160334-1,"Williams, Scott B.",2026-06-01 00:00:00,0.0,Yes
160335-1,"Nguyen, Joseph E.",2026-06-01 00:00:00,0.0,Yes
160338-1,"Cooper, Jose H.",2026-06-01 00:00:00,0.0,Yes
160379-1,"Peterson, Donald J.",2026-06-02 00:00:00,0.0,No
160404-1,"Edwards, Samuel A.",2026-06-02 00:00:00,0.0,No
160424-1,"Ortiz, Jack A.",2026-06-02 00:00:00,0.0,No
160429-1,"Wright, James U.",2026-06-02 00:00:00,0.0,No
159087-2,"Gonzalez, Sarah Y.",2026-06-02 00:00:00,0.0,No
160447-1,"Peterson, Donald J.",2026-06-02 00:00:00,0.0,Yes
160451-1,"Edwards, Samuel A.",2026-06-02 00:00:00,0.0,No
160454-1,"Wood, Betty V.",2026-06-02 00:00:00,0.0,Yes
160497-1,"Cifuentes Roa, Cynthia K.",2026-06-03 00:00:00,0.0,No
160563-1,"Nguyen, Joseph E.",2026-06-03 00:00:00,0.0,Yes
160578-1,"Young, Jennifer C.",2026-06-03 00:00:00,0.0,Yes
160602-1,"Morales, Douglas C.",2026-06-04 00:00:00,0.0,Yes
160722-1,"Peterson, Donald J.",2026-06-04 00:00:00,0.0,Yes
158033-2,"Murphy, Michael B.",2026-06-05 00:00:00,0.0,No
160765-1,"Gonzalez, Sarah Y.",2026-06-05 00:00:00,0.0,Yes
160895-1,"Thompson, Adam R.",2026-06-06 00:00:00,0.0,Yes
160917-1,"Cox, Steven W.",2026-06-07 00:00:00,0.0,Yes
160932-1,"Williams, Scott B.",2026-06-07 00:00:00,0.0,Yes
160942-1,"Walker, Carol T.",2026-06-07 00:00:00,0.0,Yes
160951-1,"Richardson, Ronald W.",2026-06-07 00:00:00,0.0,Yes
160968-1,"Ramos, Heather Q.",2026-06-08 00:00:00,0.0,Yes
160989-1,"Wilson, Donna P.",2026-06-08 00:00:00,0.0,Yes
161078-1,"Ramos, Heather Q.",2026-06-08 00:00:00,0.0,Yes
161109-1,"Lewis, Nathan Y.",2026-06-09 00:00:00,0.0,Yes
161152-1,"Ortiz, Edward G.",2026-06-09 00:00:00,0.0,Yes
161214-1,"Moore, Christopher A.",2026-06-09 00:00:00,0.0,Yes
161264-1,"Bennett, James J.",2026-06-10 00:00:00,0.0,No
161299-1,"Murphy, Melissa D.",2026-06-10 00:00:00,0.0,No
159182-2,"Wright, James U.",2026-06-10 00:00:00,0.0,No
161324-1,"Ortiz, Edward G.",2026-06-10 00:00:00,0.0,Yes
161328-1,"Peterson, Donald J.",2026-06-10 00:00:00,0.0,Yes
161334-1,"Harris, Melissa F.",2026-06-10 00:00:00,0.0,Yes
161362-1,"Adams, Debra K.",2026-06-11 00:00:00,0.0,Yes
161402-1,"Davis, Daniel T.",2026-06-11 00:00:00,0.0,No
161473-1,"Flores, Kenneth L.",2026-06-11 00:00:00,0.0,Yes
161508-1,"Sanchez, Deborah C.",2026-06-12 00:00:00,0.0,Yes
161552-1,"Morgan, Sharon L.",2026-06-12 00:00:00,0.0,No
161553-1,"Ramos, Mark J.",2026-06-12 00:00:00,0.0,Yes
161735-1,"Cox, Steven W.",2026-06-15 00:00:00,0.0,Yes
161799-1,"Ward, Richard L.",2026-06-15 00:00:00,0.0,Yes
161800-1,"Brown, Helen G.",2026-06-15 00:00:00,0.0,Yes
161871-1,"Diaz, Walter V.",2026-06-16 00:00:00,0.0,No
161913-1,"Green, George T.",2026-06-16 00:00:00,0.0,No
161927-1,"Diaz, Michael P.",2026-06-16 00:00:00,0.0,No
161983-1,"Baker, Pamela B.",2026-06-16 00:00:00,0.0,Yes
162045-1,"Diaz, Walter V.",2026-06-17 00:00:00,0.0,No
162173-1,"Wright, James U.",2026-06-18 00:00:00,0.0,No
162193-1,"Anderson, Matthew H.",2026-06-18 00:00:00,0.0,Yes
162195-1,"Anderson, Matthew H.",2026-06-18 00:00:00,0.0,Yes
162198-1,"Harris, Melissa F.",2026-06-18 00:00:00,0.0,No
162314-1,"Torres, Laura D.",2026-06-21 00:00:00,0.0,Yes
162317-1,"White, Dennis J.",2026-06-21 00:00:00,0.0,Yes
162442-1,"White, Mary L.",2026-06-22 00:00:00,0.0,Yes
162470-1,"White, Dennis J.",2026-06-23 00:00:00,0.0,Yes
162504-1,"Ward, Richard L.",2026-06-23 00:00:00,0.0,No
162628-1,"Morales, Douglas C.",2026-06-24 00:00:00,0.0,Yes
162629-1,"Morales, Douglas C.",2026-06-24 00:00:00,0.0,Yes
162722-1,"Jackson, Sharon W.",2026-06-24 00:00:00,0.0,Yes
162893-1,"Wilson, Emily R.",2026-06-25 00:00:00,0.0,Yes
162931-3,"Richardson, Ronald W.",2026-06-26 00:00:00,0.0,No
162952-1,"Gomez, Joyce W.",2026-06-26 00:00:00,0.0,Yes
162987-1,"Walker, Carol T.",2026-06-26 00:00:00,0.0,Yes
163011-1,"Cook, William W.",2026-06-27 00:00:00,0.0,Yes
163013-1,"Cook, William W.",2026-06-27 00:00:00,0.0,Yes
163046-1,"Evans, Jacob K.",2026-06-27 00:00:00,0.0,Yes
163078-1,"Adams, Debra K.",2026-06-28 00:00:00,0.0,Yes
163089-1,"Flores, Kenneth L.",2026-06-28 00:00:00,0.0,Yes
163112-1,"Flores, Nancy S.",2026-06-29 00:00:00,0.0,Yes
163175-1,"Gomez, Joyce W.",2026-06-29 00:00:00,0.0,Yes
163179-1,"White, Dennis J.",2026-06-29 00:00:00,0.0,No
163225-1,"Hughes, Donna M.",2026-06-29 00:00:00,0.0,Yes
163226-1,"Wood, Betty V.",2026-06-29 00:00:00,0.0,Yes
163227-1,"Wood, Betty V.",2026-06-29 00:00:00,0.0,Yes
163270-1,"Morris, Benjamin H.",2026-06-30 00:00:00,0.0,Yes
163290-1,"Diaz, Michael P.",2026-06-30 00:00:00,0.0,Yes
163291-1,"Anderson, Matthew H.",2026-06-30 00:00:00,0.0,Yes
163309-1,"Torres, Laura D.",2026-06-30 00:00:00,0.0,No
163351-1,"Jackson, Sharon W.",2026-06-30 00:00:00,0.0,Yes
163400-1,"Morgan, Jessica N.",2026-07-01 00:00:00,0.0,Yes
163401-1,"Morgan, Jessica N.",2026-07-01 00:00:00,0.0,Yes
163426-1,"Morales, Douglas C.",2026-07-01 00:00:00,0.0,Yes
163468-1,"Lopez, Joan Y.",2026-07-01 00:00:00,0.0,Yes
163516-1,"Diaz, Walter V.",2026-07-01 00:00:00,0.0,Yes
163535-1,"Cook, William W.",2026-07-02 00:00:00,0.0,Yes
163577-1,"Hall, John H.",2026-07-02 00:00:00,0.0,No
163585-1,"Campbell, Steven J.",2026-07-02 00:00:00,0.0,No
163589-1,"Peterson, Donald J.",2026-07-02 00:00:00,0.0,Yes
163605-1,"Johnson, Brandon N.",2026-07-02 00:00:00,0.0,Yes
163633-1,"Jackson, Sharon W.",2026-07-02 00:00:00,0.0,Yes
163664-1,"Bailey, Kyle S.",2026-07-03 00:00:00,0.0,No
163764-1,"Wood, Betty V.",2026-07-04 00:00:00,0.0,Yes
163772-1,"Bailey, Kyle S.",2026-07-05 00:00:00,0.0,Yes
163773-1,"Bailey, Kyle S.",2026-07-05 00:00:00,0.0,Yes
163774-1,"Bailey, Kyle S.",2026-07-05 00:00:00,0.0,Yes
163775-1,"Bailey, Kyle S.",2026-07-05 00:00:00,0.0,Yes
163779-1,"Campbell, Steven J.",2026-07-05 00:00:00,0.0,Yes
163781-1,"Mendoza, Stephanie B.",2026-07-05 00:00:00,0.0,Yes
163830-1,"Nelson, Jason B.",2026-07-06 00:00:00,0.0,Yes
163831-1,"Nelson, Jason B.",2026-07-06 00:00:00,0.0,Yes
164046-1,"Nguyen, Sharon A.",2026-07-07 00:00:00,0.0,No
164173-1,"Cooper, Jose H.",2026-07-08 00:00:00,0.0,Yes
164208-1,"Campbell, Steven J.",2026-07-09 00:00:00,0.0,Yes
164406-1,"Johnson, Brandon N.",2026-07-10 00:00:00,0.0,No
164488-1,"Wilson, Megan V.",2026-07-11 00:00:00,0.0,Yes
164669-1,"Bailey, Kyle S.",2026-07-13 00:00:00,0.0,Yes
164670-1,"Wilson, Donna P.",2026-07-13 00:00:00,0.0,No
164671-1,"Bailey, Kyle S.",2026-07-13 00:00:00,0.0,Yes
164672-1,"Bailey, Kyle S.",2026-07-13 00:00:00,0.0,Yes
164675-1,"Bailey, Kyle S.",2026-07-13 00:00:00,0.0,Yes
164724-1,"Jackson, Patricia U.",2026-07-13 00:00:00,0.0,Yes
164749-1,"Wood, Betty V.",2026-07-14 00:00:00,0.0,Yes
164980-1,"Baker, Cynthia Y.",2026-07-15 00:00:00,0.0,Yes
164994-1,"Mendoza, Stephanie B.",2026-07-15 00:00:00,0.0,Yes
165041-1,"Cooper, Jose H.",2026-07-15 00:00:00,0.0,Yes
165347-1,"Hughes, Donna M.",2026-07-17 00:00:00,0.0,Yes
165375-1,"Hughes, Donna M.",2026-07-18 00:00:00,0.0,Yes
165377-1,"Carter, David M.",2026-07-18 00:00:00,0.0,Yes
165390-1,"Evans, Jacob K.",2026-07-18 00:00:00,0.0,Yes
165413-1,"Peterson, Donald J.",2026-07-19 00:00:00,0.0,Yes
165418-1,"Gutierrez, Emma R.",2026-07-19 00:00:00,0.0,Yes
165420-1,"Baker, Pamela B.",2026-07-19 00:00:00,0.0,Yes
148821-1,"Diaz, Walter V.",2026-01-26 00:00:00,0.0,Yes
150438-1,"Mitchell, Kevin H.",2026-02-13 00:00:00,0.0,Yes
150621-1,"Brooks, Kathleen D.",2026-02-16 00:00:00,0.0,Yes
150636-1,"Murphy, Michael B.",2026-02-16 00:00:00,0.0,No
150656-1,"Taylor, Susan Q.",2026-02-16 00:00:00,0.0,Yes
151076-1,"Gonzalez, Barbara V.",2026-02-22 00:00:00,0.0,Yes
151388-1,Business Tenant 11,2026-02-25 00:00:00,0.0,Yes
151487-1,"Gutierrez, Anna M.",2026-02-26 00:00:00,0.0,No
151517-1,"Wood, Betty V.",2026-02-26 00:00:00,0.0,Yes
99558-1,"Lewis, Kimberly M.",2022-09-20 00:00:00,0.0,Yes
104179-1,"Baker, Cynthia Y.",2023-02-28 00:00:00,0.0,No
61619-1,"Brown, Helen G.",2019-09-21 00:00:00,0.0,Yes
61638-1,"Garcia, Ronald S.",2019-09-22 00:00:00,0.0,Yes
61660-1,Business Tenant 10,2019-09-23 00:00:00,0.0,Yes
61682-1,Business Tenant 10,2019-09-23 00:00:00,0.0,Yes
61697-1,Business Tenant 2,2019-09-23 00:00:00,0.0,No
61821-1,"Clark, Evelyn E.",2019-09-26 00:00:00,0.0,Yes
61827-1,Business Tenant 9,2019-09-26 00:00:00,0.0,Yes
61833-1,"James, Rachel N.",2019-09-26 00:00:00,0.0,Yes
61864-1,"James, Rachel N.",2019-09-27 00:00:00,0.0,Yes
61902-1,"Rivera, Shirley H.",2019-09-28 00:00:00,0.0,Yes
61903-1,"Morgan, Joseph G.",2019-09-28 00:00:00,0.0,Yes
61924-1,Business Tenant 11,2019-09-28 00:00:00,0.0,Yes
61953-1,"Gutierrez, Thomas K.",2019-09-30 00:00:00,0.0,Yes
61954-1,"Martinez, Brian A.",2019-09-30 00:00:00,0.0,No
61955-1,Business Tenant 3,2019-09-30 00:00:00,0.0,No
61994-1,"Rivera, Shirley H.",2019-09-30 00:00:00,0.0,Yes
62014-1,"Brown, Helen G.",2019-10-01 00:00:00,0.0,Yes
62027-1,Business Tenant 2,2019-10-01 00:00:00,0.0,No
62091-1,Business Tenant 9,2019-10-02 00:00:00,0.0,Yes
62104-1,Business Tenant 10,2019-10-02 00:00:00,0.0,Yes
62108-1,"Nelson, Diane T.",2019-10-02 00:00:00,0.0,Yes
62173-1,"Wilson, Donna P.",2019-10-03 00:00:00,0.0,Yes
62193-1,"Thomas, Victoria A.",2019-10-04 00:00:00,0.0,Yes
62203-1,Business Tenant 10,2019-10-04 00:00:00,0.0,Yes
62242-1,Business Tenant 9,2019-10-05 00:00:00,0.0,Yes
62305-1,Business Tenant 10,2019-10-07 00:00:00,0.0,Yes
62316-1,"Watson, Sandra G.",2019-10-07 00:00:00,0.0,Yes
62371-1,"Anderson, Matthew B.",2019-10-08 00:00:00,0.0,Yes
62398-1,"James, Rachel N.",2019-10-09 00:00:00,0.0,Yes
62400-1,Business Tenant 10,2019-10-09 00:00:00,0.0,Yes
62438-1,Business Tenant 10,2019-10-10 00:00:00,0.0,Yes
62441-1,Business Tenant 10,2019-10-10 00:00:00,0.0,Yes
62475-1,"Watson, Sandra G.",2019-10-10 00:00:00,0.0,Yes
62477-1,"Anderson, Matthew B.",2019-10-10 00:00:00,0.0,Yes
62726-1,"Chavez, Charles J.",2019-10-16 00:00:00,0.0,Yes
62728-1,"Chavez, Charles J.",2019-10-16 00:00:00,0.0,Yes
62730-1,"Campbell, Raymond C.",2019-10-16 00:00:00,0.0,Yes
62757-1,Business Tenant 9,2019-10-17 00:00:00,0.0,Yes
62786-1,"Brown, Helen G.",2019-10-18 00:00:00,0.0,No
62800-1,Business Tenant 9,2019-10-18 00:00:00,0.0,Yes
62801-1,Business Tenant 9,2019-10-18 00:00:00,0.0,Yes
62814-1,Business Tenant 9,2019-10-18 00:00:00,0.0,Yes
62850-1,"Campbell, Raymond C.",2019-10-19 00:00:00,0.0,Yes
62870-1,"Kelly, Rachel W.",2019-10-20 00:00:00,0.0,Yes
62885-1,"Garcia, Ronald S.",2019-10-20 00:00:00,0.0,Yes
62886-1,"Garcia, Ronald S.",2019-10-20 00:00:00,0.0,Yes
62887-1,"Garcia, Ronald S.",2019-10-20 00:00:00,0.0,Yes
62888-1,"Garcia, Ronald S.",2019-10-20 00:00:00,0.0,Yes
62906-1,"Martin, Emily V.",2019-10-21 00:00:00,0.0,No
62930-1,"Brown, Helen G.",2019-10-21 00:00:00,0.0,Yes
62958-1,"Thomas, Victoria A.",2019-10-22 00:00:00,0.0,Yes
62964-1,"Martin, Emily V.",2019-10-22 00:00:00,0.0,No
62966-1,"Green, Amanda M.",2019-10-22 00:00:00,0.0,No
62982-1,"Garcia, Ronald S.",2019-10-22 00:00:00,0.0,Yes
63002-1,"Reed, Maria A.",2019-10-22 00:00:00,0.0,Yes
63022-1,"Williams, Joshua V.",2019-10-23 00:00:00,0.0,No
63073-1,Business Tenant 9,2019-10-24 00:00:00,0.0,Yes
63074-1,Business Tenant 9,2019-10-24 00:00:00,0.0,Yes
63080-1,Business Tenant 3,2019-10-24 00:00:00,0.0,No
63104-1,"Wilson, Donna P.",2019-10-25 00:00:00,0.0,Yes
63109-1,Business Tenant 25,2019-10-25 00:00:00,0.0,No
63275-1,"Martin, Emily V.",2019-10-30 00:00:00,0.0,No
63276-1,"Martin, Emily V.",2019-10-30 00:00:00,0.0,No
63387-1,"Cox, Susan U.",2019-10-31 00:00:00,0.0,Yes
63465-1,"Stewart, Jacob M.",2019-11-02 00:00:00,0.0,Yes
63533-1,"Williams, Joshua V.",2019-11-04 00:00:00,0.0,No
63559-1,"Wood, Lauren P.",2019-11-04 00:00:00,0.0,No
63571-1,"Stewart, Jacob M.",2019-11-04 00:00:00,0.0,Yes
63578-1,"Stewart, Jacob M.",2019-11-05 00:00:00,0.0,Yes
63579-1,"Lewis, Shirley R.",2019-11-05 00:00:00,0.0,Yes
63580-1,"Garcia, Ronald S.",2019-11-05 00:00:00,0.0,Yes
63634-1,"Morgan, Joseph G.",2019-11-06 00:00:00,0.0,Yes
63639-1,"Martin, Emily V.",2019-11-06 00:00:00,0.0,No
63646-1,Business Tenant 1,2019-11-06 00:00:00,0.0,No
63673-1,"Scott, Nicole Y.",2019-11-06 00:00:00,0.0,Yes
63767-1,Business Tenant 36,2019-11-08 00:00:00,0.0,No
63780-1,"Scott, Nicole Y.",2019-11-08 00:00:00,0.0,Yes
63781-1,"Scott, Nicole Y.",2019-11-08 00:00:00,0.0,Yes
63947-1,"Morgan, Joseph G.",2019-11-13 00:00:00,0.0,Yes
64035-1,"Evans, Jacob D.",2019-11-15 00:00:00,0.0,No
64172-1,"Garcia, Ronald S.",2019-11-19 00:00:00,0.0,Yes
64177-1,"Garcia, Ronald S.",2019-11-20 00:00:00,0.0,No
64228-1,"Kelly, Rachel W.",2019-11-21 00:00:00,0.0,No
132129-1,"Watson, Jack L.",2025-02-19 00:00:00,0.0,Yes
133368-1,"Rogers, Evelyn Q.",2025-03-18 00:00:00,0.0,Yes
91307-1,"Lewis, Kimberly T.",2021-11-02 00:00:00,0.0,Yes
96224-1,"Johnson, Brandon G.",2022-05-18 00:00:00,0.0,Yes
96648-1,"Ortiz, Jack A.",2022-06-03 00:00:00,115.0,No
97423-1,"Miller, Pamela V.",2022-07-04 00:00:00,0.0,Yes
97456-1,"Allen, Joan T.",2022-07-05 00:00:00,0.0,Yes
97608-1,"Smith, Matthew K.",2022-07-11 00:00:00,0.0,Yes
97622-1,"Stewart, Jacob F.",2022-07-11 00:00:00,0.0,Yes
97664-1,"Kelly, Gary A.",2022-07-12 00:00:00,0.0,Yes
97681-1,"Collins, Brian L.",2022-07-13 00:00:00,0.0,Yes
97689-1,"Cooper, Diane F.",2022-07-13 00:00:00,0.0,Yes
97722-1,"Green, Amanda M.",2022-07-14 00:00:00,0.0,No
97814-1,"Kim, Christine E.",2022-07-19 00:00:00,0.0,No
97874-1,"Kim, Christine E.",2022-07-20 00:00:00,0.0,No
97890-1,"Lewis, Kimberly T.",2022-07-20 00:00:00,120.0,Yes
97910-1,"Clark, Angela G.",2022-07-21 00:00:00,0.0,Yes
97916-1,"Cabral Nunez, Stephen E.",2022-07-21 00:00:00,0.0,No
97920-1,"James, Brandon Q.",2022-07-21 00:00:00,95.0,Yes
97990-1,"Mitchell, Barbara K.",2022-07-22 00:00:00,0.0,Yes
98016-1,"Richardson, Ronald N.",2022-07-24 00:00:00,0.0,Yes
98029-1,"Roberts, Sandra J.",2022-07-24 00:00:00,0.0,Yes
98053-1,"Martin, Megan Y.",2022-07-25 00:00:00,0.0,No
98054-1,"Ramirez, Rebecca K.",2022-07-25 00:00:00,0.0,No
98096-1,"Martinez, Paul C.",2022-07-26 00:00:00,0.0,Yes
98098-1,"Edwards, Mark U.",2022-07-27 00:00:00,0.0,Yes
98129-1,"Morris, Judith B.",2022-07-27 00:00:00,0.0,Yes
98138-1,"Smith, Matthew K.",2022-07-28 00:00:00,0.0,No
98173-1,"Hernandez, Victoria L.",2022-07-29 00:00:00,0.0,No
98183-1,"Diaz, Melissa R.",2022-07-30 00:00:00,0.0,Yes
98194-1,"Richardson, Ronald N.",2022-07-31 00:00:00,0.0,Yes
98206-1,"Morris, Jeffrey D.",2022-07-31 00:00:00,0.0,Yes
98275-1,"James, Brandon Q.",2022-08-02 00:00:00,0.0,Yes
98325-1,"Thomas, Nicholas C.",2022-08-03 00:00:00,0.0,No
98417-1,"Harris, Jerry H.",2022-08-07 00:00:00,0.0,Yes
98424-1,"James, Brandon Q.",2022-08-08 00:00:00,0.0,Yes
98434-1,"Flores, Kenneth L.",2022-08-08 00:00:00,0.0,Yes
98443-1,"Cooper, Diane F.",2022-08-08 00:00:00,0.0,Yes
98444-1,"Adams, Joshua F.",2022-08-08 00:00:00,0.0,No
98508-1,"White, Kyle G.",2022-08-10 00:00:00,0.0,Yes
98556-1,"Rivera, John K.",2022-08-12 00:00:00,0.0,No
98577-1,"Mendoza, Matthew V.",2022-08-13 00:00:00,0.0,Yes
98604-1,"Flores, Kenneth L.",2022-08-15 00:00:00,0.0,Yes
98613-1,"Ortiz, Sandra C.",2022-08-15 00:00:00,0.0,Yes
98617-1,"Edwards, Mark U.",2022-08-15 00:00:00,0.0,Yes
98750-1,"Johnson, Rachel J.",2022-08-21 00:00:00,0.0,Yes
98829-1,"James, Brandon Q.",2022-08-24 00:00:00,0.0,Yes
98913-1,"Campbell, Susan W.",2022-08-28 00:00:00,0.0,Yes
98955-1,"Cruz, Christopher C.",2022-08-29 00:00:00,0.0,No
99032-1,"Johnson, Rachel J.",2022-09-01 00:00:00,0.0,No
99045-1,"Stewart, Christina P.",2022-09-01 00:00:00,0.0,Yes
99059-1,"Campbell, Susan W.",2022-09-01 00:00:00,0.0,Yes
99070-1,"Johnson, Rachel J.",2022-09-02 00:00:00,0.0,Yes
99097-1,"Cox, Steven W.",2022-09-03 00:00:00,0.0,Yes
99238-1,"Green, Amanda P.",2022-09-08 00:00:00,0.0,No
99239-1,"Wright, Tyler Q.",2022-09-08 00:00:00,0.0,No
99240-1,"Johnson, Timothy J.",2022-09-08 00:00:00,0.0,No
99241-1,"Hernandez, Victoria L.",2022-09-08 00:00:00,0.0,No
99324-1,"Edwards, Mark U.",2022-09-12 00:00:00,0.0,Yes
99352-1,"Harris, Melissa F.",2022-09-13 00:00:00,0.0,Yes
99414-1,"Martinez, Paul C.",2022-09-14 00:00:00,0.0,Yes
99472-1,"Castro Fuentes, Sharon G.",2022-09-18 00:00:00,0.0,Yes
99510-1,"Kim, Christine E.",2022-09-19 00:00:00,0.0,No
99522-1,"Evans, Jonathan F.",2022-09-19 00:00:00,0.0,Yes
99565-1,"Morris, Judith B.",2022-09-20 00:00:00,0.0,Yes
99566-1,"Morris, Judith B.",2022-09-20 00:00:00,0.0,Yes
99585-1,"Williams, Daniel V.",2022-09-21 00:00:00,0.0,Yes
99608-1,"Jones, Jacob Y.",2022-09-22 00:00:00,0.0,Yes
99621-1,"Miller, Pamela V.",2022-09-22 00:00:00,0.0,Yes
99671-1,"Taylor, Steven E.",2022-09-25 00:00:00,0.0,Yes
99688-1,Business Tenant 11,2022-09-26 00:00:00,0.0,Yes
99713-1,"Martinez, Paul C.",2022-09-26 00:00:00,0.0,Yes
99715-1,"Lopez, Henry T.",2022-09-26 00:00:00,0.0,Yes
99821-1,"Parker, Lisa C.",2022-09-29 00:00:00,0.0,No
99910-1,"Morris, Jeffrey D.",2022-10-03 00:00:00,0.0,Yes
99931-1,"Stewart, Jacob F.",2022-10-03 00:00:00,0.0,Yes
99952-1,"Lewis, Kimberly T.",2022-10-04 00:00:00,0.0,Yes
100025-1,"Cox, Steven W.",2022-10-06 00:00:00,0.0,Yes
100044-1,"Richardson, Ronald N.",2022-10-06 00:00:00,0.0,Yes
100049-1,"Perez, Adam T.",2022-10-06 00:00:00,0.0,Yes
100073-1,"Bennett, James J.",2022-10-07 00:00:00,0.0,No
100377-1,"Bennett, James J.",2022-10-19 00:00:00,0.0,No
100417-1,"Thomas, Elizabeth E.",2022-10-20 00:00:00,0.0,Yes
114261-1,"Murphy, Walter Y.",2023-12-20 00:00:00,0.0,Yes
114306-1,"Flores, Christine N.",2023-12-22 00:00:00,0.0,Yes
114354-1,"Flores, Kenneth L.",2023-12-25 00:00:00,0.0,Yes
114390-1,"Murphy, Melissa M.",2023-12-26 00:00:00,0.0,Yes
114431-1,"Nguyen, Sharon A.",2023-12-28 00:00:00,0.0,Yes
114470-1,"Miller, Carol H.",2023-12-29 00:00:00,0.0,Yes
114488-1,"Hall, Kimberly P.",2023-12-30 00:00:00,0.0,Yes
114537-1,"Collins, Gregory J.",2024-01-02 00:00:00,0.0,No
114556-1,"Clark, Brenda J.",2024-01-02 00:00:00,0.0,No
114560-1,"Jones, Jacob Y.",2024-01-02 00:00:00,0.0,Yes
114566-1,"Scott, David B.",2024-01-02 00:00:00,0.0,Yes
114568-1,"Scott, David B.",2024-01-02 00:00:00,0.0,Yes
114570-1,"Morris, Jeffrey D.",2024-01-02 00:00:00,0.0,Yes
114588-1,"Lee, Gregory U.",2024-01-03 00:00:00,0.0,Yes
114604-1,"Nelson, Anthony Y.",2024-01-03 00:00:00,0.0,No
114621-1,"Morales, Douglas L.",2024-01-03 00:00:00,0.0,Yes
114628-1,"Lewis, Kimberly T.",2024-01-03 00:00:00,0.0,Yes
114631-1,"Escobar Rios, Amy D.",2024-01-04 00:00:00,0.0,Yes
114638-1,"Ortiz, Peter N.",2024-01-04 00:00:00,0.0,Yes
114639-1,"Howard, Lauren B.",2024-01-04 00:00:00,0.0,No
114660-1,"Harris, Michael V.",2024-01-04 00:00:00,0.0,Yes
114736-1,"Gutierrez, Anna M.",2024-01-06 00:00:00,0.0,Yes
114803-1,"Harris, Michael V.",2024-01-09 00:00:00,0.0,Yes
114860-1,"Bennett, James J.",2024-01-10 00:00:00,0.0,Yes
115087-1,"Diaz, Michael P.",2024-01-15 00:00:00,0.0,Yes
115130-1,"Cabral Nunez, Stephen E.",2024-01-16 00:00:00,0.0,No
115191-1,"Harris, Michael V.",2024-01-17 00:00:00,0.0,Yes
115200-1,"Harris, Michael V.",2024-01-17 00:00:00,0.0,No
115236-1,"Harris, Michael V.",2024-01-17 00:00:00,0.0,Yes
115261-1,"Davis, Daniel T.",2024-01-18 00:00:00,0.0,No
115302-1,"Gray, Anna H.",2024-01-18 00:00:00,0.0,Yes
115311-1,"Cook, Nicholas J.",2024-01-19 00:00:00,0.0,Yes
115470-1,"Green, George D.",2024-01-23 00:00:00,0.0,Yes
115540-1,"Ortiz, Peter N.",2024-01-25 00:00:00,0.0,Yes
115560-1,"Lewis, Kimberly T.",2024-01-25 00:00:00,0.0,Yes
115693-1,"Gray, Anna H.",2024-01-30 00:00:00,0.0,No
115799-1,"Howard, Lauren B.",2024-02-01 00:00:00,0.0,Yes
115852-1,"Harris, Walter K.",2024-02-04 00:00:00,0.0,Yes
115891-1,"Wood, Ryan T.",2024-02-05 00:00:00,0.0,Yes
115947-1,"Roberts, Sandra Q.",2024-02-07 00:00:00,0.0,Yes
115987-1,"Wood, Ryan T.",2024-02-08 00:00:00,0.0,Yes
116211-1,"Ruiz, George H.",2024-02-16 00:00:00,0.0,Yes
116212-1,"Miller, Eric F.",2024-02-16 00:00:00,0.0,Yes
116213-1,"Mitchell, Barbara K.",2024-02-16 00:00:00,0.0,Yes
116214-1,"Mitchell, Sarah M.",2024-02-17 00:00:00,0.0,Yes
116216-1,"Cuevas Bermudez, Daniel H.",2024-02-17 00:00:00,0.0,Yes
116276-1,"Phillips, Frank T.",2024-02-20 00:00:00,0.0,Yes
116277-1,"Jackson, Joseph S.",2024-02-20 00:00:00,0.0,Yes
116279-1,"Smith, Ashley M.",2024-02-20 00:00:00,0.0,Yes
116280-1,"Gutierrez, Anna M.",2024-02-20 00:00:00,0.0,Yes
116600-1,"Gutierrez, Anna M.",2024-03-01 00:00:00,0.0,No
116720-1,"Perez, Benjamin V.",2024-03-05 00:00:00,0.0,Yes
116735-1,"Gray, Anna H.",2024-03-05 00:00:00,0.0,Yes
116753-1,"Gray, Anna H.",2024-03-05 00:00:00,0.0,Yes
116763-1,"Smith, Ashley M.",2024-03-06 00:00:00,0.0,Yes
117000-1,"Collins, Gregory J.",2024-03-13 00:00:00,0.0,No
117360-1,"Cox, Steven W.",2024-03-24 00:00:00,0.0,Yes
117705-1,"Smith, Stephanie P.",2024-04-03 00:00:00,0.0,Yes
117776-1,"Robinson, Aaron A.",2024-04-04 00:00:00,0.0,Yes
117777-1,"Robinson, Aaron A.",2024-04-04 00:00:00,0.0,Yes
117783-1,"Hernandez, William L.",2024-04-05 00:00:00,0.0,Yes
117785-1,"Gutierrez, Anna M.",2024-04-05 00:00:00,0.0,Yes
117814-1,"Hernandez, William L.",2024-04-05 00:00:00,0.0,Yes
117836-1,"Sanchez, Mary A.",2024-04-07 00:00:00,0.0,Yes
117878-1,"Escobar Rios, Amy D.",2024-04-08 00:00:00,0.0,Yes
117883-1,"Scott, Andrew D.",2024-04-08 00:00:00,0.0,Yes
117909-1,"Mendoza, Matthew V.",2024-04-09 00:00:00,0.0,Yes
117922-1,"Escobar Rios, Amy D.",2024-04-09 00:00:00,0.0,Yes
117967-1,"Murphy, Michael B.",2024-04-10 00:00:00,0.0,No
118008-1,"Wilson, Donna P.",2024-04-11 00:00:00,0.0,Yes
118070-1,"Chavez, Christopher N.",2024-04-12 00:00:00,0.0,Yes
118104-1,"Bennett, James J.",2024-04-13 00:00:00,0.0,Yes
118116-1,"Escobar Rios, Amy D.",2024-04-14 00:00:00,0.0,Yes
118117-1,"Escobar Rios, Amy D.",2024-04-14 00:00:00,0.0,Yes
118170-1,"Escobar Rios, Amy D.",2024-04-15 00:00:00,0.0,No
118200-1,"Gray, Anna H.",2024-04-16 00:00:00,0.0,Yes
118277-1,"Mendoza, Matthew V.",2024-04-17 00:00:00,0.0,Yes
118283-1,"Williams, Daniel V.",2024-04-17 00:00:00,0.0,Yes
118319-1,"Wright, Jennifer Q.",2024-04-18 00:00:00,0.0,Yes
118346-1,"Wright, Michelle S.",2024-04-19 00:00:00,0.0,Yes
118370-1,"Jones, Jacob Y.",2024-04-21 00:00:00,0.0,Yes
118440-1,"Clark, Brenda J.",2024-04-23 00:00:00,0.0,Yes
118594-1,"Harris, Walter K.",2024-04-28 00:00:00,0.0,Yes
118628-1,"Williams, Daniel V.",2024-04-29 00:00:00,0.0,Yes
118664-1,"Davis, Daniel T.",2024-04-29 00:00:00,0.0,Yes
118674-1,"Mendoza, Matthew V.",2024-04-29 00:00:00,0.0,Yes
118694-1,"Ramirez, Joan M.",2024-04-30 00:00:00,0.0,Yes
118738-1,"Jones, Jacob Y.",2024-05-01 00:00:00,0.0,Yes
118791-1,"Hill, Diane B.",2024-05-02 00:00:00,0.0,Yes
118792-1,"Gutierrez, Anna M.",2024-05-02 00:00:00,0.0,Yes
118909-1,"Hill, Diane B.",2024-05-06 00:00:00,0.0,Yes
118921-1,"Moore, Dorothy W.",2024-05-06 00:00:00,0.0,Yes
119111-1,"Jones, Christina K.",2024-05-12 00:00:00,0.0,Yes
63725-1,"Rivera, Shirley H.",2019-11-07 00:00:00,0.0,Yes
132502-1,"Miller, Carol R.",2025-02-25 00:00:00,0.0,No
132539-1,"Mitchell, Barbara K.",2025-02-26 00:00:00,0.0,Yes
132563-1,"Jones, Jacob Y.",2025-02-27 00:00:00,0.0,Yes
132592-1,"Jones, Jacob Y.",2025-02-27 00:00:00,0.0,Yes
132708-1,"Scott, David B.",2025-02-28 00:00:00,0.0,Yes
132735-1,"Green, Kathleen B.",2025-03-01 00:00:00,0.0,Yes
132765-1,"Hernandez, Nicholas N.",2025-03-02 00:00:00,0.0,Yes
132785-1,"Gutierrez, Anna M.",2025-03-03 00:00:00,0.0,Yes
132898-1,"Smith, Stephanie P.",2025-03-05 00:00:00,0.0,Yes
132925-1,"Turner, Carolyn S.",2025-03-06 00:00:00,0.0,No
132950-1,"Bailey, Kyle S.",2025-03-07 00:00:00,0.0,Yes
133005-1,"Kim, Kenneth J.",2025-03-09 00:00:00,0.0,Yes
133006-1,"Kim, Kenneth J.",2025-03-09 00:00:00,0.0,Yes
133014-1,"Cuevas Bermudez, Daniel H.",2025-03-10 00:00:00,0.0,Yes
133017-1,"Bailey, Kyle S.",2025-03-10 00:00:00,0.0,No
133028-1,"Nguyen, Sharon A.",2025-03-10 00:00:00,0.0,Yes
133099-1,"Jones, Jacob Y.",2025-03-11 00:00:00,0.0,Yes
133187-1,"Ruiz, Amanda K.",2025-03-13 00:00:00,0.0,No
133231-1,"Howard, Alexander D.",2025-03-14 00:00:00,0.0,Yes
133232-1,"Howard, Alexander D.",2025-03-14 00:00:00,0.0,Yes
133243-1,"Rodriguez, Christine A.",2025-03-14 00:00:00,0.0,No
133293-1,"Morgan, Patricia J.",2025-03-17 00:00:00,0.0,Yes
133309-1,"Kim, Kenneth J.",2025-03-17 00:00:00,0.0,Yes
133310-1,"Mendoza, Ashley Y.",2025-03-17 00:00:00,0.0,Yes
133394-1,"Mendoza, Matthew V.",2025-03-18 00:00:00,0.0,Yes
133488-1,"Mendoza, Ashley Y.",2025-03-20 00:00:00,0.0,Yes
133560-1,"Lee, Gregory U.",2025-03-21 00:00:00,0.0,Yes
133610-1,"Hernandez, Victoria J.",2025-03-24 00:00:00,0.0,Yes
133641-1,"Jackson, Patricia U.",2025-03-24 00:00:00,0.0,No
133646-1,"Ward, Richard L.",2025-03-24 00:00:00,0.0,Yes
133660-1,"Johnson, Rachel J.",2025-03-25 00:00:00,0.0,Yes
133666-1,"White, Dennis J.",2025-03-25 00:00:00,0.0,No
133732-1,"Morgan, Patricia J.",2025-03-26 00:00:00,0.0,No
133733-1,"Robinson, Evelyn C.",2025-03-26 00:00:00,0.0,Yes
133900-1,"Flores, Kenneth L.",2025-03-31 00:00:00,0.0,Yes
133953-1,"Smith, Stephanie P.",2025-04-01 00:00:00,0.0,Yes
133989-1,"Rogers, Angela S.",2025-04-01 00:00:00,0.0,Yes
134042-1,"Robinson, Evelyn C.",2025-04-03 00:00:00,0.0,Yes
134095-1,"Ward, Kelly J.",2025-04-03 00:00:00,0.0,Yes
134116-1,"Ramirez, Joan M.",2025-04-04 00:00:00,0.0,No
134149-1,"Gutierrez, Anna M.",2025-04-05 00:00:00,0.0,Yes
134257-1,"Martin, Donna K.",2025-04-08 00:00:00,0.0,Yes
134293-1,"Wilson, Karen T.",2025-04-09 00:00:00,0.0,No
134309-1,"Wilson, Donna P.",2025-04-10 00:00:00,0.0,Yes
134332-1,"Harris, Walter K.",2025-04-10 00:00:00,0.0,Yes
134400-1,"Kim, Kenneth J.",2025-04-13 00:00:00,0.0,Yes
134401-1,"Kim, Kenneth J.",2025-04-13 00:00:00,0.0,Yes
134428-1,"Wilson, Karen T.",2025-04-13 00:00:00,0.0,Yes
134439-1,"Wilson, Donna P.",2025-04-14 00:00:00,0.0,Yes
134490-1,"Wilson, Donna P.",2025-04-15 00:00:00,0.0,Yes
134509-1,"Flores, Kenneth L.",2025-04-15 00:00:00,0.0,Yes
134533-1,"Diaz, Michael P.",2025-04-15 00:00:00,0.0,Yes
134561-1,"Diaz, Michael P.",2025-04-16 00:00:00,0.0,Yes
134743-1,"Cabral Nunez, Stephen E.",2025-04-21 00:00:00,0.0,Yes
134824-1,"Ortiz, Jack A.",2025-04-22 00:00:00,0.0,Yes
134873-1,"Rivera, Shirley P.",2025-04-24 00:00:00,0.0,No
134900-1,"Diaz, Michael P.",2025-04-25 00:00:00,0.0,Yes
134918-1,"Martin, Donna K.",2025-04-25 00:00:00,0.0,Yes
134960-1,"Lee, Gregory U.",2025-04-26 00:00:00,0.0,Yes
134991-1,"Martin, Donna K.",2025-04-27 00:00:00,0.0,Yes
135106-1,"Thompson, Jeffrey P.",2025-04-29 00:00:00,0.0,Yes
135166-1,"Johnson, Rachel J.",2025-04-30 00:00:00,0.0,Yes
135244-1,"Ramos, Mark J.",2025-05-01 00:00:00,0.0,Yes
135251-1,"Wilson, Donna P.",2025-05-01 00:00:00,0.0,Yes
135259-1,"Clark, Brenda J.",2025-05-01 00:00:00,0.0,Yes
135269-1,"Hughes, Megan K.",2025-05-01 00:00:00,0.0,Yes
135284-1,"Robinson, Evelyn C.",2025-05-01 00:00:00,0.0,Yes
135285-1,"Robinson, Evelyn C.",2025-05-01 00:00:00,0.0,Yes
135320-1,"Bennett, Tyler L.",2025-05-02 00:00:00,0.0,Yes
135381-1,"Rivera, Nathan M.",2025-05-04 00:00:00,0.0,Yes
135391-1,"Richardson, Stephen Q.",2025-05-04 00:00:00,0.0,Yes
135392-1,"Richardson, Stephen Q.",2025-05-04 00:00:00,0.0,Yes
135394-1,"Richardson, Stephen Q.",2025-05-04 00:00:00,0.0,Yes
135404-1,"Wilson, Donna P.",2025-05-05 00:00:00,0.0,Yes
135491-1,"Nguyen, Patricia A.",2025-05-06 00:00:00,0.0,Yes
135563-1,"Harris, Walter K.",2025-05-08 00:00:00,0.0,Yes
135619-1,"Chavez, Charles Q.",2025-05-09 00:00:00,0.0,No
135705-1,"Diaz, Michael P.",2025-05-12 00:00:00,0.0,Yes
135746-1,"Mitchell, Sarah M.",2025-05-13 00:00:00,0.0,Yes
135750-1,"Morris, Judith B.",2025-05-13 00:00:00,0.0,Yes
135781-1,"Anderson, Margaret F.",2025-05-13 00:00:00,0.0,Yes
135894-1,"Ramos, Mark J.",2025-05-15 00:00:00,0.0,Yes
136044-1,"Johnson, Rachel J.",2025-05-19 00:00:00,0.0,Yes
136054-1,"Clark, Brenda J.",2025-05-19 00:00:00,0.0,Yes
136071-1,"Phillips, Nicole V.",2025-05-19 00:00:00,0.0,Yes
136079-1,"Cooper, Jose H.",2025-05-19 00:00:00,0.0,Yes
136092-1,"Roberts, Sandra Q.",2025-05-20 00:00:00,0.0,No
136135-1,"Torres, Laura D.",2025-05-21 00:00:00,0.0,Yes
136185-1,"Smith, Stephanie P.",2025-05-22 00:00:00,0.0,Yes
136302-1,"Ramos, Maria L.",2025-05-25 00:00:00,0.0,Yes
136329-1,"Moore, Dorothy W.",2025-05-26 00:00:00,0.0,Yes
136428-1,"Murphy, Michael B.",2025-05-28 00:00:00,0.0,Yes
136510-1,"Mitchell, Kevin H.",2025-05-29 00:00:00,0.0,Yes
136553-1,"Jackson, Patricia U.",2025-05-30 00:00:00,0.0,Yes
136559-1,"Robinson, Evelyn C.",2025-05-30 00:00:00,0.0,Yes
136637-1,"Johnson, Rachel J.",2025-05-31 00:00:00,0.0,Yes
136752-1,"Martin, Donna K.",2025-06-03 00:00:00,0.0,Yes
136803-1,"Gray, Anna Y.",2025-06-03 00:00:00,0.0,Yes
136819-1,"Hernandez, William L.",2025-06-04 00:00:00,0.0,Yes
136929-1,"Richardson, Ronald W.",2025-06-06 00:00:00,0.0,No
136935-1,"Kim, Kenneth J.",2025-06-06 00:00:00,0.0,Yes
136963-1,"Cruz, Charles N.",2025-06-06 00:00:00,0.0,Yes
137002-1,"Mitchell, Kevin H.",2025-06-08 00:00:00,0.0,Yes
137003-1,"Mitchell, Kevin H.",2025-06-08 00:00:00,0.0,Yes
137017-1,"Davis, Daniel T.",2025-06-09 00:00:00,0.0,No
137131-1,"Ramirez, Joan M.",2025-06-10 00:00:00,0.0,Yes
137144-1,"Richardson, Ronald W.",2025-06-11 00:00:00,0.0,No
137211-1,"Nguyen, Patricia A.",2025-06-12 00:00:00,0.0,No
137258-1,"Wilson, Karen T.",2025-06-12 00:00:00,0.0,Yes
137297-1,"Robinson, Evelyn C.",2025-06-13 00:00:00,0.0,Yes
137298-1,"Robinson, Evelyn C.",2025-06-13 00:00:00,0.0,Yes
137358-1,"Cooper, Jose H.",2025-06-16 00:00:00,0.0,Yes
137372-1,"Johnson, Timothy G.",2025-06-16 00:00:00,0.0,Yes
137433-1,"Hill, Diane R.",2025-06-16 00:00:00,0.0,Yes
137437-1,"Mendoza, Matthew V.",2025-06-17 00:00:00,0.0,Yes
137438-1,"Wilson, Donna P.",2025-06-17 00:00:00,0.0,Yes
137484-1,"Cox, Steven W.",2025-06-17 00:00:00,0.0,Yes
137499-1,Business Tenant 11,2025-06-18 00:00:00,0.0,Yes
137510-1,"Rivera, Nathan M.",2025-06-18 00:00:00,0.0,Yes
137542-1,"Rivera, Nathan M.",2025-06-19 00:00:00,0.0,Yes
137568-1,"Salinas Cortes, Katherine R.",2025-06-20 00:00:00,0.0,Yes
137570-1,"Cruz, Charles N.",2025-06-20 00:00:00,0.0,No
137575-1,"Rivera, Nathan M.",2025-06-20 00:00:00,0.0,Yes
137661-1,"Mitchell, Kevin H.",2025-06-22 00:00:00,0.0,Yes
137665-1,"Gray, Anna Y.",2025-06-22 00:00:00,0.0,Yes
137669-1,"Wilson, Karen T.",2025-06-22 00:00:00,0.0,Yes
137672-1,"Smith, Stephanie P.",2025-06-23 00:00:00,0.0,Yes
137676-1,"Robinson, Evelyn C.",2025-06-23 00:00:00,0.0,Yes
137694-1,"Mendoza, Matthew V.",2025-06-23 00:00:00,0.0,No
137697-1,"Diaz, Michael P.",2025-06-23 00:00:00,0.0,Yes
137698-1,"Flores, Kenneth L.",2025-06-23 00:00:00,0.0,Yes
137705-1,"Martin, Donna K.",2025-06-23 00:00:00,0.0,Yes
137722-1,"Mendoza, Matthew V.",2025-06-23 00:00:00,0.0,Yes
137749-1,"Mendoza, Matthew V.",2025-06-24 00:00:00,0.0,Yes
137759-1,"Rivera, Shirley P.",2025-06-24 00:00:00,0.0,No
137762-1,"Martin, Donna K.",2025-06-24 00:00:00,0.0,No
137809-1,"Diaz, Jerry T.",2025-06-24 00:00:00,0.0,Yes
137862-1,"Chavez, Charles Q.",2025-06-25 00:00:00,0.0,No
137904-1,"Robinson, Evelyn C.",2025-06-26 00:00:00,0.0,No
137999-1,"Jones, Jacob Y.",2025-06-28 00:00:00,0.0,Yes
138379-1,"Jones, Jacob Y.",2025-07-07 00:00:00,0.0,No
138416-1,"Wilson, Donna P.",2025-07-08 00:00:00,0.0,No
138460-1,"Nelson, Anthony Y.",2025-07-08 00:00:00,0.0,Yes
138478-1,"Harris, Walter K.",2025-07-09 00:00:00,0.0,Yes
138493-1,"Gray, Anna Y.",2025-07-09 00:00:00,0.0,Yes
138526-1,"Richardson, Stephen Q.",2025-07-09 00:00:00,0.0,Yes
138555-1,"Cruz, Charles N.",2025-07-10 00:00:00,0.0,Yes
138556-1,"Cruz, Charles N.",2025-07-10 00:00:00,0.0,Yes
138604-1,"White, Dennis J.",2025-07-11 00:00:00,0.0,Yes
138648-1,"Ramos, Mark J.",2025-07-12 00:00:00,0.0,Yes
138702-1,"Mendoza, Ashley Y.",2025-07-14 00:00:00,0.0,Yes
138706-1,"Smith, Stephanie P.",2025-07-14 00:00:00,0.0,Yes
138742-1,"Mendoza, Matthew V.",2025-07-14 00:00:00,0.0,Yes
138766-1,"Davis, Daniel T.",2025-07-15 00:00:00,0.0,No
138812-1,"Brown, Joyce L.",2025-07-15 00:00:00,0.0,Yes
138865-1,"Torres, Thomas H.",2025-07-16 00:00:00,0.0,Yes
138922-1,"Bennett, Tyler L.",2025-07-17 00:00:00,0.0,Yes
138943-1,"Rivera, Shirley P.",2025-07-17 00:00:00,0.0,Yes
138984-1,"Roberts, Sandra Q.",2025-07-18 00:00:00,0.0,Yes
139004-1,"Adams, Debra K.",2025-07-18 00:00:00,0.0,Yes
139077-1,"Martinez, Gregory G.",2025-07-20 00:00:00,0.0,Yes
139093-1,"Taylor, Susan Q.",2025-07-20 00:00:00,0.0,Yes
139094-1,"Taylor, Susan Q.",2025-07-20 00:00:00,0.0,Yes
139101-1,"Cruz, Charles N.",2025-07-20 00:00:00,0.0,Yes
139171-1,"Taylor, Susan Q.",2025-07-22 00:00:00,0.0,Yes
139234-1,"Gutierrez, Anna M.",2025-07-23 00:00:00,0.0,Yes
139251-1,"Murphy, Michael B.",2025-07-23 00:00:00,0.0,No
139287-1,"Adams, Debra K.",2025-07-23 00:00:00,0.0,Yes
139336-1,"Parker, Helen E.",2025-07-24 00:00:00,0.0,No
139382-1,"Rivera, Nathan M.",2025-07-25 00:00:00,0.0,Yes
139446-1,"Phillips, Nicole V.",2025-07-25 00:00:00,0.0,Yes
139568-1,"Taylor, Susan Q.",2025-07-28 00:00:00,0.0,Yes
139649-1,"Diaz, Michael P.",2025-07-29 00:00:00,0.0,Yes
139668-1,"Campbell, Larry Q.",2025-07-29 00:00:00,0.0,No
139669-1,"Hall, Kimberly F.",2025-07-29 00:00:00,0.0,No
139879-1,"Mendoza, Matthew V.",2025-08-02 00:00:00,0.0,Yes
139893-1,"Richardson, Stephen Q.",2025-08-02 00:00:00,0.0,Yes
139895-1,"Richardson, Stephen Q.",2025-08-02 00:00:00,0.0,Yes
140004-1,"Green, Kathleen R.",2025-08-04 00:00:00,0.0,No
140016-1,"Turner, Carolyn S.",2025-08-04 00:00:00,0.0,No
140037-1,"Wood, Betty V.",2025-08-04 00:00:00,0.0,Yes
140039-1,"Wood, Betty V.",2025-08-04 00:00:00,0.0,Yes
140041-1,"Wood, Betty V.",2025-08-04 00:00:00,0.0,Yes
140056-1,"Ramirez, Joan M.",2025-08-05 00:00:00,0.0,Yes
140058-1,"Young, Tyler J.",2025-08-05 00:00:00,0.0,Yes
140153-1,"Nguyen, Joseph E.",2025-08-06 00:00:00,0.0,Yes
140156-1,"Wood, Betty V.",2025-08-06 00:00:00,0.0,No
140165-1,"Reed, Mark G.",2025-08-06 00:00:00,0.0,Yes
140174-1,"Mendoza, Ashley Y.",2025-08-06 00:00:00,0.0,Yes
140202-1,"Young, Michelle E.",2025-08-07 00:00:00,0.0,No
140213-1,"Martin, Donna K.",2025-08-07 00:00:00,0.0,Yes
140284-1,"Williams, Joshua D.",2025-08-08 00:00:00,0.0,Yes
140310-1,"Wood, Betty V.",2025-08-09 00:00:00,0.0,Yes
140322-1,"Rodriguez, Kenneth G.",2025-08-09 00:00:00,0.0,Yes
140407-1,"Mendoza, Ashley Y.",2025-08-11 00:00:00,0.0,Yes
140548-1,"Martin, Donna K.",2025-08-14 00:00:00,0.0,Yes
140639-1,"Ramos, Mark J.",2025-08-16 00:00:00,0.0,Yes
140673-1,"Hill, Diane R.",2025-08-17 00:00:00,0.0,Yes
140680-1,"Reed, Mark G.",2025-08-17 00:00:00,0.0,Yes
140729-1,"Reed, Mark G.",2025-08-18 00:00:00,0.0,Yes
140730-1,"Reed, Mark G.",2025-08-18 00:00:00,0.0,Yes
140777-1,"Wright, Jennifer A.",2025-08-19 00:00:00,0.0,No
140782-1,"Howard, Ryan F.",2025-08-19 00:00:00,0.0,Yes
140948-1,"Gray, Anna Y.",2025-08-21 00:00:00,0.0,Yes
141035-1,"Watson, Jack L.",2025-08-23 00:00:00,0.0,Yes
141057-1,"Harris, Melissa F.",2025-08-23 00:00:00,0.0,No
141086-1,"Cruz, Dorothy J.",2025-08-24 00:00:00,0.0,Yes
141113-1,"Flores, Kenneth L.",2025-08-25 00:00:00,0.0,Yes
141145-1,"Diaz, Michael P.",2025-08-25 00:00:00,0.0,No
141172-1,"Bennett, James J.",2025-08-26 00:00:00,0.0,Yes
141248-1,"Smith, Stephanie P.",2025-08-27 00:00:00,0.0,Yes
141336-1,"Morris, Benjamin H.",2025-08-28 00:00:00,0.0,Yes
141422-1,"Stewart, Christina Y.",2025-08-30 00:00:00,0.0,Yes
141472-1,"Jackson, Patricia U.",2025-09-01 00:00:00,0.0,Yes
141478-1,"Diaz, Jerry T.",2025-09-01 00:00:00,0.0,Yes
141512-1,"Bennett, Tyler L.",2025-09-02 00:00:00,0.0,Yes
141513-1,"Stewart, Christina Y.",2025-09-02 00:00:00,0.0,Yes
141530-2,"Cruz, Charles N.",2025-09-02 00:00:00,0.0,No
141540-1,"Rodriguez, Kenneth G.",2025-09-02 00:00:00,0.0,Yes
141558-1,"Mendoza, Matthew V.",2025-09-02 00:00:00,0.0,No
141621-1,"Ramos, Maria L.",2025-09-03 00:00:00,0.0,No
141624-1,"Parker, Helen E.",2025-09-03 00:00:00,0.0,No
141662-1,"Clark, Aaron L.",2025-09-04 00:00:00,0.0,No
141680-1,"Jones, Christina B.",2025-09-04 00:00:00,0.0,Yes
141756-1,"Ramos, Maria L.",2025-09-06 00:00:00,0.0,Yes
141760-1,"Wood, Betty V.",2025-09-06 00:00:00,0.0,Yes
141771-1,"Cooper, Jose H.",2025-09-07 00:00:00,0.0,Yes
141800-1,"Gray, Anna Y.",2025-09-08 00:00:00,0.0,Yes
141806-1,"Gray, Anna Y.",2025-09-08 00:00:00,0.0,Yes
141830-1,"Campbell, Larry G.",2025-09-08 00:00:00,0.0,Yes
141831-1,"Campbell, Larry G.",2025-09-08 00:00:00,0.0,Yes
141841-1,"Nguyen, Joseph E.",2025-09-08 00:00:00,0.0,Yes
141853-1,"Nguyen, Joseph E.",2025-09-09 00:00:00,0.0,Yes
141858-1,"Nguyen, Joseph E.",2025-09-09 00:00:00,0.0,Yes
141901-1,"Wilson, Karen T.",2025-09-10 00:00:00,0.0,Yes
142018-1,"Jones, Jacob H.",2025-09-12 00:00:00,0.0,No
142088-1,"Bravo Serrano, Andrew P.",2025-09-14 00:00:00,0.0,Yes
142123-1,"Taylor, Larry S.",2025-09-15 00:00:00,0.0,Yes
142155-1,"Brooks, Kathleen D.",2025-09-16 00:00:00,0.0,Yes
142161-1,"Baker, Pamela B.",2025-09-16 00:00:00,0.0,Yes
142168-1,"Hernandez, William L.",2025-09-16 00:00:00,0.0,Yes
142175-1,"Brooks, Kathleen D.",2025-09-16 00:00:00,0.0,No
142201-1,"Cox, Steven W.",2025-09-17 00:00:00,0.0,Yes
142205-1,"Johnson, Gary L.",2025-09-17 00:00:00,0.0,Yes
142210-1,"Cox, Steven W.",2025-09-17 00:00:00,0.0,Yes
142223-1,"Morris, Benjamin H.",2025-09-17 00:00:00,0.0,Yes
142271-1,"Mitchell, Sarah M.",2025-09-18 00:00:00,0.0,No
142307-1,"Brooks, Kathleen D.",2025-09-19 00:00:00,0.0,Yes
142320-1,"Brooks, Kathleen D.",2025-09-19 00:00:00,0.0,Yes
142327-1,"Reed, Mark G.",2025-09-19 00:00:00,0.0,No
142344-1,"Gray, Anna Y.",2025-09-20 00:00:00,0.0,Yes
142382-1,"Cooper, Jose H.",2025-09-21 00:00:00,0.0,Yes
142418-1,"Rivera, Shirley P.",2025-09-22 00:00:00,0.0,Yes
142465-1,"Diaz, Michael P.",2025-09-22 00:00:00,0.0,Yes
142501-1,"Wood, Betty V.",2025-09-23 00:00:00,0.0,Yes
142538-1,"Cooper, Anthony K.",2025-09-23 00:00:00,0.0,Yes
142559-1,"Morgan, Sharon L.",2025-09-24 00:00:00,0.0,Yes
142616-1,"Adams, Debra K.",2025-09-25 00:00:00,0.0,Yes
142629-1,"Brooks, Kathleen D.",2025-09-25 00:00:00,0.0,Yes
142630-1,"Reyes, Kevin F.",2025-09-25 00:00:00,0.0,Yes
142633-1,"Rivera, Shirley P.",2025-09-25 00:00:00,0.0,Yes
142685-1,"Clark, Brenda J.",2025-09-26 00:00:00,0.0,Yes
142729-1,"Bravo Serrano, Andrew P.",2025-09-26 00:00:00,0.0,Yes
142801-1,"Gray, Laura B.",2025-09-29 00:00:00,0.0,Yes
142810-1,"Gray, Laura B.",2025-09-29 00:00:00,0.0,Yes
142842-1,"Lopez, Rebecca V.",2025-09-30 00:00:00,0.0,Yes
142843-1,"Lopez, Rebecca V.",2025-09-30 00:00:00,0.0,Yes
142862-1,"Howard, Alexander D.",2025-09-30 00:00:00,0.0,Yes
142867-1,"Taylor, Susan Q.",2025-09-30 00:00:00,0.0,Yes
142879-1,"Richardson, Ronald W.",2025-09-30 00:00:00,0.0,Yes
142880-1,"Richardson, Ronald W.",2025-09-30 00:00:00,0.0,Yes
142925-1,"Gray, Laura B.",2025-10-01 00:00:00,0.0,Yes
142982-1,"Clark, Aaron L.",2025-10-02 00:00:00,0.0,No
142995-1,"Stewart, Jonathan R.",2025-10-02 00:00:00,0.0,Yes
143114-1,"Chavez, Charles Q.",2025-10-05 00:00:00,0.0,Yes
143126-1,"Lee, Gregory U.",2025-10-06 00:00:00,0.0,Yes
143127-1,"Lee, Gregory U.",2025-10-06 00:00:00,0.0,Yes
143129-1,"Gray, Anna Y.",2025-10-06 00:00:00,0.0,Yes
143131-1,"Taylor, Larry S.",2025-10-06 00:00:00,0.0,Yes
143183-1,"Gray, Laura B.",2025-10-07 00:00:00,0.0,Yes
143207-1,"Salcedo Marin, Julie S.",2025-10-07 00:00:00,0.0,No
143234-1,"Cooper, Jose H.",2025-10-07 00:00:00,0.0,Yes
143235-1,"Reed, Mark G.",2025-10-07 00:00:00,0.0,Yes
143242-1,"Brooks, Kathleen D.",2025-10-08 00:00:00,0.0,Yes
143243-1,"Brooks, Kathleen D.",2025-10-08 00:00:00,0.0,Yes
143250-1,"Wilson, Donna P.",2025-10-08 00:00:00,0.0,Yes
143259-1,"Lee, Gregory U.",2025-10-08 00:00:00,0.0,No
143408-1,"Wilson, Karen T.",2025-10-12 00:00:00,0.0,Yes
143477-1,"Brooks, Kathleen D.",2025-10-13 00:00:00,0.0,Yes
143504-1,"Williams, Joshua D.",2025-10-13 00:00:00,0.0,Yes
143508-1,"Mendoza, Matthew V.",2025-10-14 00:00:00,0.0,Yes
143601-1,"Brooks, Kathleen D.",2025-10-15 00:00:00,0.0,Yes
143610-1,"Anderson, Margaret F.",2025-10-15 00:00:00,0.0,Yes
143626-1,"Lee, Gregory U.",2025-10-16 00:00:00,0.0,No
143636-1,"Brooks, Kathleen D.",2025-10-16 00:00:00,0.0,Yes
143703-1,"Salcedo Marin, Julie S.",2025-10-17 00:00:00,0.0,Yes
143747-1,"Reed, Mark G.",2025-10-18 00:00:00,0.0,Yes
143814-1,"Brooks, Kathleen D.",2025-10-20 00:00:00,0.0,Yes
143851-1,"Gomez, Linda U.",2025-10-20 00:00:00,0.0,Yes
143864-1,"Gray, Anna Y.",2025-10-21 00:00:00,0.0,No
143865-1,"Gutierrez, Laura P.",2025-10-21 00:00:00,0.0,No
143901-1,"Reed, Mark G.",2025-10-22 00:00:00,0.0,Yes
143907-1,"Bennett, James J.",2025-10-22 00:00:00,0.0,Yes
144055-1,"Hernandez, Victoria J.",2025-10-24 00:00:00,0.0,No
144087-1,"Taylor, Larry S.",2025-10-25 00:00:00,0.0,Yes
144113-1,"Brooks, Kathleen D.",2025-10-26 00:00:00,0.0,Yes
144130-1,"Ward, Kelly J.",2025-10-27 00:00:00,0.0,Yes
144153-1,"Salcedo Marin, Julie S.",2025-10-27 00:00:00,0.0,Yes
144183-1,"Stewart, Christina Y.",2025-10-27 00:00:00,0.0,Yes
144191-1,"Young, Michelle E.",2025-10-27 00:00:00,0.0,Yes
144194-1,"Watson, Sandra N.",2025-10-28 00:00:00,0.0,No
144195-1,"Wood, Betty V.",2025-10-28 00:00:00,0.0,Yes
144230-1,"Watson, Jack L.",2025-10-28 00:00:00,0.0,No
144262-1,"Campbell, Larry G.",2025-10-29 00:00:00,0.0,No
144328-1,"Johnson, Gary L.",2025-10-30 00:00:00,0.0,Yes
144346-1,"Young, Tyler J.",2025-10-30 00:00:00,0.0,Yes
144772-1,"Morgan, Sharon L.",2025-11-09 00:00:00,0.0,Yes
144787-1,"Gomez, Joyce W.",2025-11-09 00:00:00,0.0,Yes
144790-1,"Morgan, Jessica N.",2025-11-10 00:00:00,0.0,Yes
144791-1,"Morgan, Jessica N.",2025-11-10 00:00:00,0.0,Yes
144793-1,"Morgan, Jessica N.",2025-11-10 00:00:00,0.0,Yes
144794-1,"Ramos, Mark J.",2025-11-10 00:00:00,0.0,Yes
144842-1,"Ortiz, Jack A.",2025-11-11 00:00:00,0.0,Yes
144847-1,"Ortiz, Jack A.",2025-11-11 00:00:00,0.0,Yes
144855-1,"Diaz, Michael P.",2025-11-11 00:00:00,0.0,Yes
144860-1,"Gomez, Linda U.",2025-11-11 00:00:00,0.0,Yes
144866-1,"Reed, Mark G.",2025-11-11 00:00:00,0.0,Yes
144894-1,"Roberts, Edward U.",2025-11-11 00:00:00,0.0,Yes
144898-1,"Bennett, James J.",2025-11-12 00:00:00,0.0,Yes
144936-1,"Cooper, Jose H.",2025-11-12 00:00:00,0.0,Yes
145018-1,"Martinez, Gregory G.",2025-11-15 00:00:00,0.0,No
145021-1,"Howard, Ryan F.",2025-11-15 00:00:00,0.0,Yes
145038-1,"Wood, Betty V.",2025-11-15 00:00:00,0.0,Yes
145064-1,"Bennett, Tyler L.",2025-11-16 00:00:00,0.0,Yes
145081-1,"Morris, Judith B.",2025-11-17 00:00:00,0.0,Yes
145294-1,"Morgan, Jessica N.",2025-11-21 00:00:00,0.0,Yes
145373-1,"Murphy, Michael B.",2025-11-24 00:00:00,0.0,No
145415-1,"Richardson, Ronald W.",2025-11-25 00:00:00,0.0,Yes
145436-1,"Rodriguez, Kenneth G.",2025-11-25 00:00:00,0.0,Yes
145540-1,"Harris, Walter K.",2025-11-29 00:00:00,0.0,Yes
145550-1,"Brooks, Kathleen D.",2025-11-29 00:00:00,0.0,Yes
145573-1,"Martinez, Gregory G.",2025-11-30 00:00:00,0.0,Yes
145575-1,"Nguyen, Joseph E.",2025-11-30 00:00:00,0.0,Yes
145791-1,"Reyes, Kevin F.",2025-12-03 00:00:00,0.0,Yes
145812-1,"Nguyen, Joseph E.",2025-12-03 00:00:00,0.0,Yes
145842-1,"Smith, Stephanie P.",2025-12-04 00:00:00,0.0,Yes
145857-1,Business Tenant 5,2025-12-04 00:00:00,0.0,No
145877-1,"Nguyen, Joseph E.",2025-12-04 00:00:00,0.0,Yes
145878-1,"Taylor, Susan Q.",2025-12-04 00:00:00,0.0,Yes
145879-1,"Taylor, Susan Q.",2025-12-04 00:00:00,0.0,Yes
145904-1,"Wilson, Donna P.",2025-12-05 00:00:00,0.0,Yes
145909-1,"Ramos, Mark J.",2025-12-05 00:00:00,0.0,Yes
145920-1,"Robinson, Evelyn C.",2025-12-05 00:00:00,0.0,Yes
145975-1,"Wood, Betty V.",2025-12-06 00:00:00,0.0,Yes
146030-1,"Richardson, Stephen Q.",2025-12-08 00:00:00,0.0,Yes
146047-1,"Brooks, Kathleen D.",2025-12-08 00:00:00,0.0,No
146048-1,"Brooks, Kathleen D.",2025-12-08 00:00:00,0.0,No
146164-1,"Cox, Steven W.",2025-12-10 00:00:00,0.0,Yes
145023-2,"Wilson, Emily B.",2025-12-10 00:00:00,0.0,No
146234-1,"Taylor, Susan Q.",2025-12-11 00:00:00,0.0,Yes
146236-1,"Taylor, Susan Q.",2025-12-11 00:00:00,0.0,Yes
146269-1,"Richardson, Stephen Q.",2025-12-11 00:00:00,0.0,Yes
146270-1,"Richardson, Stephen Q.",2025-12-11 00:00:00,0.0,Yes
146283-1,"Diaz, Walter V.",2025-12-12 00:00:00,0.0,Yes
146384-1,"Harris, Walter K.",2025-12-15 00:00:00,0.0,Yes
146397-1,"Lopez, Rebecca V.",2025-12-15 00:00:00,0.0,Yes
146398-1,"Lopez, Rebecca V.",2025-12-15 00:00:00,0.0,Yes
146469-1,"Howard, Alexander D.",2025-12-15 00:00:00,0.0,Yes
146476-1,"White, Dennis J.",2025-12-16 00:00:00,0.0,Yes
146721-1,"Richardson, Stephen Q.",2025-12-19 00:00:00,0.0,Yes
146745-1,"Torres, Emma F.",2025-12-21 00:00:00,0.0,Yes
146954-1,"Harris, Walter K.",2025-12-27 00:00:00,0.0,Yes
147019-1,"Johnson, Brandon N.",2025-12-29 00:00:00,0.0,No
147038-1,"White, Mary L.",2025-12-29 00:00:00,0.0,Yes
147039-1,"White, Mary L.",2025-12-29 00:00:00,0.0,Yes
147098-1,"Flores, Kenneth L.",2025-12-30 00:00:00,0.0,Yes
147108-1,"Wood, Betty V.",2025-12-30 00:00:00,0.0,Yes
147182-1,"Davis, Daniel T.",2026-01-02 00:00:00,0.0,Yes
147254-1,"Bennett, James J.",2026-01-04 00:00:00,0.0,Yes
147258-1,"Wright, Jennifer A.",2026-01-04 00:00:00,0.0,Yes
147259-1,"Wright, Jennifer A.",2026-01-04 00:00:00,0.0,Yes
147260-1,"Wright, Jennifer A.",2026-01-04 00:00:00,0.0,Yes
147295-1,"Johnson, Gary L.",2026-01-05 00:00:00,0.0,Yes
147296-1,"Lopez, Rebecca V.",2026-01-05 00:00:00,0.0,Yes
147312-1,"Walker, Eric R.",2026-01-05 00:00:00,0.0,Yes
147334-1,"Diaz, Michael P.",2026-01-05 00:00:00,0.0,Yes
147383-1,"Howard, Ryan F.",2026-01-06 00:00:00,0.0,Yes
147384-1,"Howard, Ryan F.",2026-01-06 00:00:00,0.0,Yes
147385-1,"Howard, Ryan F.",2026-01-06 00:00:00,0.0,Yes
147427-1,"Davis, Daniel T.",2026-01-06 00:00:00,0.0,No
147494-1,"Davis, Daniel T.",2026-01-07 00:00:00,0.0,No
147578-1,"Salcedo Marin, Julie S.",2026-01-08 00:00:00,0.0,Yes
147583-1,"Rodriguez, Kenneth G.",2026-01-08 00:00:00,0.0,Yes
147652-1,"Taylor, Larry S.",2026-01-09 00:00:00,0.0,No
147665-1,"Morgan, Sharon L.",2026-01-09 00:00:00,0.0,Yes
147666-1,"Morgan, Sharon L.",2026-01-09 00:00:00,0.0,Yes
147694-1,"White, Mary L.",2026-01-10 00:00:00,0.0,Yes
147717-1,"Wood, Betty V.",2026-01-10 00:00:00,0.0,Yes
147723-1,"Hill, Diane R.",2026-01-11 00:00:00,0.0,Yes
147754-1,"Richardson, Stephen Q.",2026-01-11 00:00:00,0.0,Yes
147778-1,"Cooper, Jose H.",2026-01-12 00:00:00,0.0,Yes
147783-1,"Gray, Thomas V.",2026-01-12 00:00:00,0.0,Yes
147874-1,"Mitchell, Kevin H.",2026-01-13 00:00:00,0.0,Yes
147920-1,"Nguyen, Joseph E.",2026-01-13 00:00:00,0.0,Yes
147937-1,"Harris, Walter K.",2026-01-14 00:00:00,0.0,Yes
147943-1,"Ward, Kelly J.",2026-01-14 00:00:00,0.0,Yes
147967-1,"Carter, David M.",2026-01-14 00:00:00,0.0,Yes
147968-1,"Morris, Benjamin H.",2026-01-14 00:00:00,0.0,Yes
147969-1,"Morris, Benjamin H.",2026-01-14 00:00:00,0.0,Yes
148050-1,"Flores, Nancy S.",2026-01-15 00:00:00,0.0,No
148114-1,"Lopez, Rebecca V.",2026-01-16 00:00:00,0.0,Yes
148124-1,"Adams, Debra K.",2026-01-16 00:00:00,0.0,Yes
148192-1,"Diaz, Michael P.",2026-01-17 00:00:00,0.0,Yes
148212-1,"Morgan, Sharon L.",2026-01-18 00:00:00,0.0,Yes
148269-1,"Reyes, Kevin F.",2026-01-19 00:00:00,0.0,Yes
148322-1,"Baker, Pamela B.",2026-01-20 00:00:00,0.0,Yes
148330-1,"White, Dennis J.",2026-01-20 00:00:00,0.0,Yes
148471-1,"Wood, Betty V.",2026-01-21 00:00:00,0.0,Yes
148560-1,"Howard, Alexander D.",2026-01-22 00:00:00,0.0,Yes
148594-1,"Nguyen, Joseph E.",2026-01-23 00:00:00,0.0,Yes
148636-1,"Morgan, Sharon L.",2026-01-23 00:00:00,0.0,No
148713-1,"Ortiz, Peter E.",2026-01-24 00:00:00,0.0,Yes
148726-1,"Kim, Kenneth J.",2026-01-25 00:00:00,0.0,Yes
148773-1,"Lopez, Rebecca V.",2026-01-26 00:00:00,0.0,Yes
148774-1,"Lopez, Rebecca V.",2026-01-26 00:00:00,0.0,Yes
148818-1,"White, Mary L.",2026-01-26 00:00:00,0.0,Yes
148824-1,"Ramirez, Joan M.",2026-01-26 00:00:00,0.0,Yes
148880-1,"Wright, Jennifer A.",2026-01-27 00:00:00,0.0,Yes
148901-1,"Davis, Daniel T.",2026-01-27 00:00:00,0.0,Yes
148927-1,"Baker, Carol F.",2026-01-27 00:00:00,0.0,Yes
149029-1,"Smith, Stephanie P.",2026-01-28 00:00:00,0.0,Yes
149302-1,"Wood, Betty V.",2026-01-31 00:00:00,0.0,Yes
149322-1,"Taylor, Susan Q.",2026-02-01 00:00:00,0.0,Yes
149349-1,"Young, Jennifer C.",2026-02-01 00:00:00,0.0,Yes
149367-1,"Walker, Eric R.",2026-02-02 00:00:00,0.0,Yes
149388-1,"Bennett, James J.",2026-02-02 00:00:00,0.0,Yes
149395-1,"White, Mary L.",2026-02-02 00:00:00,0.0,Yes
149396-1,"White, Mary L.",2026-02-02 00:00:00,0.0,Yes
149437-1,"Wood, Betty V.",2026-02-02 00:00:00,0.0,Yes
149453-1,"Bennett, James J.",2026-02-02 00:00:00,0.0,Yes
149483-1,"Rodriguez, Kenneth G.",2026-02-03 00:00:00,0.0,Yes
149562-1,"Torres, Thomas H.",2026-02-03 00:00:00,0.0,No
149562-2,"Torres, Thomas H.",2026-02-03 00:00:00,0.0,No
149567-1,"Flores, Nancy S.",2026-02-03 00:00:00,0.0,Yes
149571-1,"Clark, Aaron L.",2026-02-03 00:00:00,0.0,No
149649-1,"Mendoza, Stephanie B.",2026-02-04 00:00:00,0.0,Yes
149693-1,"Torres, Emma F.",2026-02-04 00:00:00,0.0,Yes
149719-1,"Stewart, Jonathan R.",2026-02-05 00:00:00,0.0,Yes
149873-1,"Torres, Emma F.",2026-02-06 00:00:00,0.0,No
149890-1,"Cook, William W.",2026-02-06 00:00:00,0.0,No
149932-1,"Ramos, Mark J.",2026-02-07 00:00:00,0.0,Yes
149933-1,"Davis, Daniel T.",2026-02-07 00:00:00,0.0,No
149951-2,"Campbell, Susan N.",2026-02-07 00:00:00,0.0,No
149971-1,"Stewart, Jonathan R.",2026-02-08 00:00:00,0.0,Yes
149998-1,"Mendoza, Stephanie B.",2026-02-08 00:00:00,0.0,Yes
150000-1,"Mendoza, Stephanie B.",2026-02-08 00:00:00,0.0,Yes
150008-1,"Mendoza, Stephanie B.",2026-02-08 00:00:00,0.0,Yes
150042-1,"White, Dennis J.",2026-02-09 00:00:00,0.0,Yes
150124-1,"Young, Jennifer C.",2026-02-10 00:00:00,0.0,No
150174-1,"White, Dennis J.",2026-02-10 00:00:00,0.0,Yes
150184-1,"Young, Jennifer C.",2026-02-10 00:00:00,0.0,No
150231-1,"Young, Tyler J.",2026-02-11 00:00:00,0.0,Yes
150256-1,"Wright, Jennifer A.",2026-02-11 00:00:00,0.0,Yes
150317-1,"Morgan, Jessica N.",2026-02-12 00:00:00,0.0,Yes
150384-1,"Bailey, Kyle S.",2026-02-12 00:00:00,0.0,Yes
150546-1,"Gray, Thomas V.",2026-02-15 00:00:00,0.0,Yes
150582-1,"Hill, Diane R.",2026-02-16 00:00:00,0.0,Yes
150583-1,"Kelly, Timothy E.",2026-02-16 00:00:00,0.0,Yes
150749-1,"Mitchell, Kevin H.",2026-02-17 00:00:00,0.0,Yes
150750-1,"Campbell, Larry G.",2026-02-17 00:00:00,0.0,Yes
150871-1,"Kim, Kenneth J.",2026-02-19 00:00:00,0.0,Yes
150920-1,"Gutierrez, Anna M.",2026-02-19 00:00:00,0.0,Yes
151077-1,"Gonzalez, Barbara V.",2026-02-22 00:00:00,0.0,Yes
151132-1,"Richardson, Ronald W.",2026-02-23 00:00:00,0.0,Yes
151342-1,"Morris, Judith B.",2026-02-25 00:00:00,0.0,No
151381-1,"Mitchell, Kevin H.",2026-02-25 00:00:00,0.0,Yes
151487-2,"Gutierrez, Anna M.",2026-02-26 00:00:00,0.0,No
151487-3,"Gutierrez, Anna M.",2026-02-26 00:00:00,0.0,No
151487-4,"Gutierrez, Anna M.",2026-02-26 00:00:00,0.0,No
151487-5,"Gutierrez, Anna M.",2026-02-26 00:00:00,0.0,No
151641-1,"Ramos, Heather Q.",2026-03-01 00:00:00,0.0,Yes
151642-1,"Johnson, Gary L.",2026-03-01 00:00:00,0.0,Yes
151677-1,"Kim, Kenneth J.",2026-03-02 00:00:00,0.0,Yes
151695-1,"Ward, Richard L.",2026-03-02 00:00:00,0.0,Yes
151801-1,"Stewart, Christina Y.",2026-03-03 00:00:00,0.0,Yes
151815-1,"Ramirez, Joan M.",2026-03-03 00:00:00,0.0,Yes
151880-1,"Lopez, Joan Y.",2026-03-03 00:00:00,0.0,Yes
151916-1,"White, Mary L.",2026-03-04 00:00:00,0.0,Yes
151993-1,"Wood, Betty V.",2026-03-04 00:00:00,0.0,Yes
151994-1,"Richardson, Stephen Q.",2026-03-04 00:00:00,0.0,Yes
152049-1,"Torres, Emma F.",2026-03-05 00:00:00,0.0,No
152136-1,"Cox, Raymond A.",2026-03-06 00:00:00,0.0,Yes
136461-1,"Taylor, Susan Q.",2025-05-29 00:00:00,0.0,Yes
137408-1,"Morris, Benjamin H.",2025-06-16 00:00:00,0.0,Yes
137610-1,"Hill, Diane R.",2025-06-21 00:00:00,0.0,Yes
137656-1,"Howard, Alexander D.",2025-06-22 00:00:00,0.0,Yes
137675-1,"Robinson, Evelyn C.",2025-06-23 00:00:00,0.0,Yes
137677-1,"Richardson, Ronald W.",2025-06-23 00:00:00,0.0,No
137687-1,"Kim, Kenneth J.",2025-06-23 00:00:00,0.0,Yes
137723-1,"Collins, Brian U.",2025-06-23 00:00:00,0.0,No
137750-1,"Richardson, Ronald W.",2025-06-24 00:00:00,0.0,Yes
137817-1,"Flores, Kenneth L.",2025-06-24 00:00:00,0.0,Yes
137828-1,"Bennett, Tyler L.",2025-06-25 00:00:00,0.0,No
137863-1,"Nguyen, Sharon A.",2025-06-25 00:00:00,0.0,No
137926-1,"Gomez, Joyce W.",2025-06-27 00:00:00,0.0,Yes
138160-1,"Jones, Jacob Y.",2025-07-02 00:00:00,0.0,No
134213-1,"Smith, Stephanie P.",2025-04-07 00:00:00,0.0,Yes
134230-1,"Mitchell, Kevin H.",2025-04-07 00:00:00,0.0,Yes
134699-1,"Jones, Christina B.",2025-04-19 00:00:00,0.0,Yes
134863-1,"Martin, Donna K.",2025-04-23 00:00:00,0.0,Yes
135035-1,"Gutierrez, Anna M.",2025-04-28 00:00:00,0.0,Yes
135127-1,"Kim, Kenneth J.",2025-04-29 00:00:00,0.0,Yes
135200-1,"Mendoza, Ashley Y.",2025-04-30 00:00:00,0.0,Yes
135343-1,"Mitchell, Kevin H.",2025-05-03 00:00:00,0.0,Yes
135495-1,"Phillips, Nicole V.",2025-05-06 00:00:00,0.0,Yes
135579-1,"Mitchell, Kevin H.",2025-05-08 00:00:00,0.0,Yes
135914-1,"Diaz, Michael P.",2025-05-15 00:00:00,0.0,Yes
136093-1,"Campbell, Larry G.",2025-05-20 00:00:00,0.0,Yes
136131-1,"Richardson, Ronald W.",2025-05-21 00:00:00,0.0,Yes
136342-1,"Lee, Gregory U.",2025-05-27 00:00:00,0.0,Yes
136369-1,"Richardson, Ronald W.",2025-05-27 00:00:00,0.0,Yes
137167-1,"Morris, Benjamin H.",2025-06-11 00:00:00,0.0,No
137302-1,"Diaz, Michael P.",2025-06-13 00:00:00,0.0,Yes
137350-1,"Mitchell, Sarah M.",2025-06-15 00:00:00,0.0,Yes
137525-1,"Jackson, Patricia U.",2025-06-18 00:00:00,0.0,No
137992-1,"Ruiz, Amanda K.",2025-06-28 00:00:00,0.0,Yes
138035-1,"Hill, Diane R.",2025-06-29 00:00:00,0.0,Yes
138452-1,Business Tenant 11,2025-07-08 00:00:00,0.0,Yes
138645-1,"Cruz, Charles N.",2025-07-12 00:00:00,0.0,Yes
138672-1,"Green, Kathleen B.",2025-07-13 00:00:00,0.0,Yes
138762-1,"Roberts, Sandra Q.",2025-07-15 00:00:00,0.0,Yes
138818-1,"Nelson, Anthony Y.",2025-07-15 00:00:00,0.0,Yes
138819-1,"Lee, Gregory U.",2025-07-15 00:00:00,0.0,Yes
139117-1,"Mitchell, Barbara K.",2025-07-21 00:00:00,0.0,Yes
139129-1,"Morris, Judith B.",2025-07-21 00:00:00,0.0,Yes
139147-1,"Richardson, Stephen Q.",2025-07-21 00:00:00,0.0,Yes
139156-1,"Smith, Stephanie P.",2025-07-21 00:00:00,0.0,Yes
139172-1,"Martinez, Gregory G.",2025-07-22 00:00:00,0.0,Yes
139260-1,"King, Lauren M.",2025-07-23 00:00:00,0.0,Yes
139445-1,"Phillips, Nicole V.",2025-07-25 00:00:00,0.0,Yes
139580-1,"Morris, Judith B.",2025-07-28 00:00:00,0.0,Yes
141010-1,"Phillips, Nicole V.",2025-08-22 00:00:00,0.0,Yes
142411-1,"Wilson, Karen T.",2025-09-22 00:00:00,0.0,No
142451-1,"Gray, Laura B.",2025-09-22 00:00:00,0.0,Yes
142841-1,"Morris, Judith B.",2025-09-30 00:00:00,0.0,Yes
142945-1,"Richardson, Ronald W.",2025-10-01 00:00:00,0.0,Yes
143269-1,"Diaz, Michael P.",2025-10-08 00:00:00,0.0,Yes
143779-1,"Harris, Walter K.",2025-10-19 00:00:00,0.0,Yes
144386-1,"Morgan, Jessica N.",2025-10-31 00:00:00,0.0,No
146272-1,"Bennett, James J.",2025-12-11 00:00:00,0.0,Yes
146696-1,"White, Dennis J.",2025-12-19 00:00:00,0.0,Yes
147018-1,"Diaz, Walter V.",2025-12-29 00:00:00,0.0,Yes
148117-1,"Davis, Daniel T.",2026-01-16 00:00:00,0.0,No
153431-1,"Mitchell, Kevin H.",2026-03-21 00:00:00,0.0,Yes
163651-1,"Gonzalez, Sarah Y.",2026-07-03 00:00:00,0.0,Yes
67558-1,"Williams, Joshua V.",2020-02-24 00:00:00,0.0,Yes
67559-1,"Williams, Joshua V.",2020-02-24 00:00:00,0.0,Yes
67560-1,"Williams, Joshua V.",2020-02-24 00:00:00,0.0,Yes
16686-1,Business Tenant 5,2016-09-09 00:00:00,0.0,No
17095-1,Business Tenant 1,2016-09-26 00:00:00,0.0,No
19256-1,Business Tenant 3,2016-12-08 00:00:00,0.0,No
19961-1,Business Tenant 3,2017-01-04 00:00:00,0.0,No
20840-1,Business Tenant 5,2017-02-06 00:00:00,0.0,No
21544-1,Business Tenant 2,2017-03-03 00:00:00,0.0,No
21695-1,Business Tenant 3,2017-03-09 00:00:00,0.0,No
21776-1,Business Tenant 7,2017-03-13 00:00:00,0.0,No
22445-1,"Davis, Joshua K.",2017-04-07 00:00:00,0.0,Yes
22688-1,"Watson, Peter J.",2017-04-17 00:00:00,0.0,No
23932-1,"Robinson, Angela W.",2017-05-27 00:00:00,0.0,No
24046-1,"Cox, Susan U.",2017-06-01 00:00:00,0.0,Yes
24050-1,"Robinson, Angela W.",2017-06-01 00:00:00,0.0,Yes
25348-1,Business Tenant 1,2017-07-13 00:00:00,0.0,Yes
25488-1,"Sanchez, Kyle W.",2017-07-18 00:00:00,0.0,No
25569-1,Business Tenant 1,2017-07-20 00:00:00,0.0,Yes
26104-1,"Reed, Maria C.",2017-08-04 00:00:00,0.0,Yes
26170-1,"Reyes, Barbara B.",2017-08-06 00:00:00,0.0,Yes
26283-1,"Reyes, Barbara B.",2017-08-08 00:00:00,0.0,Yes
26337-1,"Baker, Eric V.",2017-08-10 00:00:00,0.0,No
26351-1,"Morgan, Joseph J.",2017-08-10 00:00:00,0.0,No
26542-1,Business Tenant 3,2017-08-16 00:00:00,0.0,No
26674-1,"Gray, Emma V.",2017-08-20 00:00:00,0.0,Yes
26684-1,"Miller, Pamela F.",2017-08-21 00:00:00,0.0,Yes
26688-1,"Bailey, Dennis N.",2017-08-21 00:00:00,0.0,Yes
26722-1,"Williams, Daniel Y.",2017-08-21 00:00:00,0.0,No
26771-1,"Gray, Emma V.",2017-08-22 00:00:00,0.0,No
27163-1,"Rivera, Kimberly K.",2017-09-05 00:00:00,0.0,Yes
27212-1,"Miller, Pamela F.",2017-09-06 00:00:00,0.0,No
27339-1,"Cox, Susan U.",2017-09-12 00:00:00,0.0,Yes
27352-1,"Williams, Daniel Y.",2017-09-12 00:00:00,0.0,No
27370-1,"Harris, Melissa H.",2017-09-13 00:00:00,0.0,No
27387-1,"Rivera, Kimberly K.",2017-09-14 00:00:00,0.0,Yes
27388-1,"Miller, Pamela F.",2017-09-14 00:00:00,0.0,No
27402-1,Business Tenant 3,2017-09-14 00:00:00,0.0,No
27403-1,"Reed, Maria C.",2017-09-14 00:00:00,0.0,Yes
27404-1,"Gray, Emma V.",2017-09-14 00:00:00,0.0,No
27435-1,"Kelly, Rachel A.",2017-09-16 00:00:00,0.0,No
27439-1,"Davis, Joshua K.",2017-09-16 00:00:00,0.0,Yes
27442-1,"James, Gary Q.",2017-09-16 00:00:00,0.0,Yes
27636-1,"Bailey, Dennis N.",2017-09-25 00:00:00,0.0,Yes
27639-1,"Bailey, Dennis N.",2017-09-25 00:00:00,0.0,Yes
27663-1,"Carter, Frank K.",2017-09-25 00:00:00,0.0,No
27736-1,"Jackson, Sharon Q.",2017-09-28 00:00:00,0.0,Yes
28268-1,"Ward, Douglas G.",2017-10-20 00:00:00,0.0,No
29229-1,"Wood, Lauren P.",2017-11-29 00:00:00,0.0,No
29340-1,"Reed, Maria C.",2017-12-05 00:00:00,0.0,Yes
30114-1,"Lee, Paul S.",2018-01-08 00:00:00,0.0,Yes
30217-1,"Wilson, Donna P.",2018-01-12 00:00:00,0.0,Yes
30486-1,Business Tenant 5,2018-01-22 00:00:00,0.0,No
30652-1,"Wilson, Donna P.",2018-01-29 00:00:00,0.0,Yes
30717-1,"Lee, Paul S.",2018-01-31 00:00:00,0.0,Yes
31032-1,"Brooks, Kathleen V.",2018-02-14 00:00:00,0.0,Yes
31341-1,Business Tenant 3,2018-02-23 00:00:00,0.0,No
31402-1,"Martinez, Brian C.",2018-02-26 00:00:00,0.0,No
31858-1,"Brown, Helen G.",2018-03-15 00:00:00,0.0,Yes
31859-1,Business Tenant 3,2018-03-15 00:00:00,0.0,No
32428-1,Business Tenant 3,2018-04-10 00:00:00,0.0,No
32543-1,"Reyes, Barbara B.",2018-04-13 00:00:00,0.0,Yes
32544-1,"Reyes, Barbara B.",2018-04-13 00:00:00,0.0,Yes
32827-1,Business Tenant 2,2018-04-27 00:00:00,0.0,No
32876-1,"Rogers, Aaron Q.",2018-04-30 00:00:00,0.0,Yes
32878-1,"Howard, Ryan Y.",2018-04-30 00:00:00,0.0,Yes
33005-1,"Rivera, Kimberly K.",2018-05-03 00:00:00,0.0,Yes
33033-1,"Reed, Maria A.",2018-05-03 00:00:00,0.0,Yes
33198-1,Business Tenant 8,2018-05-09 00:00:00,0.0,Yes
33259-1,"Ramirez, Henry H.",2018-05-11 00:00:00,0.0,Yes
33264-1,"Ramirez, Henry H.",2018-05-12 00:00:00,0.0,Yes
33278-1,"Hernandez, Victoria J.",2018-05-13 00:00:00,0.0,Yes
33317-1,"Rogers, Brenda N.",2018-05-14 00:00:00,0.0,No
33586-1,"Brooks, Kathleen V.",2018-05-24 00:00:00,0.0,Yes
33787-1,"Reyes, Barbara B.",2018-05-31 00:00:00,0.0,Yes
33903-1,"Rodriguez, Nancy W.",2018-06-03 00:00:00,0.0,Yes
33915-1,"Wright, Tyler N.",2018-06-04 00:00:00,0.0,No
34094-1,"Cooper, Anthony D.",2018-06-09 00:00:00,0.0,Yes
34407-1,"Cox, Susan U.",2018-06-20 00:00:00,0.0,Yes
34409-1,"Cox, Susan U.",2018-06-20 00:00:00,0.0,Yes
34733-1,"Lopez, Katherine T.",2018-07-02 00:00:00,0.0,No
35109-1,"Garcia, Stephen U.",2018-07-12 00:00:00,0.0,Yes
35129-1,Business Tenant 9,2018-07-12 00:00:00,0.0,Yes
35131-1,Business Tenant 9,2018-07-12 00:00:00,0.0,Yes
35134-1,Business Tenant 9,2018-07-12 00:00:00,0.0,Yes
35136-1,Business Tenant 9,2018-07-12 00:00:00,0.0,Yes
35138-1,Business Tenant 9,2018-07-12 00:00:00,0.0,Yes
35149-1,Business Tenant 9,2018-07-12 00:00:00,0.0,Yes
35152-1,Business Tenant 9,2018-07-12 00:00:00,0.0,Yes
35158-1,Business Tenant 9,2018-07-12 00:00:00,0.0,Yes
35307-1,"Garcia, Stephen U.",2018-07-17 00:00:00,0.0,Yes
35329-1,Business Tenant 9,2018-07-17 00:00:00,0.0,Yes
35418-1,"Roberts, Sandra Q.",2018-07-19 00:00:00,0.0,No
35859-1,Business Tenant 9,2018-07-30 00:00:00,0.0,Yes
35933-1,"Miller, Cynthia D.",2018-07-31 00:00:00,0.0,No
36115-1,Business Tenant 9,2018-08-05 00:00:00,0.0,Yes
36121-1,Business Tenant 9,2018-08-05 00:00:00,0.0,Yes
37275-1,"Phillips, David R.",2018-08-31 00:00:00,0.0,Yes
37415-1,Business Tenant 5,2018-09-05 00:00:00,0.0,Yes
37473-1,"Martinez, Gregory A.",2018-09-06 00:00:00,0.0,Yes
37832-1,"Rogers, Brenda N.",2018-09-17 00:00:00,0.0,Yes
37834-1,"Harris, Michael F.",2018-09-17 00:00:00,0.0,Yes
37940-1,"Ramos, Heather J.",2018-09-19 00:00:00,0.0,Yes
37990-1,"Brooks, Kathleen V.",2018-09-20 00:00:00,0.0,Yes
38122-1,"Campbell, Raymond C.",2018-09-24 00:00:00,0.0,Yes
38206-1,"Lopez, Katherine T.",2018-09-26 00:00:00,0.0,Yes
38338-1,Business Tenant 10,2018-10-01 00:00:00,0.0,Yes
38425-1,Business Tenant 10,2018-10-03 00:00:00,0.0,Yes
38441-1,"Rogers, Brenda N.",2018-10-03 00:00:00,0.0,Yes
38510-1,"Cooper, Anthony D.",2018-10-05 00:00:00,0.0,Yes
38605-1,"Ramirez, Katherine H.",2018-10-08 00:00:00,0.0,No
38663-1,Business Tenant 10,2018-10-10 00:00:00,0.0,Yes
38664-1,Business Tenant 10,2018-10-10 00:00:00,0.0,Yes
38772-1,"Ramirez, Katherine H.",2018-10-14 00:00:00,0.0,Yes
38773-1,"Ramirez, Katherine H.",2018-10-14 00:00:00,0.0,Yes
38775-1,"Mitchell, Kevin H.",2018-10-14 00:00:00,0.0,Yes
38776-1,"Mitchell, Kevin H.",2018-10-14 00:00:00,0.0,Yes
38777-1,"Mitchell, Kevin H.",2018-10-14 00:00:00,0.0,Yes
38780-1,"Ramirez, Katherine H.",2018-10-14 00:00:00,0.0,Yes
38782-1,"Moore, Charles U.",2018-10-14 00:00:00,0.0,No
38824-1,Business Tenant 37,2018-10-15 00:00:00,0.0,No
38843-1,"Campbell, Raymond C.",2018-10-16 00:00:00,0.0,Yes
38857-1,Business Tenant 2,2018-10-16 00:00:00,0.0,No
38893-1,Business Tenant 10,2018-10-16 00:00:00,0.0,Yes
39014-1,Business Tenant 10,2018-10-21 00:00:00,0.0,Yes
39020-1,"Wright, Tyler N.",2018-10-21 00:00:00,0.0,Yes
39035-1,"Williams, Joshua V.",2018-10-22 00:00:00,0.0,No
39050-1,"Ortiz, Jack C.",2018-10-22 00:00:00,0.0,Yes
39051-1,"Ortiz, Jack C.",2018-10-22 00:00:00,0.0,Yes
39128-1,"Cooper, Anthony D.",2018-10-25 00:00:00,0.0,Yes
39154-1,Business Tenant 9,2018-10-25 00:00:00,0.0,Yes
39210-1,"Martinez, Gregory A.",2018-10-28 00:00:00,0.0,Yes
39219-1,Business Tenant 10,2018-10-28 00:00:00,0.0,Yes
39224-1,Business Tenant 9,2018-10-29 00:00:00,0.0,Yes
39225-1,Business Tenant 9,2018-10-29 00:00:00,0.0,Yes
39524-1,"Scott, Nicole Y.",2018-11-06 00:00:00,0.0,Yes
39666-1,"Harris, Michael F.",2018-11-10 00:00:00,0.0,Yes
39678-1,Business Tenant 10,2018-11-11 00:00:00,0.0,No
39895-1,"Martinez, Gregory A.",2018-11-16 00:00:00,0.0,Yes
29489-1,"Wilson, Donna P.",2017-12-12 00:00:00,0.0,Yes
33041-1,"Clark, Evelyn G.",2018-05-03 00:00:00,0.0,No
16880-1,"Kim, Christine E.",2016-09-18 00:00:00,0.0,No
16900-1,Business Tenant 5,2016-09-19 00:00:00,0.0,No
16920-1,"Kim, Christine E.",2016-09-19 00:00:00,0.0,No
16921-1,"Kim, Christine E.",2016-09-19 00:00:00,0.0,No
17009-1,Business Tenant 5,2016-09-23 00:00:00,0.0,No
17049-1,"Nelson, Diane V.",2016-09-25 00:00:00,0.0,No
17074-1,Business Tenant 7,2016-09-26 00:00:00,0.0,No
17089-1,Business Tenant 8,2016-09-26 00:00:00,0.0,No
17090-1,Business Tenant 8,2016-09-26 00:00:00,0.0,No
17091-1,Business Tenant 8,2016-09-26 00:00:00,0.0,No
17092-1,Business Tenant 8,2016-09-26 00:00:00,0.0,No
17093-1,Business Tenant 1,2016-09-26 00:00:00,0.0,No
17094-1,Business Tenant 1,2016-09-26 00:00:00,0.0,No
17096-1,"Walker, Carol M.",2016-09-26 00:00:00,0.0,No
17107-1,Business Tenant 3,2016-09-27 00:00:00,0.0,No
17164-1,Business Tenant 2,2016-09-28 00:00:00,0.0,No
17189-1,Business Tenant 3,2016-09-29 00:00:00,0.0,No
17192-1,"Collins, Gregory L.",2016-09-29 00:00:00,0.0,No
17292-1,Business Tenant 3,2016-10-03 00:00:00,0.0,No
17293-1,Business Tenant 3,2016-10-03 00:00:00,0.0,No
17295-1,"Kim, Christine E.",2016-10-03 00:00:00,0.0,No
17310-1,"Cox, Susan U.",2016-10-04 00:00:00,0.0,Yes
17347-1,"Kim, Christine E.",2016-10-05 00:00:00,0.0,No
17362-1,Business Tenant 3,2016-10-06 00:00:00,0.0,No
17363-1,"Brown, Helen G.",2016-10-06 00:00:00,0.0,No
17375-1,Business Tenant 11,2016-10-06 00:00:00,0.0,No
17399-1,Business Tenant 3,2016-10-07 00:00:00,0.0,No
17407-1,"Bennett, Jennifer G.",2016-10-07 00:00:00,0.0,No
17549-1,"Anderson, Ashley D.",2016-10-13 00:00:00,0.0,No
17654-1,Business Tenant 1,2016-10-16 00:00:00,0.0,No
17655-1,"Martin, Karen Y.",2016-10-16 00:00:00,0.0,No
17664-1,Business Tenant 3,2016-10-17 00:00:00,0.0,No
17675-1,Business Tenant 3,2016-10-17 00:00:00,0.0,No
17685-1,Business Tenant 7,2016-10-17 00:00:00,0.0,No
17694-1,"Kim, Christine E.",2016-10-17 00:00:00,0.0,No
17727-1,Business Tenant 3,2016-10-18 00:00:00,0.0,No
17794-1,Business Tenant 7,2016-10-20 00:00:00,0.0,No
17795-1,Business Tenant 11,2016-10-20 00:00:00,0.0,No
17810-1,Business Tenant 5,2016-10-21 00:00:00,0.0,No
17814-1,Business Tenant 3,2016-10-21 00:00:00,0.0,No
17897-1,Business Tenant 6,2016-10-23 00:00:00,0.0,No
18044-1,"Scott, Nicole B.",2016-10-28 00:00:00,0.0,No
18055-1,"Anderson, Ashley D.",2016-10-28 00:00:00,0.0,No
18060-1,Business Tenant 4,2016-10-28 00:00:00,0.0,No
18258-1,"Clark, Evelyn G.",2016-11-02 00:00:00,0.0,No
18259-1,Business Tenant 4,2016-11-02 00:00:00,0.0,No
18579-1,Business Tenant 3,2016-11-14 00:00:00,0.0,No
18587-1,"Kim, Christine E.",2016-11-14 00:00:00,0.0,No
18833-1,"Nelson, Diane V.",2016-11-22 00:00:00,0.0,No
18893-1,Business Tenant 3,2016-11-27 00:00:00,0.0,No
18894-1,"Kim, Christine E.",2016-11-27 00:00:00,0.0,No
18929-1,"Morales, Carolyn W.",2016-11-28 00:00:00,0.0,No
18951-1,"Torres, Anna D.",2016-11-29 00:00:00,0.0,No
18989-1,Business Tenant 5,2016-11-30 00:00:00,0.0,No
18995-1,"Bennett, Jennifer G.",2016-11-30 00:00:00,0.0,No
19133-1,Business Tenant 3,2016-12-05 00:00:00,0.0,No
19151-1,"Cox, Susan U.",2016-12-05 00:00:00,0.0,No
19168-1,"Parker, Linda A.",2016-12-05 00:00:00,0.0,No
19189-1,"Jackson, Sharon Q.",2016-12-06 00:00:00,0.0,No
19197-1,Business Tenant 3,2016-12-06 00:00:00,0.0,No
19222-1,Business Tenant 3,2016-12-07 00:00:00,0.0,No
19249-1,"Parker, Linda A.",2016-12-07 00:00:00,0.0,No
19277-1,Business Tenant 3,2016-12-08 00:00:00,0.0,No
19296-1,"Thompson, Benjamin M.",2016-12-09 00:00:00,0.0,No
19317-1,"Thomas, William C.",2016-12-09 00:00:00,0.0,No
19358-1,"Parker, Linda A.",2016-12-11 00:00:00,0.0,No
19454-1,"Parker, Linda A.",2016-12-14 00:00:00,0.0,No
19469-1,"Jackson, Sharon Q.",2016-12-14 00:00:00,0.0,No
19512-1,"Wood, Lauren R.",2016-12-15 00:00:00,0.0,No
19532-1,"Brown, Helen J.",2016-12-16 00:00:00,0.0,No
19646-1,Business Tenant 3,2016-12-20 00:00:00,0.0,No
19817-1,Business Tenant 3,2016-12-28 00:00:00,0.0,No
20392-1,"Torres, Anna D.",2017-01-19 00:00:00,0.0,No
20482-1,Business Tenant 6,2017-01-23 00:00:00,0.0,No
20539-1,Business Tenant 3,2017-01-24 00:00:00,0.0,No
20607-1,"Brown, Helen J.",2017-01-27 00:00:00,0.0,No
20648-1,Business Tenant 3,2017-01-28 00:00:00,0.0,No
20665-1,"Richardson, Julie L.",2017-01-30 00:00:00,0.0,No
20739-1,"Clark, Evelyn G.",2017-02-01 00:00:00,0.0,No
20838-1,"Salinas Cortes, Katherine R.",2017-02-06 00:00:00,0.0,No
20901-1,Business Tenant 5,2017-02-07 00:00:00,0.0,No
20902-1,Business Tenant 3,2017-02-07 00:00:00,0.0,No
20911-1,Business Tenant 5,2017-02-08 00:00:00,0.0,No
20976-1,Business Tenant 7,2017-02-10 00:00:00,0.0,No
21016-1,Business Tenant 7,2017-02-11 00:00:00,0.0,No
21035-1,"Richardson, Donald N.",2017-02-13 00:00:00,0.0,No
21068-1,Business Tenant 3,2017-02-13 00:00:00,0.0,No
21080-1,"Salinas Cortes, Katherine R.",2017-02-14 00:00:00,0.0,No
21140-1,"Brown, Helen J.",2017-02-16 00:00:00,0.0,No
21142-1,"Salinas Cortes, Katherine R.",2017-02-16 00:00:00,0.0,No
21162-1,Business Tenant 3,2017-02-16 00:00:00,0.0,No
21257-1,"Walker, Cynthia P.",2017-02-21 00:00:00,0.0,No
21301-1,Business Tenant 5,2017-02-22 00:00:00,0.0,No
21335-1,"Clark, Evelyn G.",2017-02-24 00:00:00,0.0,No
21379-1,"Turner, Richard Q.",2017-02-26 00:00:00,0.0,No
21512-1,"Morales, Carolyn W.",2017-03-02 00:00:00,0.0,No
21515-1,"Hughes, Emily F.",2017-03-02 00:00:00,0.0,No
21532-1,"Turner, Richard Q.",2017-03-03 00:00:00,0.0,No
21543-1,Business Tenant 2,2017-03-03 00:00:00,0.0,No
21769-1,Business Tenant 6,2017-03-12 00:00:00,0.0,No
21782-1,"Anderson, Ashley D.",2017-03-13 00:00:00,0.0,No
21864-1,"Turner, Richard Q.",2017-03-16 00:00:00,0.0,No
21928-1,"Richardson, Donald N.",2017-03-19 00:00:00,0.0,No
21935-1,Business Tenant 3,2017-03-20 00:00:00,0.0,No
21983-1,Business Tenant 5,2017-03-21 00:00:00,0.0,No
22041-1,"Jones, Jonathan V.",2017-03-23 00:00:00,0.0,No
22042-1,Business Tenant 6,2017-03-23 00:00:00,0.0,No
22079-1,"Torres, Anna D.",2017-03-25 00:00:00,0.0,No
22091-1,"Brown, Helen J.",2017-03-26 00:00:00,0.0,No
22202-1,"Thompson, Benjamin M.",2017-03-30 00:00:00,0.0,No
22248-1,"Davis, Joshua K.",2017-04-01 00:00:00,0.0,No
22281-1,"Brown, Helen J.",2017-04-02 00:00:00,0.0,No
22369-1,Business Tenant 5,2017-04-04 00:00:00,0.0,No
22442-1,"Thomas, William C.",2017-04-07 00:00:00,0.0,No
22460-1,"James, Gary Q.",2017-04-07 00:00:00,0.0,No
22487-1,Business Tenant 11,2017-04-09 00:00:00,0.0,No
22886-1,"Hughes, Emily H.",2017-04-23 00:00:00,0.0,No
22916-1,"Davis, Joshua K.",2017-04-24 00:00:00,0.0,No
22960-1,"Salinas Cortes, Katherine R.",2017-04-25 00:00:00,0.0,No
23016-1,Business Tenant 4,2017-04-27 00:00:00,0.0,No
23188-1,Business Tenant 5,2017-05-02 00:00:00,0.0,No
23189-1,Business Tenant 5,2017-05-02 00:00:00,0.0,No
23190-1,Business Tenant 5,2017-05-02 00:00:00,0.0,No
23333-1,"Robinson, Angela W.",2017-05-08 00:00:00,0.0,Yes
23334-1,"Scott, Nicole B.",2017-05-08 00:00:00,0.0,No
23372-1,"Harris, Melissa H.",2017-05-08 00:00:00,0.0,No
23409-1,"Turner, Richard Q.",2017-05-09 00:00:00,0.0,No
23497-1,"Richardson, Donald N.",2017-05-13 00:00:00,0.0,No
23535-1,"Harris, Melissa H.",2017-05-15 00:00:00,0.0,No
23648-1,"Clark, Evelyn G.",2017-05-18 00:00:00,0.0,No
23685-1,"Hughes, Emily H.",2017-05-19 00:00:00,0.0,No
23711-1,"Rivera, Kimberly K.",2017-05-20 00:00:00,0.0,No
24071-1,"Chavez, Samantha L.",2017-06-01 00:00:00,0.0,No
24199-1,"Scott, Nicole B.",2017-06-05 00:00:00,0.0,No
24222-1,Business Tenant 5,2017-06-06 00:00:00,0.0,No
24234-1,Business Tenant 1,2017-06-06 00:00:00,0.0,Yes
24310-1,"Sanchez, Kyle W.",2017-06-08 00:00:00,0.0,No
24311-1,"Diaz, Michael R.",2017-06-08 00:00:00,0.0,No
24354-1,"Allen, Rebecca B.",2017-06-10 00:00:00,0.0,No
24355-1,"Hughes, Emily F.",2017-06-10 00:00:00,0.0,No
24374-1,Business Tenant 1,2017-06-12 00:00:00,0.0,Yes
24424-1,"Parker, Linda A.",2017-06-13 00:00:00,0.0,No
24450-1,"Sanchez, Kyle W.",2017-06-13 00:00:00,0.0,No
24463-1,"Jackson, Sharon Q.",2017-06-13 00:00:00,0.0,Yes
24672-1,Business Tenant 2,2017-06-20 00:00:00,0.0,No
24688-1,"Turner, Kelly N.",2017-06-20 00:00:00,0.0,No
24725-1,"Robinson, Angela W.",2017-06-22 00:00:00,0.0,Yes
24729-1,"Parker, Linda A.",2017-06-22 00:00:00,0.0,No
25030-1,"Hall, Nathan D.",2017-07-03 00:00:00,0.0,Yes
25129-1,"Morales, Carolyn W.",2017-07-06 00:00:00,0.0,No
25130-1,"Harris, Melissa H.",2017-07-06 00:00:00,0.0,No
25131-1,"Davis, Debra P.",2017-07-06 00:00:00,0.0,No
25147-1,"Wright, Tyler N.",2017-07-07 00:00:00,0.0,No
25199-1,"Sanchez, Kyle W.",2017-07-08 00:00:00,0.0,No
25238-1,"Harris, Melissa H.",2017-07-10 00:00:00,0.0,No
25253-1,"Cox, Susan U.",2017-07-11 00:00:00,0.0,Yes
25332-1,"Smith, Matthew M.",2017-07-12 00:00:00,0.0,No
25437-1,"Baker, Eric V.",2017-07-16 00:00:00,0.0,No
25438-1,"Morris, Judith D.",2017-07-16 00:00:00,0.0,No
25439-1,"Clark, Evelyn G.",2017-07-16 00:00:00,0.0,No
25507-1,"Harris, Melissa H.",2017-07-18 00:00:00,0.0,No
25596-1,"Chavez, Samantha L.",2017-07-21 00:00:00,0.0,Yes
25621-1,"Cox, Susan U.",2017-07-22 00:00:00,0.0,Yes
25627-1,"Davis, Debra P.",2017-07-23 00:00:00,0.0,Yes
25631-1,"Chavez, Samantha L.",2017-07-23 00:00:00,0.0,No
25632-1,"Kelly, Rachel A.",2017-07-23 00:00:00,0.0,No
25636-1,"Reed, Maria C.",2017-07-24 00:00:00,0.0,Yes
25670-1,"Richardson, Julie L.",2017-07-24 00:00:00,0.0,Yes
25690-1,"Davis, Debra P.",2017-07-24 00:00:00,0.0,Yes
25793-1,Business Tenant 7,2017-07-27 00:00:00,0.0,No
25885-1,"Hughes, Emily H.",2017-07-30 00:00:00,0.0,No
25886-1,"Morales, Carolyn W.",2017-07-30 00:00:00,0.0,No
25888-1,"Moore, Charles U.",2017-07-30 00:00:00,0.0,No
25933-1,"Morris, Judith D.",2017-07-31 00:00:00,0.0,No
25983-1,"Miller, Pamela F.",2017-08-01 00:00:00,0.0,Yes
25998-1,"Moore, Charles U.",2017-08-01 00:00:00,0.0,No
26042-1,"Williams, Daniel Y.",2017-08-02 00:00:00,0.0,No
26059-1,"Parker, Linda A.",2017-08-03 00:00:00,0.0,No
26081-1,"Miller, Pamela F.",2017-08-03 00:00:00,0.0,No
26185-1,"Chavez, Samantha L.",2017-08-07 00:00:00,0.0,Yes
26221-1,"Ward, Douglas G.",2017-08-07 00:00:00,0.0,No
26282-1,"Reyes, Barbara B.",2017-08-08 00:00:00,0.0,Yes
26314-1,"Ward, Douglas G.",2017-08-09 00:00:00,0.0,No
26317-1,"Martinez, Brian A.",2017-08-09 00:00:00,0.0,No
26336-1,"Morris, Judith D.",2017-08-10 00:00:00,0.0,No
26342-1,"Howard, Betty B.",2017-08-10 00:00:00,0.0,Yes
26352-1,"Morgan, Joseph J.",2017-08-10 00:00:00,0.0,No
26413-1,"Reyes, Barbara B.",2017-08-12 00:00:00,0.0,Yes
26452-1,"Ward, Douglas G.",2017-08-14 00:00:00,0.0,No
26540-1,"Reyes, Barbara B.",2017-08-15 00:00:00,0.0,Yes
26614-1,"Cox, Susan U.",2017-08-18 00:00:00,0.0,Yes
26618-1,"Rivera, Kimberly K.",2017-08-18 00:00:00,0.0,No
26672-1,"Davis, Joshua K.",2017-08-20 00:00:00,0.0,Yes
26681-1,"Baker, Eric V.",2017-08-20 00:00:00,0.0,No
26723-1,"Williams, Daniel Y.",2017-08-21 00:00:00,0.0,No
26769-1,"Thomas, William C.",2017-08-22 00:00:00,0.0,No
26803-1,"Ward, Douglas G.",2017-08-23 00:00:00,0.0,No
26846-1,"Richardson, Donald N.",2017-08-24 00:00:00,0.0,No
26982-1,"Cook, Elizabeth U.",2017-08-29 00:00:00,0.0,No
27025-1,"Cruz, Christopher E.",2017-08-30 00:00:00,0.0,Yes
39705-1,Business Tenant 5,2018-11-12 00:00:00,0.0,No
40037-1,Business Tenant 9,2018-11-21 00:00:00,0.0,Yes
40039-1,Business Tenant 9,2018-11-21 00:00:00,0.0,Yes
40048-1,Business Tenant 9,2018-11-23 00:00:00,0.0,Yes
40049-1,Business Tenant 9,2018-11-23 00:00:00,0.0,Yes
40050-1,Business Tenant 9,2018-11-23 00:00:00,0.0,Yes
40106-1,"Campbell, Raymond C.",2018-11-25 00:00:00,0.0,Yes
40115-1,"Martinez, Gregory A.",2018-11-25 00:00:00,0.0,Yes
40167-1,"Green, George M.",2018-11-26 00:00:00,0.0,Yes
40170-1,"Green, George M.",2018-11-26 00:00:00,0.0,Yes
40216-1,"Brown, Lisa G.",2018-11-27 00:00:00,0.0,No
40229-1,Business Tenant 8,2018-11-28 00:00:00,0.0,Yes
40242-1,Business Tenant 11,2018-11-28 00:00:00,0.0,Yes
40262-1,"Ramirez, Katherine H.",2018-11-28 00:00:00,0.0,Yes
40298-1,"Kelly, Rachel W.",2018-11-29 00:00:00,0.0,Yes
40299-1,"Kelly, Rachel W.",2018-11-29 00:00:00,0.0,Yes
40313-1,Business Tenant 11,2018-11-29 00:00:00,0.0,Yes
40371-1,"Rogers, Brenda N.",2018-12-01 00:00:00,0.0,Yes
40381-1,"Williams, Joshua V.",2018-12-02 00:00:00,0.0,Yes
40436-1,Business Tenant 9,2018-12-03 00:00:00,0.0,Yes
40488-1,"Wilson, Donna P.",2018-12-04 00:00:00,0.0,Yes
40503-1,"Young, James A.",2018-12-04 00:00:00,0.0,Yes
40516-1,"Martinez, Gregory A.",2018-12-04 00:00:00,0.0,Yes
40517-1,"Martinez, Gregory A.",2018-12-04 00:00:00,0.0,Yes
40593-1,"Green, Amanda M.",2018-12-07 00:00:00,0.0,No
40606-1,Business Tenant 21,2018-12-07 00:00:00,0.0,No
40616-1,"Martinez, Gregory A.",2018-12-07 00:00:00,0.0,Yes
40620-1,"Martinez, Gregory A.",2018-12-07 00:00:00,0.0,Yes
40640-1,Business Tenant 9,2018-12-09 00:00:00,0.0,Yes
40752-1,Business Tenant 11,2018-12-12 00:00:00,0.0,No
40770-1,Business Tenant 8,2018-12-13 00:00:00,0.0,Yes
40782-1,"Martinez, Gregory A.",2018-12-13 00:00:00,0.0,Yes
40800-1,"Cox, Susan U.",2018-12-14 00:00:00,0.0,Yes
40806-1,"Kelly, Rachel W.",2018-12-14 00:00:00,0.0,Yes
40839-1,"Kelly, Rachel W.",2018-12-17 00:00:00,0.0,Yes
40862-1,Business Tenant 9,2018-12-17 00:00:00,0.0,Yes
124215-1,"Diaz, Michael P.",2024-09-05 00:00:00,0.0,Yes
124219-1,"Adams, Debra K.",2024-09-05 00:00:00,0.0,No
124495-1,"Wilson, Karen T.",2024-09-10 00:00:00,0.0,Yes
124587-1,"Jones, Jacob Y.",2024-09-12 00:00:00,0.0,Yes
124646-1,"Flores, Kenneth L.",2024-09-14 00:00:00,0.0,Yes
25492-1,"Smith, Matthew M.",2017-07-18 00:00:00,0.0,No
26477-1,"Gomez, Lisa S.",2017-08-14 00:00:00,0.0,No
24580-1,"Turner, Kelly N.",2017-06-17 00:00:00,0.0,Yes
